	sample_1	sample_2	sample_3	sample_4	sample_5	sample_6
219150	1562	1665	1676	1511	1586	1670
13666	827	826	866	748	724	756
142688	195	164	172	204	192	211
100502680	0	0	0	0	0	0
52028	77	92	73	67	50	66
246293	105	109	99	112	111	127
217207	947	1059	1016	956	945	908
67525	125	142	130	138	143	123
54638	738	827	849	840	819	710
434215	111	47	91	108	82	105
74376	2	0	5	1	0	0
108888	372	491	453	493	459	466
228592	15	27	15	12	14	9
12798	687	861	776	700	731	614
66271	392	503	469	342	384	413
66454	118	167	145	142	137	149
16590	14	5	8	6	1	12
56554	207	492	288	146	189	175
213452	949	892	870	756	797	803
19092	2	0	1	1	1	0
229898	76	40	60	48	47	66
72946	796	839	877	859	800	737
19720	864	965	946	921	851	805
433070	0	0	0	0	0	0
66212	963	970	959	902	931	937
238276	1	0	1	0	1	0
93670	0	1	0	0	0	0
73230	0	1	1	0	0	0
57390	0	2	0	0	0	0
74477	233	268	240	230	239	225
14729	7	4	15	9	4	5
66586	393	350	357	434	414	403
16410	2421	2498	2182	1569	1613	1674
224530	2	5	2	1	1	7
11648	0	0	0	1	0	0
239083	0	0	0	1	0	0
14610	0	0	0	0	0	0
100043772	105	109	74	56	80	73
626848	375	329	309	260	239	292
101055745	3	0	0	0	0	0
52055	3901	3185	3784	2791	2654	2804
18647	1919	1847	1764	1975	1919	2091
118567384	38	73	54	51	60	39
20962	0	0	1	0	0	0
72486	202	240	204	174	195	164
242286	0	0	0	0	0	0
99982	1077	1143	1165	968	998	952
27275	412	430	400	385	390	400
231050	557	555	515	584	540	602
626391	99	83	100	63	88	64
245305	251	251	193	177	174	185
235132	486	428	476	410	464	465
54201	176	163	198	180	134	144
382252	166	180	185	111	120	142
238393	0	0	1	1	0	1
11798	1947	1673	1495	1370	1424	1549
230753	3816	4061	4008	3349	3419	3363
20873	543	803	640	447	486	478
109254	0	0	0	1	0	1
70549	7	9	7	10	8	6
383619	1120	914	889	847	865	891
216971	416	487	481	527	462	465
66241	433	408	474	418	445	405
72948	7	10	7	3	3	0
21881	10343	10471	11715	12768	12074	11778
257632	228	166	183	200	150	175
66230	100	186	150	138	168	130
11651	5072	5980	5865	5690	5555	5281
19727	222	213	240	205	196	226
192156	942	850	1034	1412	1299	1250
74011	62	56	54	39	62	48
432555	729	429	584	491	550	554
64051	59	47	45	54	38	35
27274	2	1	2	1	1	2
327987	1493	1301	1223	1164	1228	1225
19165	1309	1248	1408	1523	1437	1432
71367	0	2	0	0	0	0
14419	0	1	2	0	0	0
12028	1569	1838	2007	1905	1791	1608
216616	0	0	0	0	0	0
72123	1212	1005	1139	994	940	928
210009	304	375	343	393	377	402
434223	391	313	317	204	203	196
57753	311	335	282	288	363	383
20983	0	0	0	0	0	0
13661	1	0	2	0	0	0
269682	1030	1003	940	936	979	987
22355	2	10	5	6	7	7
20716	0	0	0	0	0	0
320802	1	2	3	1	3	4
100041194	1910	1811	2080	1829	1747	1702
71131	64	64	59	60	59	65
214951	17	15	24	19	23	17
66129	780	678	683	659	630	720
16527	0	0	0	0	0	0
12262	30853	24357	29334	33753	31189	33041
319185	0	0	0	0	0	0
22227	1	1	0	0	2	0
19252	671	651	705	748	790	802
320022	1	0	0	0	0	0
68001	120	193	162	158	145	139
666331	0	0	0	1	0	0
208151	1	1	1	2	0	0
74012	4761	4637	4854	4053	4120	4166
108089	23	16	13	17	14	12
272009	0	0	0	0	0	0
50875	2251	2236	2128	1863	2079	2007
16716	0	0	0	0	0	0
66962	79	95	88	105	94	88
58520	657	669	609	540	615	566
100504491	23	15	15	13	21	16
317652	0	0	0	0	1	0
98682	1417	1771	1482	1060	1290	1254
12565	0	0	0	0	0	3
246228	0	3	3	5	2	1
320997	4	0	4	2	3	1
224860	795	784	808	707	715	729
67704	924	1156	1042	949	905	860
14065	2	1	2	2	5	6
232174	3	4	6	6	6	7
70350	3418	4263	3879	3712	4278	3723
13196	3025	3418	3377	2588	2717	2566
268752	4690	4387	4290	3852	3923	4045
213011	57	43	60	43	63	59
217666	120	140	108	120	131	108
434341	795	806	794	738	638	731
230597	94	110	122	118	121	131
320091	0	0	0	0	0	0
330188	7	8	5	4	4	4
102657	775	1224	978	551	571	507
241732	219	204	214	249	227	241
68612	1533	2292	1850	1256	1336	1166
13589	3333	3628	3304	3074	3289	3330
228026	1863	2764	2120	2342	2471	2390
211151	342	360	354	401	388	331
114128	105	130	110	187	187	166
434050	0	0	0	0	0	0
319262	237	232	249	214	236	236
74018	617	570	539	616	623	602
66404	2978	2773	3094	3043	2842	2866
56274	612	609	484	502	541	527
269966	1355	1511	1440	1323	1271	1299
75799	0	0	0	0	0	0
100038657	0	0	0	0	0	0
26367	0	0	3	0	4	0
238333	5	5	5	2	7	4
140497	4268	3606	3949	4369	4320	4534
23983	3914	4383	4547	4178	3926	3664
100502950	1	0	0	0	1	0
217154	357	322	349	301	290	294
67636	389	319	339	345	379	387
75219	138	162	160	118	130	121
320181	8	10	6	6	4	1
66496	444	491	538	511	477	426
11754	1	0	0	1	1	3
208117	397	361	349	312	337	319
66044	113	113	129	115	134	132
68259	300	283	255	183	233	211
380629	1096	846	826	719	728	782
17022	0	0	0	1	0	1
100041062	0	0	0	0	0	0
75785	1795	1004	1384	1244	1167	1416
232431	5	4	3	5	4	6
13603	83	80	77	76	78	69
67690	0	0	0	0	0	1
104099	320	341	406	436	480	477
242851	4	2	8	5	2	2
627626	0	0	0	0	0	0
224648	576	640	627	845	897	831
12983	5316	4261	5298	5837	5679	5749
57248	9	1	3	7	7	6
238405	0	0	0	1	0	0
227615	159	210	187	202	196	164
103284	309	347	348	345	319	307
224703	773	897	940	775	757	831
321019	1015	1047	1095	735	765	663
78655	1218	1317	1070	1004	1163	1228
243983	506	528	474	501	566	527
19683	0	0	0	0	2	0
72999	670	596	657	659	694	666
12334	5694	7347	6374	4796	5056	4869
78267	34	28	41	45	39	48
51813	519	541	449	417	437	450
27403	1106	1289	1334	1156	1085	1046
74359	107	100	90	82	98	93
74256	1259	1133	1081	959	992	1013
252875	287	270	260	258	276	288
78593	0	0	0	0	3	0
56360	974	948	911	908	982	992
224697	633	650	735	674	575	670
241118	0	0	0	0	0	0
70747	37	30	41	21	22	15
18595	1	1	2	3	0	2
70527	566	531	539	491	570	559
11615	0	0	9	0	0	0
102632660	2	6	4	2	0	2
235431	57	52	59	15	17	14
100503353	255	169	156	159	166	180
69129	56	77	60	66	69	50
414872	1191	1149	1093	1041	1092	1109
67197	633	614	594	561	607	555
67367	809	746	737	678	797	820
216527	820	843	883	809	826	758
227746	253	305	252	234	237	233
27398	527	639	669	613	581	566
227059	647	580	580	500	553	552
74490	0	2	1	0	0	1
18577	365	336	334	374	349	320
100043332	19	34	32	17	19	19
29861	5	18	8	6	7	4
14758	0	2	5	3	1	2
228875	937	1040	1166	1103	1046	1008
11964	12001	11178	11333	11872	12071	12309
224105	3732	3609	3302	3100	3288	3380
382073	129	135	145	131	136	113
115490131	18	15	20	34	34	32
384059	2	1	1	2	1	2
67991	946	806	917	895	897	910
319670	31	39	30	38	33	34
239647	127	192	150	121	139	98
68026	1662	2252	1680	1141	1269	1130
30841	934	941	980	906	881	885
666790	6	3	7	8	7	14
100042295	0	0	0	0	0	0
212937	3280	2384	3177	2514	2575	2646
56367	729	924	669	475	633	540
320795	4611	4484	5240	5201	4698	4862
21402	2302	2191	2127	1655	2035	1966
16834	528	566	670	650	606	567
654818	10	11	13	5	2	9
383348	0	0	1	0	0	0
58237	0	0	0	0	0	0
72821	1	0	0	0	0	1
279653	1	1	1	0	0	0
320534	1643	1929	1969	2208	2131	1971
67466	1036	1092	934	833	919	927
22409	0	0	0	0	0	0
66482	1230	1222	1128	1127	1185	1133
67706	506	514	538	477	483	484
171580	1633	1736	1743	1611	1482	1475
54194	513	413	521	568	513	614
380855	158	130	120	123	112	121
503610	1017	1057	1124	1040	1030	940
216131	1438	1663	1573	1462	1556	1425
109731	5	3	2	1	8	2
71941	192	230	189	217	205	189
17219	3424	5245	4269	3495	3529	3207
69126	611	590	429	404	509	482
226041	45	32	38	39	32	42
69481	0	0	0	0	0	0
20196	660	621	567	532	453	510
19328	1057	1035	1036	972	1124	1087
18348	0	0	0	0	0	1
18007	56	53	41	64	59	51
110789	1	4	1	3	3	4
107885	435	524	440	410	499	397
78767	139	182	153	118	127	91
12229	1847	1915	1820	1692	1724	1795
77305	1236	1346	1322	1206	1246	1277
232035	0	0	0	0	0	0
18491	1	0	0	1	0	0
434204	245	240	262	219	222	227
76974	0	0	0	0	0	0
22289	1004	989	905	850	898	947
209239	60	80	72	54	56	62
246229	336	390	326	281	295	310
11595	0	0	0	0	0	0
622307	0	1	1	0	0	0
320974	0	0	0	0	0	0
67238	197	286	262	281	294	284
67207	234	260	225	221	269	217
13383	876	901	787	737	819	800
16623	7	4	4	3	6	4
101502	1200	1178	1202	1355	1223	1297
118568335	23	42	28	30	26	20
83946	1289	1160	997	753	772	818
751864	5	2	0	1	1	0
71684	560	583	563	481	465	464
69852	0	0	0	0	0	0
56043	561	635	556	484	508	544
17350	195	279	256	238	224	223
67020	4	1	6	3	4	4
27410	2111	2195	2425	2233	2015	2114
74035	501	617	571	602	543	552
13038	306	401	363	333	327	284
107939	743	918	914	813	790	843
56809	311	360	368	334	321	307
243862	0	0	0	0	0	0
12821	0	0	0	0	0	0
77569	1	0	0	2	0	0
97484	440	452	553	519	496	461
72361	0	0	0	0	0	0
66972	274	316	341	350	338	325
70439	1989	2274	1983	1685	1916	1814
67534	390	472	410	408	379	397
15242	962	987	927	777	767	771
13593	0	0	0	0	0	0
56187	372	383	425	467	410	430
20022	582	694	673	622	587	501
216976	8	1	4	6	6	2
208748	1	0	0	0	0	0
20661	2293	2403	2411	1738	1730	1743
12909	382	421	392	402	338	366
78923	5	7	4	2	5	5
69277	220	187	207	138	140	184
57258	558	567	511	476	457	496
30056	129	177	144	158	147	158
17684	1500	1352	1736	1391	1345	1259
226169	599	721	677	686	648	657
241289	10	18	11	15	17	10
22248	659	713	816	786	719	719
242603	0	0	0	0	0	0
75772	0	0	0	0	0	0
16149	6187	2428	5033	7184	5927	7019
67914	401	456	469	493	497	442
20163	2266	2483	2478	2340	2336	2333
70604	851	726	799	827	853	812
99662	1	0	0	0	0	0
84505	1648	1695	1612	1485	1517	1509
76668	0	0	0	1	0	0
229877	2946	3065	3133	2871	3054	3013
13641	67	56	67	60	45	50
66787	532	503	546	554	488	531
63955	25	24	28	34	30	25
68051	917	1363	1318	1251	1213	1085
76375	173	211	179	200	197	208
626316	0	0	0	0	0	0
268949	0	0	0	1	0	0
218544	84	97	80	82	83	87
494124	0	0	0	0	0	0
76088	5159	5392	5357	5624	5450	5507
67956	1206	1550	1312	1265	1419	1358
27219	0	0	0	0	0	0
109637	1	2	4	3	2	1
271711	0	0	0	0	1	0
110891	1	0	0	3	0	2
63873	316	312	370	354	373	384
231151	293	283	292	296	324	325
11475	35	42	57	26	44	39
100503240	0	0	0	0	0	0
19354	5718	5397	6066	7666	7168	6956
102637806	1	0	2	0	0	0
381921	1231	1388	1397	1254	1144	1224
16772	1	0	0	0	0	1
333315	0	0	0	0	0	0
69104	1179	1272	1263	1256	1355	1256
30945	877	868	942	764	729	768
226421	6218	5685	6003	6761	6753	6697
75612	9363	9008	9539	10624	10533	10142
231858	1	0	3	0	0	0
328019	0	0	0	1	0	1
319455	3	6	1	7	7	6
68566	0	0	0	0	3	0
74407	2	3	2	3	5	2
18761	5	5	5	4	0	6
226182	195	192	183	153	150	151
18994	0	0	0	0	0	0
16561	1517	1524	1418	1444	1598	1649
26920	648	745	667	533	605	532
22364	0	0	0	0	0	0
56524	1496	1719	1518	1179	1392	1269
67223	195	269	229	196	206	206
234839	3695	4963	4713	5249	5021	4788
14359	2304	2129	2100	1748	1921	1924
218490	5296	5061	5447	4762	5110	4830
105242404	0	0	0	0	0	0
22145	908	1416	1109	1073	1007	982
66890	3867	4211	4339	4085	4174	4133
140482	328	319	392	352	333	352
78100	762	745	733	694	692	697
68106	214	279	262	247	265	242
380916	543	559	531	503	503	526
18483	185	204	200	156	169	130
17535	628	715	589	534	596	512
109900	824	909	899	959	919	873
286940	561	690	689	622	616	553
56844	387	455	414	416	369	356
225638	1	1	0	1	1	1
171286	0	1	0	0	1	0
230577	95	132	156	108	125	101
338363	235	224	208	256	243	203
105244498	2	3	2	1	3	1
245525	0	0	0	0	0	0
54131	581	578	613	562	544	533
18782	0	0	0	0	0	0
69940	1103	1208	1072	975	1002	983
22367	689	904	767	582	587	604
76571	2	1	1	1	3	4
66993	2	0	5	0	0	1
23825	1106	1443	1305	1029	1085	905
109658	1465	1541	1584	1419	1366	1452
258812	0	0	0	0	0	0
76479	845	819	785	641	839	766
56351	2307	2714	2159	1870	2180	2128
70024	480	725	570	417	387	373
67863	2301	2346	2569	2469	2336	2393
432999	56	52	67	64	56	55
229363	1097	1223	984	908	1039	942
103841	227	460	353	272	306	247
67936	321	394	378	381	369	352
76041	164	150	154	138	121	113
110213	11767	11409	13136	13117	12115	12105
70152	1030	1061	1119	985	990	963
80749	67	58	50	44	41	40
381438	459	355	261	259	245	475
118568416	46	36	34	42	33	32
19045	6715	7345	7250	6627	6473	6259
277010	796	795	854	778	702	688
234069	573	635	634	624	607	599
22376	2043	1867	2166	2005	1918	1876
68737	77	119	90	113	110	81
56190	179	223	263	234	194	188
26432	62	104	102	82	87	82
673094	20	21	16	9	11	9
21771	407	488	467	501	521	491
74776	325	380	331	314	370	296
56516	981	919	1038	938	917	937
71481	940	844	872	840	824	936
226251	4	9	6	3	5	4
77371	516	511	451	457	512	501
59014	326	427	435	445	437	416
50926	2740	2994	2656	2266	2507	2519
12371	1167	1104	1138	1284	1186	1203
66821	212	208	197	242	237	215
668310	0	1	0	1	0	1
77505	60	72	70	70	65	77
68126	124	116	130	136	161	161
666528	17	11	16	15	16	10
239743	879	706	769	577	558	549
18008	337	505	381	507	555	571
56464	291	166	245	308	262	254
107895	1200	1430	1256	1371	1370	1305
230234	284	356	320	306	324	322
13858	2914	2685	2571	2170	2344	2290
109359	1263	1228	1245	1169	1163	1153
101533	0	0	0	0	0	0
235040	249	288	307	287	267	272
24102	0	0	0	0	0	0
16523	0	1	0	0	0	1
67763	601	639	692	653	660	628
12862	11	16	11	33	44	34
66180	5	4	4	4	5	4
56790	837	903	899	786	885	909
12387	6560	7179	7192	7328	7080	6960
68475	612	738	713	581	591	545
110794	21	34	30	13	15	21
60599	1020	614	785	710	725	799
268515	169	145	199	179	107	127
12799	820	775	772	883	766	750
18193	2402	2391	2454	2092	2206	2249
108168145	1	1	1	2	1	1
14583	752	740	670	840	945	891
20317	40	21	31	48	30	54
15505	625	638	589	808	867	884
67978	3	6	4	5	4	8
20856	3	4	4	1	4	4
282619	75	59	67	63	70	73
23948	8	5	5	1	5	5
66627	265	280	260	292	260	227
12380	3130	3271	2886	2388	2507	2557
15161	2891	3386	3372	2761	2835	2726
16796	9134	9512	9828	10969	10516	10223
268807	1	0	0	1	2	3
232164	540	581	516	497	564	497
382231	0	0	0	0	0	0
101056029	67	51	24	28	28	34
574418	7	4	1	1	2	5
215900	43	17	54	116	93	123
81845	246	235	265	217	230	224
75619	276	317	282	309	311	302
64424	108	153	138	125	160	142
50887	456	629	465	263	325	256
213439	0	1	0	0	2	0
105244831	0	0	0	0	0	0
17920	15	26	14	10	37	17
381668	436	493	541	502	435	491
17069	20450	19177	21222	18721	17784	17786
231532	266	411	321	242	266	234
104418	3752	4243	4471	4443	4018	3961
11848	12135	13753	12367	11175	11634	11302
59092	275	304	329	311	287	217
76872	1	5	6	8	4	3
15199	842	701	761	912	892	877
654470	282	286	320	268	238	244
78560	4	2	2	3	3	2
67383	512	538	444	416	490	459
19663	37	32	39	57	61	67
100043125	287	278	256	291	316	304
74470	118	146	120	107	114	100
114873	1	0	0	0	0	0
22390	461	729	547	451	462	436
22759	206	182	138	89	122	125
30937	0	0	0	0	1	1
104318	3327	3365	3638	3576	3313	3471
22003	1469	1347	1429	1281	1362	1333
17868	17	10	7	15	25	27
100502698	1144	1263	1260	1138	1069	1054
58172	801	752	690	699	762	750
94217	0	0	0	0	0	0
18038	213	227	251	233	212	212
66308	249	274	290	237	245	237
66912	431	547	472	516	531	502
104303	2779	2721	2391	2177	2386	2424
98685	594	623	627	506	605	543
67784	5064	4832	5463	4829	4599	4514
66887	779	829	832	795	792	790
22184	454	397	423	391	375	361
66442	683	911	684	442	530	434
238673	684	843	617	515	571	532
18552	0	0	0	0	0	0
100039815	5	3	4	5	7	7
56294	1195	1152	1190	1023	1037	1055
106344	241	343	293	247	243	195
434179	113	70	68	58	44	76
21899	516	468	507	461	485	495
102633888	0	0	0	0	0	0
17237	2216	2454	2641	2772	2505	2552
74666	15	11	15	13	16	18
30955	3035	3220	3057	2371	2286	2328
67712	1420	1383	1248	1069	1197	1160
381801	1118	1317	1262	1351	1217	1199
100737	125	83	142	128	164	152
57875	59	76	49	73	53	68
12557	0	0	1	0	0	0
12560	1	0	0	0	1	0
16005	0	0	0	0	0	0
56529	1283	1393	1248	1202	1162	1212
53897	1	0	0	0	1	0
109075	247	261	273	315	276	257
241915	1007	883	842	845	864	876
216197	1638	1881	1795	1423	1419	1424
15559	90	174	130	153	177	159
67582	97	124	112	140	113	122
106957	1185	1335	1272	1397	1420	1302
13488	0	1	0	0	1	0
22697	360	331	332	322	313	309
12468	2851	3403	3201	3153	3171	3033
73162	445	440	451	461	450	469
68346	89	69	82	92	87	76
258268	0	0	0	0	0	0
224111	810	644	655	581	704	704
103213	209	278	298	213	222	205
69717	0	0	0	0	0	0
26380	0	0	0	0	0	0
14073	2	0	1	0	0	0
67621	0	0	0	0	0	0
12572	615	571	528	547	583	567
71889	1	0	0	0	0	0
67665	1530	1501	1452	1381	1375	1468
76282	65	58	75	67	49	47
15356	1372	1304	1532	1559	1472	1430
79456	110	167	131	99	108	79
11692	247	293	288	318	297	234
67344	0	0	0	0	0	1
76947	60	65	65	55	80	64
68188	2284	2669	2708	2647	2486	2379
245671	130	124	133	104	129	133
52120	2055	1995	2199	2847	2501	2565
328795	2	1	2	2	1	2
258955	0	0	0	0	0	0
75668	0	1	0	0	0	0
242553	0	0	0	0	0	0
72401	1	1	2	1	1	0
71957	606	701	706	643	598	634
670832	0	1	0	0	0	0
11836	1234	1174	1319	1328	1322	1280
109676	29	31	31	35	26	25
72640	3	14	7	7	6	7
67118	772	709	734	790	724	812
244579	5	0	5	7	11	7
105663	307	310	317	320	327	299
22153	46	67	59	27	45	37
11699	4	5	3	1	3	2
66397	1026	1147	1073	1025	1113	1037
230761	578	568	632	552	487	474
260302	816	890	902	893	791	847
208634	5	2	9	4	1	1
73419	381	391	383	339	380	374
71766	1447	1810	1807	1416	1422	1369
272322	5	5	6	9	8	9
22756	34	38	46	33	41	36
78825	1124	1074	1009	913	1061	950
108657	1447	1428	1719	1664	1536	1411
56299	255	232	221	240	247	229
67122	3	0	1	1	1	3
14158	490	515	471	493	473	467
233186	21	26	27	28	25	21
545938	110	109	114	95	90	90
16399	69	20	45	49	32	25
12294	0	0	0	0	0	0
235379	0	0	1	1	0	0
71746	62	54	62	66	60	67
20607	0	0	0	0	0	1
214444	540	626	587	559	597	561
18441	159	132	140	188	184	184
67886	782	756	721	654	706	692
13590	15	23	29	19	22	22
67025	7441	7584	8376	8320	7219	7181
259300	11	11	6	8	8	11
14375	447	472	420	410	460	414
329993	0	0	0	0	0	0
68073	253	243	213	259	273	251
67442	441	432	423	485	511	507
18081	3691	3239	4227	5906	5465	5117
21414	5	3	3	3	0	2
93714	3	3	11	8	2	3
102636661	1	0	0	0	0	1
77254	754	975	1040	1333	1320	1179
16534	2738	3543	3436	3419	2971	2818
667055	0	1	0	1	0	0
260299	5	1	4	4	1	2
319186	0	2	0	1	1	0
56457	3303	3808	3858	3833	3775	3660
16782	1	0	0	1	3	4
14563	0	0	0	0	0	0
73463	0	0	0	0	0	0
118568637	0	0	1	0	1	0
100017	2391	2383	2463	2725	2671	2670
240888	1	6	3	1	2	2
237823	353	540	433	386	379	388
98752	0	0	1	2	1	1
233065	196	212	242	240	217	204
14133	172	188	192	143	113	126
320237	18	20	26	50	48	44
70495	4952	5213	4501	4983	5297	5292
74400	0	1	0	0	0	2
66977	829	1212	947	587	700	600
192662	17499	20838	20828	20675	19180	18571
625360	120	77	96	77	40	58
19771	0	0	0	0	0	0
353282	22	18	22	25	25	19
319636	173	226	161	90	140	132
27052	1664	1053	1439	1598	1673	1934
17427	85	139	114	63	76	63
240174	278	323	280	251	299	276
378702	5531	5335	6167	6181	5874	5520
56698	728	679	686	557	616	614
81910	5809	5951	5990	5981	6235	6241
227545	2	1	4	2	3	0
97884	359	348	297	269	327	377
18633	204	225	247	265	214	192
18188	1	3	0	1	0	1
15205	2	0	3	0	3	0
665700	6	7	4	3	2	5
69572	86	119	105	128	131	141
14130	2375	1839	2131	1227	1380	1497
380732	2365	2245	2216	1729	1737	1843
22608	12077	14389	14144	12684	13128	12893
66086	775	741	679	580	593	625
52670	0	0	1	0	1	0
14772	37	24	33	23	21	39
14735	2	2	4	2	2	3
53885	279	266	293	227	235	231
67332	609	807	657	538	644	578
213068	572	463	400	357	373	357
18198	0	0	0	0	0	0
329015	826	739	994	990	869	860
75425	496	585	576	507	539	582
74316	354	373	366	357	387	335
66469	468	472	553	467	499	431
22190	22742	20997	24739	28682	25711	27096
241520	8	4	3	4	2	0
12461	4259	4721	4249	4165	4430	4339
14680	34	20	39	28	25	39
224671	640	621	722	722	639	653
16889	20398	17977	19607	24792	24189	26108
72137	166	173	177	161	183	192
67268	4833	5850	5776	5122	5075	4840
17183	0	0	1	0	0	0
14344	0	0	0	0	0	0
12364	11	4	5	5	5	8
13244	4620	4539	4574	5512	5566	5651
102635473	0	0	0	0	0	0
326618	7732	9435	8326	7370	7514	7422
74081	1530	1361	1393	1248	1214	1261
22036	125	219	135	108	106	113
70591	460	420	383	365	433	396
268465	214	330	270	161	168	129
211499	851	816	820	800	740	800
214764	266	284	262	251	266	254
77794	0	0	0	0	0	0
69156	150	179	190	237	255	197
320405	0	0	0	0	1	0
113868	1633	1545	1780	1782	1660	1584
117590	10	15	10	11	5	5
227157	0	0	0	0	0	0
14528	401	378	389	441	456	467
100041734	281	211	223	160	158	190
239096	14	17	16	9	9	11
15078	10209	8983	9766	8774	8135	8571
269275	0	0	1	0	0	0
244059	1292	1156	1176	1135	1212	1104
107932	6806	6754	6966	6541	6379	6605
14686	0	1	0	2	0	0
69226	931	1102	982	924	994	959
56279	8	7	11	10	8	5
545667	0	1	0	0	1	0
60365	1172	1263	1202	973	1003	1005
117606	5	2	7	2	6	4
279029	36	26	25	27	29	28
22070	44711	34217	38045	39780	39972	39684
70428	538	570	533	449	430	460
242425	6	3	10	23	15	13
20168	6847	6554	6302	6136	6541	6693
79202	112	169	137	180	199	177
268379	7	5	11	5	7	7
99709	0	0	0	0	0	0
216829	447	474	478	468	467	443
70701	1	0	1	1	3	0
68145	271	310	251	222	245	224
18799	75	68	87	62	64	62
66797	0	0	0	0	0	0
65100	0	0	0	0	0	0
14938	0	0	0	0	0	0
21855	327	299	426	358	308	283
100503583	34	57	42	11	28	30
244721	155	100	103	111	87	93
11687	14	20	9	17	11	13
223669	97	104	99	87	84	77
22065	0	0	0	0	0	0
17155	2861	2420	2583	1884	1949	1981
66313	757	732	760	673	682	711
66653	172	170	206	202	147	156
21753	569	868	776	693	710	699
226757	7910	7079	6840	6110	6447	6531
225339	1141	1190	1149	1144	1178	1225
64451	791	927	845	841	703	746
207175	49	59	43	34	36	27
22381	1900	2131	1751	1502	1574	1519
209760	0	0	0	0	1	1
26951	501	651	585	507	475	454
19132	1	0	1	2	2	0
22640	100	88	82	91	88	87
72080	84	149	161	86	97	75
22704	287	276	299	279	236	245
329731	8	6	8	6	9	3
209590	0	0	0	0	0	1
80284	450	494	498	507	497	483
70419	7	4	9	10	5	8
67755	1134	1178	1335	1198	1180	1226
20924	2359	2561	2649	2507	2391	2369
59025	1854	2138	1873	1801	1961	1905
319171	0	0	0	0	0	0
380928	1	0	0	0	1	0
232367	1	0	0	0	0	0
68977	444	508	554	509	495	489
330096	0	0	0	0	0	0
381605	384	417	446	432	419	394
23850	1	0	0	0	0	0
407823	770	745	791	690	735	736
109778	2163	2209	2301	2002	2100	2061
56434	1603	1785	1691	1569	1679	1444
268729	0	0	0	2	1	1
54387	700	778	806	720	711	753
109181	935	1004	888	801	864	886
233826	194	224	190	138	144	124
70359	288	328	357	366	345	300
74558	1734	1232	1431	1266	1187	1164
17384	18	33	23	15	20	15
100040018	25	20	12	13	18	12
234371	520	487	539	533	496	528
229512	594	739	727	728	689	627
231798	2333	2302	2568	2607	2266	2421
17110	19232	14542	15994	17264	18311	18399
664883	0	0	1	0	0	0
105244828	0	0	0	17	0	11
70859	3	3	2	4	1	2
108672	41	48	38	22	39	21
224014	3039	2199	2147	1907	1905	1947
11704	0	0	0	0	0	0
244562	1	0	0	1	0	0
104082	1311	1284	1316	1395	1253	1392
94185	1106	1437	1318	1247	1366	1180
75906	0	1	0	0	0	2
12522	1109	731	1040	1058	1070	1061
72429	156	150	157	137	133	144
66707	5	7	6	6	2	1
102640003	0	1	0	0	1	0
14950	2593	2715	2845	3066	2864	2849
329628	0	0	1	3	1	2
328780	3	0	0	0	0	0
242362	542	554	454	423	432	442
70312	575	750	743	615	578	539
117148	0	1	0	1	1	0
66177	1531	1496	1481	1501	1500	1422
69035	1887	1986	1916	1885	1968	1859
73649	1	0	0	2	1	1
102032	213	189	226	233	198	180
93746	0	0	0	0	0	1
71805	778	1038	871	878	771	804
75687	710	961	816	763	680	635
14559	0	0	1	0	0	0
230376	463	563	489	395	400	380
70357	0	0	0	0	0	0
15366	1013	1299	964	649	780	667
68927	550	540	579	595	604	646
20630	716	904	806	879	824	754
72144	740	780	809	650	625	616
67011	512	517	502	462	468	503
107477	4	10	8	18	9	21
225215	733	769	810	724	709	759
13618	139	65	116	80	47	56
233908	4392	5506	4795	4093	4169	3853
235345	0	0	0	0	0	0
22688	462	425	399	373	416	421
26896	679	854	694	607	680	646
89867	2	2	3	3	0	1
75087	0	0	0	0	0	0
218699	1165	1403	1375	1070	1074	1047
103161	4	2	1	5	7	2
245877	3927	4524	4692	4525	4350	4042
11977	1125	1148	1001	904	984	992
67988	2083	1873	1442	1309	1532	1511
66395	24806	24681	23945	16478	16313	16630
53381	1890	2212	1995	1708	1733	1690
244329	276	346	320	263	271	261
13417	5	7	7	2	4	6
434439	0	0	0	0	0	0
69583	964	1003	814	877	951	1092
67246	1238	1141	1059	754	748	736
20354	6262	5390	6386	6436	6229	6497
70285	466	566	502	418	442	451
218454	6052	5796	5795	6638	6417	6707
105247180	0	0	0	0	0	0
241547	125	158	138	125	158	142
210105	129	149	109	93	102	112
102371	1	2	1	0	0	3
330788	387	342	327	335	307	326
208846	477	404	391	403	436	450
114584	10139	11523	10832	10310	10038	9836
30938	2215	1890	2203	1799	1666	1719
69286	0	0	0	0	0	0
237558	0	1	0	0	0	0
57782	148	126	118	124	138	155
27057	5204	3012	4313	4974	4576	4995
12842	92	20	70	133	61	104
665858	0	0	1	1	0	1
71984	165	187	202	179	161	142
68375	1028	1194	1192	1139	1074	1075
11772	3949	3759	4306	3256	3174	3095
30960	2059	2291	2188	1984	2207	2058
320007	0	0	0	0	0	0
224997	1	1	0	0	0	0
193736	143	154	141	164	141	182
11482	970	852	1063	1132	1083	1041
226245	2	0	2	2	0	0
20899	0	0	0	0	1	0
67981	1	2	0	0	0	0
382062	2259	1832	2277	3807	3811	3880
13138	2469	2790	2785	2739	2814	2836
20203	0	2	1	1	1	0
269033	567	662	587	472	475	502
229937	202	214	217	190	201	186
329828	10	4	15	18	13	13
12509	134	155	142	143	155	140
319765	694	486	630	1065	998	1115
19703	2434	2269	2503	2398	2425	2309
77519	408	386	354	280	301	323
76408	2812	3298	3275	4738	4570	4547
19285	125	142	123	122	130	106
21930	4	3	2	2	0	1
654801	51	60	55	57	43	56
192236	578	653	725	730	650	629
12419	1921	2453	1918	1488	1660	1594
66060	10	8	11	30	14	25
67157	220	254	212	202	225	202
434756	0	0	0	0	0	0
268345	0	0	0	0	0	0
13706	0	0	0	0	1	0
110599566	173	207	203	227	206	202
12412	1047	1152	1047	869	945	942
78913	1018	1097	935	840	941	888
69632	596	541	597	611	574	661
19417	1	0	0	0	0	0
103967	1	3	2	1	2	1
70615	85	88	111	108	110	105
73389	2454	1851	2230	2100	2042	2231
670593	0	0	0	0	0	0
243374	3	0	1	1	2	2
19208	0	1	0	0	0	0
77976	444	340	420	361	367	383
71240	298	288	319	297	276	261
665622	9	8	9	8	8	4
237868	13	9	15	11	10	11
73747	122	108	137	104	127	120
331524	13	7	4	4	4	4
20230	40	28	38	44	37	36
171530	0	0	0	0	0	0
213696	0	0	0	0	0	0
18036	471	511	621	520	471	416
57342	0	3	1	4	0	2
27886	453	446	483	419	396	382
16328	1275	1380	1466	1325	1315	1268
399591	10	8	8	6	8	12
170483	1	0	0	0	0	0
13855	37	49	41	67	65	80
20397	10460	9285	9985	11116	10873	11227
68205	373	356	429	387	341	310
50931	27	21	39	32	31	33
118568607	0	0	0	0	0	0
243725	89	64	115	94	88	112
69709	169	192	211	193	182	205
75599	3	0	0	0	3	2
15564	0	0	0	0	0	0
58803	0	0	0	0	1	0
208890	0	0	0	0	0	0
242915	1	0	0	0	0	0
56075	78	123	89	73	68	82
67451	5	7	8	3	11	8
252903	142	128	98	93	87	113
68427	344	338	411	452	408	424
66257	394	392	398	381	380	401
19017	1	0	0	0	0	0
631797	1	1	1	0	3	0
72371	42	47	28	44	48	40
399568	159	185	195	142	158	149
23871	318	377	301	252	312	297
72181	235	209	246	241	237	248
115487746	5	1	4	3	2	1
271221	221	218	207	215	190	210
22130	352	359	367	332	312	328
75104	0	0	0	0	0	1
209497	3477	3446	3540	3224	3145	3162
108168363	1	0	0	0	0	0
67053	287	323	321	319	329	353
74167	921	944	1011	1000	948	1005
73942	141	146	137	127	134	112
65111	595	722	684	619	680	623
68497	1043	999	1101	1122	1114	1052
229473	704	717	848	709	667	675
245174	73	86	72	43	53	56
68177	361	373	379	330	331	287
27049	2749	2239	2529	3106	3119	3077
76640	0	0	0	0	0	1
71474	330	309	330	303	306	302
621976	888	706	719	636	685	771
381484	233	160	159	105	113	126
72972	491	480	495	441	474	413
14171	0	0	0	0	0	0
13000	1379	1425	1379	1239	1268	1292
24045	1089	1292	1429	1402	1337	1201
258777	0	0	0	0	0	0
72160	20	12	21	10	7	11
12785	3779	4239	3875	3822	4198	4053
56175	0	0	1	0	0	0
76633	209	214	217	217	211	221
243906	67	80	56	76	88	87
17952	646	694	648	588	646	676
382083	20	15	18	20	13	25
20362	2493	2645	2537	2653	2838	2708
21366	19608	18349	19657	19533	18709	19083
20449	12	6	4	4	2	9
118568593	78	65	56	63	57	62
20216	0	0	0	0	0	1
67459	698	829	687	659	724	717
227210	234	309	248	269	286	258
17308	2226	2282	2339	2227	2188	2158
103765	21	26	17	24	14	7
664799	0	0	0	0	1	0
333048	0	0	0	0	0	0
55950	1762	1529	1794	1727	1592	1617
72282	3	8	3	10	2	4
71978	1375	1539	1409	1249	1386	1326
60530	591	889	641	445	479	440
81489	676	792	777	683	728	693
66447	727	919	877	735	713	673
21374	334	364	366	313	339	325
224065	0	0	0	0	0	0
381853	0	0	0	1	0	1
19344	3792	3168	3335	3397	3504	3626
110012	336	319	459	439	360	328
19273	4	3	4	5	1	3
240066	151	150	114	123	117	139
108168373	2	2	1	2	7	1
20224	2140	2228	2155	1972	1957	2012
100042881	0	0	0	0	0	0
76478	855	988	965	782	784	742
109135	120	114	158	127	122	133
53901	0	0	0	0	0	1
66983	405	405	393	394	409	359
56318	97	69	98	63	56	68
74174	2	7	7	3	5	4
53609	369	410	520	433	452	413
224826	2147	2323	2457	2615	2538	2551
12525	0	0	0	0	0	0
12492	3477	3486	3268	3717	4066	4079
73692	284	286	342	275	253	301
108737	1055	1219	1188	1067	1148	1059
16512	0	1	1	1	0	0
66617	179	220	234	187	201	198
215476	646	679	668	595	610	595
194388	2552	2063	2388	2313	2151	2395
27261	903	968	1080	851	762	733
100042235	0	0	0	0	0	0
330450	4	7	4	2	6	4
70370	0	0	1	0	0	0
26570	155	144	120	65	84	90
236219	0	0	0	0	0	0
380712	56	28	46	62	46	49
105440	474	601	478	426	475	467
195531	1	2	3	2	1	2
22652	2	2	3	3	1	2
66536	776	950	853	993	976	874
381259	360	426	351	337	327	325
50780	375	461	428	320	293	317
93876	3	1	1	1	0	0
15488	2368	2506	2629	2585	2510	2609
213603	0	0	0	0	0	0
210853	74	44	53	24	30	43
20446	0	1	0	0	0	0
100764	87	95	111	115	98	72
229725	887	979	932	873	930	880
74091	215	171	204	180	165	169
72318	9033	8213	9340	11097	10238	10968
18676	954	1060	1054	1035	993	981
22402	1	0	2	3	4	2
238021	0	0	1	0	1	0
76854	1	2	2	3	1	3
191578	120	124	121	97	119	117
13848	29	44	49	33	34	36
102638882	48	47	29	25	35	28
319159	1	1	0	0	1	1
11722	3	1	1	1	0	1
58994	114	32	111	548	480	539
19183	67	105	76	73	61	59
12362	1827	1829	1704	1464	1675	1686
17301	19	26	26	21	21	18
58988	317	357	395	312	323	299
57908	586	551	601	600	650	658
216154	545	611	692	629	510	511
272790	0	0	0	0	0	0
403187	361	426	413	371	422	421
623898	0	0	0	0	0	1
64435	0	0	0	0	0	0
67270	753	951	837	926	903	806
545975	3	4	1	3	0	3
103694	1314	1351	1309	1417	1346	1385
21848	316	342	317	312	330	287
171166	35	27	27	38	28	37
18130	593	524	550	528	504	534
109342	0	1	0	0	0	0
105245	2071	2720	2497	2363	2239	2096
13164	0	0	1	0	1	2
225895	324	304	341	329	331	335
380698	0	0	0	1	1	0
71323	683	832	777	758	897	856
76055	2143	1982	2031	1971	1952	2143
27426	1061	1236	1331	1296	1211	1137
54672	51	48	48	58	64	64
68961	480	480	569	517	501	478
101966	1287	1299	1385	1116	1333	1318
68870	90	63	37	63	76	68
75641	1	1	0	0	0	0
17344	769	757	777	660	707	703
17164	6513	6130	6775	6004	5807	5763
21985	9015	8112	8286	7850	8233	8424
20491	1160	1276	1197	877	976	938
17977	771	763	802	696	700	709
66679	645	705	691	661	652	676
241489	0	0	0	0	1	0
100042784	49	34	48	55	50	59
207495	0	0	0	1	2	0
80901	0	1	1	2	0	0
101142	115	122	112	135	103	97
73689	489	445	481	479	489	468
20088	13812	13421	12634	11683	12250	12377
15114	22	28	38	37	42	47
227580	0	0	1	0	0	1
19376	466	348	440	441	349	434
75782	159	206	191	123	132	140
66162	160	154	195	158	176	153
66877	573	598	542	484	506	498
98303	13	6	9	8	7	5
237082	490	559	457	385	532	449
11898	508	509	543	325	313	280
22122	679	729	748	713	644	639
239796	18	14	19	13	16	23
225997	0	0	0	0	0	0
27222	0	0	0	0	0	0
22255	0	0	0	0	0	0
216792	148	183	192	221	173	198
50505	439	392	462	453	439	403
229279	21669	23489	21738	16316	17930	17549
22340	426	454	507	570	559	458
271305	1	4	5	4	2	8
215707	1	4	8	2	3	3
74125	616	650	609	609	667	613
17076	8	14	24	10	21	19
107976	644	702	718	700	666	638
18669	1015	998	1003	840	865	855
56332	5	2	6	7	5	9
72309	63	72	78	132	148	124
381306	185	260	195	160	171	152
12040	123	168	129	147	136	126
30878	5	6	3	4	4	3
68617	0	0	0	0	0	0
16470	0	0	0	0	0	0
66248	648	675	689	726	731	716
71673	225	218	262	234	231	217
11973	3136	2844	3071	3297	3332	3406
12978	39644	32019	40067	32176	30664	31925
22709	177	233	151	128	124	133
20826	1374	1486	1284	1326	1348	1342
333789	375	321	306	238	244	298
64294	4031	3636	4275	5118	4674	4570
108014	1012	1064	1047	941	932	912
51886	1194	1364	1219	1120	1209	1169
319776	1	0	1	1	1	1
69752	283	316	342	290	283	267
68750	1326	1373	1437	1279	1269	1232
227334	455	418	432	390	469	443
59290	0	0	0	0	0	0
231004	8	8	9	6	5	9
18796	1388	1023	1232	1454	1405	1424
70235	259	352	312	259	216	214
235505	746	1079	844	503	553	523
74764	1189	1095	1272	1351	1285	1219
118567557	1134	1040	1047	848	698	701
226778	0	2	0	0	0	2
74486	21	18	13	12	15	12
67064	1904	1558	1526	1710	1731	1726
329165	499	555	479	459	416	478
236792	820	966	786	823	840	826
14311	0	0	1	0	0	0
67480	643	597	588	581	551	551
17907	11	8	7	10	6	6
68209	595	600	585	567	560	464
399548	1	0	0	1	0	0
211006	358	363	373	328	380	363
19726	87	79	77	57	60	71
233204	658	660	767	693	687	683
231386	1200	1235	1125	976	1060	1087
58804	0	0	0	0	0	0
19883	292	213	256	260	264	263
20733	8	12	9	11	14	12
19386	3247	3382	2880	2484	2685	2675
634731	259	318	296	272	275	283
258571	163	86	99	95	109	109
18194	1011	833	946	1023	1034	1063
70081	149	125	123	107	106	112
68889	665	684	765	731	674	651
14673	1555	1566	1820	1560	1378	1349
52570	72	58	77	70	65	59
16150	1501	1471	1486	1508	1529	1458
66988	657	775	668	676	744	723
15936	437	414	507	472	390	433
14705	1346	1333	1688	1792	1644	1509
71971	198	205	244	234	216	194
115487959	0	0	0	0	0	0
66196	46	74	70	86	77	72
78004	26	24	22	21	27	24
225659	178	234	189	160	187	180
24132	324	303	280	196	250	246
16613	97	33	89	55	69	49
22276	111	127	119	106	129	129
74251	37	62	62	54	49	63
69893	124	162	142	169	150	169
216134	5279	5004	5767	6869	6701	6566
100504116	52	51	45	45	50	40
71238	77	67	67	66	65	62
245533	0	1	0	1	1	1
408068	222	196	150	175	180	179
16619	0	0	0	2	1	0
16485	1	0	0	0	0	0
217304	6004	4935	5911	5906	5573	6154
224619	1159	1233	1296	1283	1219	1182
84653	2	0	2	2	1	2
668208	0	1	0	0	0	0
13830	6777	7653	7137	6154	6294	5953
277343	1	0	0	0	0	0
14257	1	2	3	0	0	0
74386	877	954	784	783	816	887
11877	45	48	57	56	49	61
17005	0	0	0	0	0	0
545693	0	0	0	0	0	0
66262	436	432	464	396	432	409
215303	0	0	0	0	0	0
225872	301	257	302	395	329	366
170460	475	512	493	506	492	522
57432	58	59	64	57	54	62
19171	1111	1066	1278	1190	1088	1042
118568343	35	36	34	35	14	21
234686	870	1184	1143	850	829	771
70823	651	629	574	534	603	567
66253	181	164	160	225	217	199
22239	0	0	0	0	0	0
231805	610	701	611	711	752	602
20846	3709	3638	3777	3033	3204	3314
12873	1	1	2	1	1	1
56030	1824	2198	2115	2076	2051	2103
66126	972	1009	1042	936	869	909
56872	0	0	0	0	0	0
81003	388	341	308	274	270	301
232406	31	13	29	20	21	24
193796	408	411	402	481	421	432
384214	0	1	1	0	1	1
18102	942	1256	994	944	1044	908
106639	174	166	185	191	195	191
241634	0	0	0	0	0	0
66680	1100	1370	1229	1096	1141	1087
70750	283	274	265	238	239	230
71617	357	381	411	386	391	389
19337	11	11	12	11	11	5
77015	0	0	0	0	0	0
66913	1237	1428	1311	1084	1172	1159
110197	88	146	125	74	95	88
23802	2731	2748	2944	2983	3125	3015
67426	72	36	67	61	68	73
50771	1577	1570	1613	1544	1545	1468
619297	2	1	1	2	4	4
67811	689	820	802	850	801	687
227195	873	798	773	739	773	816
70396	1551	1443	1389	1343	1453	1394
104360	0	0	0	0	0	0
13199	1	0	1	1	0	0
93679	1735	1848	2068	2061	1805	1735
118568299	0	0	0	0	6	10
238690	31	41	24	29	19	22
54698	0	0	0	0	1	2
16633	132	143	128	63	63	65
20346	0	0	0	0	0	0
50850	819	761	733	746	724	782
83492	0	0	0	0	1	0
76719	1390	1462	1480	1336	1344	1324
102632737	25	23	28	23	27	36
228368	952	1041	963	874	875	920
27176	14930	14359	16347	14052	13400	13637
80893	0	0	1	0	0	0
67493	368	407	324	363	362	403
21463	1	1	5	0	2	0
432964	1	0	2	1	1	1
238692	263	185	195	197	219	228
269614	354	424	399	422	393	417
102580	407	462	503	478	420	450
13009	0	0	0	0	0	0
67434	414	336	369	292	326	290
546611	38	59	54	39	38	25
66665	56	124	92	75	82	66
236511	1475	1468	1568	1424	1404	1405
21808	0	0	2	3	0	0
625801	0	0	0	0	0	0
27993	816	922	836	955	852	829
74229	30	46	34	27	32	32
217201	413	428	442	405	430	403
20686	16	15	16	21	14	6
53419	0	0	0	0	0	0
218035	1760	1777	1777	1665	1744	1723
20016	553	589	707	557	544	491
26403	1886	1792	2079	1891	1625	1678
75430	877	851	891	732	719	750
67213	3210	2777	3094	2913	2760	3047
66612	588	582	580	598	601	574
71564	67	65	64	50	64	58
19088	760	917	783	556	619	533
258922	0	0	1	0	0	0
268527	0	0	1	3	2	0
63986	1879	1485	1785	1248	1191	1267
666532	1712	1450	1232	1074	1173	1185
228003	2	5	0	2	1	3
212679	108	108	122	152	143	124
237761	0	0	0	0	0	0
78771	909	939	843	713	855	806
208691	280	282	289	248	258	256
71425	0	0	0	0	1	0
64656	919	931	1010	836	879	816
19303	3230	3253	3674	3266	3009	3169
226409	1971	2781	2169	1933	2133	2121
71810	990	1243	1333	1162	1130	1091
71310	1339	1367	1308	1369	1433	1513
319701	183	267	179	133	125	152
74152	208	215	203	231	262	277
67416	179	163	171	133	162	126
16907	901	1409	1189	823	783	843
75627	286	342	296	263	255	301
12166	60	75	47	44	39	42
54607	1268	1115	1113	1208	1340	1343
17961	254	216	199	177	199	182
108147	1094	1393	1291	1343	1234	1250
108052	21	11	23	27	20	33
17193	225	225	232	170	183	168
18583	424	461	411	382	384	371
69698	14	11	13	4	7	7
217869	3777	3740	3529	3313	3832	3642
72658	37	55	45	49	37	40
71835	502	491	484	386	384	360
109663	1	0	0	0	1	0
72690	0	0	0	0	0	0
50721	192	214	229	235	199	190
242109	23	32	25	31	44	50
171543	663	372	531	497	450	527
15170	5690	5636	6189	6024	5562	5836
73545	49	36	37	55	50	31
69976	1405	1347	1448	1342	1349	1297
20416	2145	2238	2348	2054	1979	2110
217353	322	308	361	379	336	343
435921	3	4	3	2	2	2
231238	345	406	378	358	416	377
100121	1080	1193	1191	1038	1149	1091
11891	208	246	196	138	165	162
71562	150	181	188	136	142	118
75305	0	0	0	0	0	0
108167548	0	1	0	0	0	1
11784	0	0	0	1	0	0
53325	267	301	316	282	262	256
76982	0	0	0	0	0	0
100043757	0	0	0	1	0	1
269855	52	38	45	33	28	45
14058	390	216	349	334	294	336
12322	62	50	71	31	26	29
70261	5	0	7	4	8	16
19348	1422	2001	1684	1219	1023	926
26358	0	0	0	0	0	0
195522	43	53	59	47	45	66
214575	1	0	0	0	1	0
107734	1110	1197	1110	1092	1067	1082
74734	326	319	358	298	332	342
67285	396	451	412	320	356	333
59036	2	3	2	7	3	5
16668	0	1	1	0	0	0
217082	1	1	0	1	1	0
68184	738	879	841	788	842	841
214254	76	73	83	66	70	81
237890	0	0	0	0	0	1
76843	424	636	504	330	382	359
20335	1606	1588	1239	1243	1266	1319
330671	0	1	0	0	0	1
240058	4	1	1	0	0	0
252837	0	0	0	0	0	0
58234	0	0	0	0	1	0
72891	10	14	11	5	6	2
12330	10140	10877	9874	9336	10135	9633
18538	10854	11403	10603	14494	14124	14228
622402	118	173	131	129	138	150
66549	1372	1372	1370	1277	1328	1307
193116	1381	1219	1340	1248	1188	1197
55949	5776	5244	5741	5557	5420	5560
103742	556	580	622	629	616	596
102635744	0	0	3	1	0	1
16848	865	868	954	1107	942	992
66205	1116	964	971	1252	1170	1187
100855	1848	1799	1963	1622	1618	1650
20454	1247	1889	1569	1697	1922	1749
209011	966	950	1082	1045	969	1041
12408	353	376	376	363	330	357
23918	1530	1659	1524	1468	1415	1490
59031	1070	1108	1254	1061	1060	896
269252	761	878	758	727	784	777
80289	538	460	410	338	349	354
433801	478	392	388	208	230	274
218314	131	124	127	109	115	106
278240	0	0	1	1	0	0
208092	752	797	891	765	708	714
98956	435	564	516	506	599	499
52639	373	452	396	415	313	339
12325	592	736	650	594	583	581
12518	2	0	2	1	1	2
213945	0	0	0	1	0	0
329251	248	254	261	177	200	212
67097	8012	7817	8609	8857	8099	7971
270802	156	180	134	179	166	178
228858	6	12	9	5	13	7
105242927	0	0	0	0	0	0
57439	921	874	870	839	895	881
225131	1354	1373	1386	1222	1326	1270
67042	242	315	286	260	280	217
52712	229	184	171	196	190	176
70348	7	11	6	6	4	4
14783	7	5	4	7	9	2
57811	0	0	0	0	0	0
233424	21	17	13	10	12	25
68521	277	338	341	248	236	223
76539	331	319	281	262	299	256
71711	178	235	222	228	212	206
14712	1137	1150	1220	1213	1152	1177
78774	0	0	0	0	1	0
227731	321	389	368	467	408	416
66302	143	128	121	126	166	155
22349	0	0	1	1	0	2
13799	0	0	0	0	0	0
104732	235	321	337	199	233	230
80292	342	336	358	339	335	327
56316	185	175	173	205	192	218
18707	3244	3021	3589	4770	4217	4310
108755	291	249	300	309	277	282
102436	442	513	471	485	434	447
17087	277	165	168	180	183	217
76615	0	0	0	0	0	0
110119	313	324	353	344	320	276
56708	56	53	61	40	29	41
215445	235	254	277	280	239	283
19752	0	0	0	0	0	0
26568	26	21	28	21	20	24
13011	40	21	22	38	31	29
75725	703	716	624	545	500	609
66999	845	903	949	919	918	915
72930	3	4	2	6	1	4
12385	3622	4095	3792	3600	3721	3439
14768	429	432	467	424	427	435
27643	435	411	403	420	419	422
244189	0	0	0	0	0	0
19054	327	369	445	379	349	350
73341	2684	2701	2574	2019	2201	2128
19655	728	889	763	653	682	631
15007	2	2	0	1	0	0
12295	63	40	59	86	66	81
67511	2752	3151	3145	2961	2906	2694
353208	176	141	110	137	139	178
78255	353	259	287	236	215	225
211556	575	665	660	559	625	586
233912	490	570	629	605	461	496
243743	16	14	7	7	6	7
75007	2392	1994	2322	3065	3056	3003
231807	1424	1235	1411	1467	1322	1441
16206	47	42	46	42	41	40
18700	219	281	234	195	208	211
330695	10	8	10	5	6	9
237886	1558	1825	1429	981	1037	1052
68349	782	960	868	831	938	853
319604	1241	1144	1188	1075	1171	1145
78388	2973	2950	3145	2913	2746	2699
192194	0	1	0	0	0	0
57765	0	0	0	1	0	0
83436	2974	3114	2953	2645	2761	2730
170788	1	0	0	1	0	0
14235	1227	1847	1559	1034	972	852
66091	664	776	638	634	722	588
652925	292	331	296	263	241	227
12349	1	2	0	8	17	11
14126	0	0	1	0	0	0
211652	6	8	6	8	5	6
16508	0	0	0	0	0	0
73458	0	1	1	0	0	1
26459	1	0	0	1	0	0
68729	535	715	595	540	598	615
70207	203	222	215	202	226	204
19153	29	26	33	30	24	22
170834	0	0	0	0	0	0
382018	45	52	60	84	94	77
626940	0	0	1	0	0	1
243385	2	0	0	1	1	1
210146	552	472	553	557	493	502
170759	974	1088	1214	1256	1087	1070
18613	40	28	35	28	9	26
67971	25	33	33	14	15	12
67778	460	465	544	422	471	491
54188	325	366	336	361	308	318
18286	1093	1422	1275	1073	1086	989
22092	5	19	16	13	18	11
20318	4158	4195	4293	4036	4078	4144
380842	0	0	0	0	0	0
52432	499	554	537	434	473	517
269701	10	24	14	11	6	10
68327	218	246	238	204	192	219
232210	252	259	277	252	273	227
100503041	0	2	0	2	1	3
20530	1252	1043	1183	1254	1193	1291
22215	1611	1401	1330	1216	1317	1272
243853	613	676	733	732	679	649
20479	3317	3268	3139	2731	3000	3032
20533	0	0	0	0	0	0
16551	1818	2286	1860	1208	1217	1151
66624	2387	2585	2652	2402	2510	2356
118567621	373	371	353	237	248	295
21652	263	232	285	320	277	292
100503884	4	5	0	2	3	2
53623	29	5	12	22	14	13
72611	778	665	678	615	684	706
76426	3	3	4	0	1	1
98396	318	283	299	341	303	287
14365	1	0	1	0	0	1
53856	1	1	1	0	0	0
21400	16	24	23	37	29	27
83561	0	0	0	0	0	0
239739	0	0	0	0	0	0
26386	19	24	29	28	29	26
110058	1	0	0	0	1	0
16578	101	103	112	86	98	92
72543	1513	1859	1817	1472	1428	1343
230082	802	1026	1056	1019	866	879
19204	2747	1895	2508	2585	2391	2532
50528	0	0	0	0	0	0
93759	430	435	385	365	403	373
16881	1331	1933	1591	1282	1213	1147
70726	16	45	35	31	34	26
71787	405	388	365	395	373	325
118568080	190	149	162	117	103	152
56805	586	467	465	454	447	492
434130	2	0	1	3	0	0
22612	1	0	0	0	0	1
50791	40	24	26	31	23	31
50935	900	753	918	930	863	910
77766	144	159	129	118	125	127
234366	1243	1555	1498	1457	1447	1350
67871	228	202	207	172	184	216
96935	1	0	1	0	0	1
52443	592	579	619	541	592	551
194401	103	186	162	135	113	113
105000	106	129	111	109	124	109
17175	0	1	0	0	0	0
67163	1672	1717	1480	1585	1696	1714
77219	1077	1089	973	963	1033	997
109624	29	36	34	41	30	30
269952	79	116	105	105	134	103
240960	0	0	0	0	0	1
320683	428	377	431	414	342	438
26425	658	819	784	684	720	701
12662	635	651	556	488	481	498
12350	0	0	0	0	0	0
218885	163	188	181	166	196	189
11949	4248	3987	3878	3444	3826	3965
232414	1	1	1	5	4	4
56857	6592	5756	6461	6681	6078	6341
70556	61	83	87	98	86	108
73834	1925	1913	1939	1917	2072	2026
11747	13820	13493	13690	13891	13712	13773
69232	1555	1693	1764	1544	1532	1541
15896	265	293	253	179	197	187
102642386	0	0	0	0	0	0
244745	849	1033	838	772	820	783
634882	0	0	0	0	0	0
100042335	459	352	381	485	389	447
18201	648	698	642	643	621	678
433904	63	67	59	38	41	48
21973	5410	7347	5940	4081	4347	4013
230757	382	397	363	318	363	340
56223	0	0	0	0	0	0
12986	1651	979	1513	1744	1564	1742
224481	148	176	166	155	156	155
434377	98	98	95	75	95	88
231915	400	425	435	405	430	397
17288	0	0	0	0	0	0
77604	475	434	405	398	356	394
11553	0	0	0	1	0	0
231042	183	161	170	198	218	187
228033	3399	3734	3725	3602	3344	3052
12775	39	12	37	20	10	13
74004	0	0	0	0	0	0
18813	1896	2387	2047	2055	2104	1980
245368	14	6	10	5	10	7
320145	0	0	0	0	0	0
11571	0	0	0	0	1	0
80859	701	327	621	468	389	476
14964	43210	35584	45355	47888	44212	45833
108169096	0	1	2	1	1	0
117589	253	262	226	224	240	259
239250	1	0	0	0	0	0
107508	2307	2772	2432	2488	2750	2708
69053	953	985	956	854	897	948
18458	12098	11676	12665	12905	13058	12404
107568	9591	6446	7631	5872	6144	6247
19158	923	985	973	968	935	908
75329	13	28	17	11	24	13
217845	0	0	0	0	0	0
54519	4568	4658	4430	4651	4770	4709
217449	634	668	606	690	618	676
14009	289	423	315	330	415	349
69550	3095	2578	3085	2781	2947	2907
74180	0	0	0	0	0	0
72795	97	96	68	76	98	103
11980	1270	962	1084	1202	1267	1353
70893	0	0	0	0	0	0
68035	1153	1207	1373	1249	1170	1137
57296	4321	5612	5404	5868	5780	5203
258783	31	33	26	27	28	24
71704	628	569	554	634	667	634
110173	1489	1504	1488	1293	1246	1266
72236	2	0	0	1	0	0
23845	987	1436	1057	656	864	834
414077	655	818	935	904	791	690
140577	2	4	3	1	5	6
100862375	461	709	691	732	609	637
232975	5097	5543	5853	5331	4910	4901
69710	4697	4413	5207	5089	4603	4782
209200	1748	1331	1516	1201	1254	1308
244209	13	13	15	15	12	21
19219	343	284	341	314	280	313
118568452	0	0	0	0	0	0
78890	159	174	167	154	145	142
16178	28	33	33	22	18	8
14864	0	0	0	0	0	0
69640	0	0	0	1	3	1
213649	6	4	6	6	1	2
18175	52	47	54	36	36	34
74330	1639	1490	1585	1474	1444	1526
240087	972	1245	1124	903	848	875
71853	5252	6873	6102	5823	6226	5908
57339	4	5	5	1	0	1
320311	2	4	3	0	3	1
102334	633	575	635	618	617	637
107607	419	334	439	321	312	304
52504	319	352	356	301	320	304
118568052	0	0	0	0	0	0
69387	27	27	23	22	12	19
56401	310	343	299	335	352	333
74157	1835	2006	2006	1983	1914	1915
100040260	0	0	1	0	1	0
218734	530	543	494	428	489	477
20680	3	3	3	3	3	4
20111	3189	3067	3472	2896	2526	2747
100182	1425	1413	1480	1338	1143	1214
20955	827	794	693	580	633	655
68554	248	265	242	188	214	171
19698	482	351	543	465	446	507
99681	0	5	6	2	2	1
224019	23	19	22	22	20	15
66337	28	18	16	15	12	16
54366	21	21	22	21	21	16
228807	97	55	88	70	73	75
20833	3155	3813	3465	2954	2985	2829
19942	5033	4710	5043	4989	4756	4584
93706	673	1076	835	808	854	706
54354	1056	937	1011	942	933	873
109161	1404	1327	1234	1192	1298	1329
12686	0	1	0	0	0	1
73847	336	449	444	339	288	258
320522	1	1	0	2	1	3
68431	64	62	73	104	86	77
327655	280	316	320	314	331	310
74466	21	20	18	17	18	28
381199	0	3	3	3	4	1
20788	4385	4418	5024	5387	4994	4735
109093	368	451	342	387	397	344
18624	1613	1822	1865	1712	1667	1573
18988	0	0	0	0	0	0
14827	13992	16425	14366	13385	14104	14339
100328588	4	8	0	5	0	0
56613	977	1213	1254	1240	1147	1126
140486	0	1	0	0	0	0
76654	1	0	0	0	0	2
100034748	0	0	0	0	0	0
68616	15	26	14	25	13	11
474160	34	18	33	17	17	25
74043	171	213	198	180	164	182
140570	11291	12426	13419	12578	11475	11527
19243	1743	1807	1450	1572	1759	1725
100302688	2	1	3	2	1	1
269338	1522	1445	1576	1766	1557	1498
101544	1	3	1	6	1	1
229214	0	0	0	0	0	0
17329	0	2	1	2	3	3
98910	390	407	382	421	475	463
54615	1	2	3	1	3	3
76832	178	216	184	103	152	161
78306	0	0	0	0	0	0
69938	0	0	0	0	1	0
21749	319	427	334	200	277	211
109294	2	0	0	1	0	0
24063	1	1	4	2	2	3
18050	1	0	1	0	1	0
229503	234	208	285	264	256	278
12479	95	122	103	100	104	106
20353	269	226	288	272	251	233
76238	150	231	235	210	222	227
244049	6	1	0	1	1	0
94067	844	861	893	842	830	810
321007	212	200	230	233	235	221
81601	735	622	746	734	720	750
16971	35484	48588	46193	47894	45178	42236
28010	546	521	497	420	393	435
69325	0	0	0	0	1	0
69731	319	347	349	323	328	299
64930	750	737	825	849	789	852
26399	140	205	193	102	110	117
100048658	1	1	3	0	0	0
623279	0	0	0	0	0	1
114615	535	481	443	429	450	484
72198	1131	1234	1111	1008	1022	1110
75690	43	49	49	46	43	36
68944	1828	1978	1876	1687	1812	1753
232875	20	17	23	27	32	30
17766	197	213	174	154	150	118
19876	0	0	1	0	1	1
57265	2	2	4	3	2	2
269788	1	0	0	0	0	0
107746	1499	2231	1960	1856	1865	1720
110895	6	6	5	6	11	5
54380	519	481	553	518	498	475
319176	1	0	0	0	0	0
80782	2	0	2	4	0	0
258318	0	0	0	0	0	0
78803	1	0	0	0	0	0
232946	339	327	319	326	345	319
65221	3221	2750	3522	5934	5790	5881
68938	582	635	736	692	643	582
67928	0	0	0	0	0	1
18330	0	0	0	0	0	0
14227	881	1205	1007	904	877	841
66410	388	357	348	293	305	304
14168	47	35	45	71	78	84
338352	0	0	0	0	0	0
13076	1	1	0	4	0	1
65079	6	5	7	3	5	2
23917	1331	1769	1557	1377	1505	1332
100041708	3	0	0	0	0	0
74054	0	0	0	0	0	1
98985	388	381	390	332	303	328
21950	191	372	291	184	169	145
18996	0	0	0	0	0	0
67111	725	745	705	556	506	492
229096	2517	2130	1991	1814	1866	1911
14924	2	4	0	4	4	1
12709	6571	7422	8352	8559	7664	7158
68235	166	94	126	132	143	182
23874	1294	1495	1387	1490	1462	1436
102643210	9	3	19	8	6	6
19271	5744	4982	5547	5413	5186	5428
432628	14	9	10	5	9	5
66500	1164	1144	1116	1055	1062	1051
69072	532	738	592	635	606	631
235135	0	0	1	0	0	0
66459	148	167	170	225	230	211
17314	138	126	150	144	131	133
54357	5	1	0	3	0	0
232078	7	12	11	8	6	7
328092	267	294	254	239	255	279
100216455	1	0	0	0	0	0
12313	15708	18325	16516	16014	16939	15946
13016	2670	3173	3258	3049	2845	2696
216805	1608	1388	1614	1690	1576	1653
12539	2998	3530	3735	3441	3314	3141
12934	1662	1536	1562	1349	1398	1332
28028	652	628	566	581	595	619
16490	1	0	0	0	0	0
50798	227	296	247	268	251	248
18768	694	616	655	668	631	669
93887	1	0	0	1	2	4
109151	781	837	752	708	721	695
107526	1	0	0	3	0	2
54402	250	252	285	280	242	235
50917	1407	1680	1579	1668	1605	1525
11853	1242	1132	1388	1372	1298	1337
93719	0	0	0	0	0	0
68198	479	442	473	392	405	392
18646	0	0	0	0	0	0
110593	906	918	895	908	860	861
23796	1	0	0	0	0	1
75141	1	3	3	1	0	2
99887	0	0	0	0	0	0
108167434	4	24	6	0	4	19
94213	1042	1016	979	872	925	1022
109934	4723	4949	5189	4480	4183	4294
110326	2	2	4	1	1	2
12006	0	0	0	0	0	1
65107	2407	2718	2936	2707	2687	2432
668166	274	237	253	255	233	285
20364	416	354	345	341	320	305
22592	203	197	203	193	178	212
53625	2276	2011	1949	1948	2128	2098
51793	269	165	228	231	221	202
109272	0	0	1	0	0	0
72745	256	281	259	236	271	254
20526	0	0	0	0	0	0
219024	1401	1350	1450	1510	1442	1413
12579	9	4	9	21	18	13
74349	487	466	511	447	436	483
75801	0	2	0	0	0	0
105244808	0	0	0	0	1	0
20818	834	1013	1035	1117	1086	975
70028	1151	1190	1308	1122	1042	1103
19730	723	576	784	762	617	669
338375	0	0	0	0	0	0
192140	0	0	0	0	0	0
234852	2146	2153	2485	2422	2194	2235
108168203	0	0	0	0	0	0
56873	155	142	123	116	121	127
18787	32	37	30	52	42	37
225341	11	11	18	14	19	13
26446	1488	1945	1704	1659	1791	1492
70911	0	0	0	0	0	0
18738	10369	11637	11475	9582	9716	9258
20907	5	12	13	17	6	9
22693	26	10	36	43	30	17
20102	19073	17894	18618	17365	16253	17118
27973	644	654	710	706	680	616
21961	1517	1055	1428	687	512	567
14460	2	2	3	2	0	6
216965	2246	1806	1703	1540	1677	1744
231125	382	299	369	401	365	398
22446	0	0	0	0	0	0
233057	46	43	52	42	29	45
108167594	1	3	1	2	0	0
71923	378	341	442	481	387	365
58186	271	375	281	234	260	262
100861753	1858	897	1338	923	831	989
236915	10	9	8	11	9	11
18510	0	0	0	0	0	0
60595	5114	6427	6026	6048	5519	5395
56050	83	68	84	44	33	36
20852	4498	4915	4949	5140	4996	5002
66714	310	275	259	202	245	216
50762	618	587	636	654	625	667
234214	2	0	0	3	0	0
56213	12	1	12	18	7	7
545611	0	1	1	0	3	0
100756	365	353	431	420	409	395
23807	831	737	845	847	833	881
241275	0	0	0	0	0	0
76303	1628	1589	1644	1486	1592	1553
269344	3	4	2	7	2	1
54208	5452	5867	5784	5322	5758	5327
13544	457	558	546	528	438	440
73296	9	1	3	6	11	4
269470	794	796	762	726	772	683
241230	3	1	2	2	3	2
71037	0	0	0	1	0	0
56386	6298	5174	5233	6324	6256	6667
68283	5	7	7	3	4	8
257633	207	252	209	214	207	188
74570	454	380	415	371	344	408
105651	121	117	123	152	108	139
71059	72	69	71	68	67	59
20541	1398	1459	1358	1136	1265	1300
18670	614	568	576	751	722	715
74194	544	473	514	271	286	322
50498	1415	1027	1431	1278	1206	1178
11668	10	2	10	1	0	8
16180	272	296	269	233	218	202
11739	3254	3349	3355	3218	3187	2966
12702	129	118	123	79	69	82
242297	180	184	178	187	189	175
394435	180	203	158	50	70	59
100040248	0	0	0	0	0	0
320508	0	0	0	0	0	0
28035	562	686	709	595	672	630
100503924	11	8	6	3	9	3
17364	1	0	1	0	2	0
228765	6	0	4	3	5	2
52793	0	0	1	0	1	1
12818	0	0	0	0	0	0
99412	1267	1272	1303	1257	1275	1254
100502846	0	0	0	0	0	0
21877	1275	2023	1673	1202	1132	1012
226922	1	1	0	0	1	1
15135	0	1	0	0	0	0
545253	0	0	1	0	1	0
56419	539	757	541	422	518	447
243510	146	143	130	150	140	140
17925	4275	4337	4704	4457	4148	4253
13999	79	65	78	62	75	76
72330	0	0	0	0	0	0
403174	27	27	20	21	20	23
13823	43	34	43	79	75	87
30839	523	593	602	696	622	546
78795	126	108	108	121	129	116
30925	20	15	21	15	15	9
30933	686	679	820	733	692	645
66725	226	305	258	212	243	244
74252	742	846	790	671	719	732
58205	5	2	8	6	8	7
26972	0	0	0	0	0	0
100042533	1	2	0	0	0	0
19317	4995	4551	4214	3615	3933	3946
56448	17	11	17	16	20	10
224756	0	0	0	0	0	0
77626	715	853	761	731	688	692
71777	316	289	268	232	274	256
108077	1350	1386	1578	1523	1467	1419
15375	0	0	0	0	0	0
276919	197	242	229	264	261	246
381310	0	0	1	0	1	0
74766	410	442	440	432	463	395
53334	1060	1078	1057	1054	1134	1107
105351	186	205	198	173	197	219
76795	2108	2298	2504	2362	2219	2160
22388	8421	9184	8977	8372	8342	8200
215999	353	453	345	335	357	325
208263	3377	3326	3356	3179	3222	3217
99375	1411	1503	1481	1363	1418	1445
217733	1	3	1	0	1	0
245841	150	151	150	144	169	167
231841	455	443	507	469	451	438
213211	818	1103	1001	746	806	713
17122	449	300	422	372	325	315
213326	1128	1086	1086	950	948	1059
56520	297	334	375	350	342	291
68260	151	209	218	181	206	155
66928	705	688	661	647	681	638
432779	10	17	13	9	14	11
84112	1	0	0	0	1	0
259279	637	714	701	634	594	589
21789	3	0	2	2	2	1
20199	0	3	0	0	1	0
217835	863	757	875	1061	907	943
67733	89	89	62	63	67	63
22318	542	461	565	441	469	486
210808	1540	1101	1359	1784	1842	2094
100043403	313	282	245	218	219	226
381693	0	0	0	0	0	0
78910	1	0	0	0	0	0
212647	411	374	464	446	413	440
170459	2054	1857	1841	1825	1965	1836
15413	1	0	0	0	0	0
70984	976	933	944	992	1067	1056
241694	1151	1473	1219	1038	1196	1162
14190	729	385	521	514	495	575
67547	237	287	250	227	259	247
102640673	105	99	91	71	78	76
20204	0	0	0	2	0	0
545650	2	0	1	1	0	0
12374	0	0	0	0	0	1
18356	1	0	1	0	0	0
69882	831	954	924	833	802	861
66931	57	44	55	49	55	73
12727	1359	1172	1328	1459	1485	1684
50849	3361	3607	3707	3629	3543	3351
54135	223	129	168	138	117	114
381489	0	0	0	0	0	0
69961	238	251	260	268	243	196
50912	888	1018	1013	955	890	847
66689	640	577	579	452	455	451
20555	76	45	80	39	26	31
19649	2	0	0	1	0	0
192654	3421	2703	3282	4078	4012	3932
210417	0	0	0	0	0	0
72649	636	700	651	573	590	533
626832	150	145	132	96	100	116
215090	0	1	2	0	1	0
108837	756	843	782	654	750	710
72179	125	181	145	147	168	142
16495	0	0	0	0	0	0
319742	7	14	11	11	6	11
233199	0	0	1	0	0	0
104346	247	285	273	283	261	245
229706	3	1	4	1	3	1
93699	0	0	0	2	0	0
210162	0	0	0	0	1	0
118567804	0	0	0	0	0	0
268567	1633	1346	1498	1653	1535	1725
217341	1	1	1	0	0	2
116905	251	298	306	307	291	302
56193	8502	9172	7524	8842	9519	9700
16828	13802	22706	17903	16755	17060	16108
68799	432	434	423	411	428	391
118568627	0	0	0	0	0	0
229672	11	21	23	14	17	13
14263	316	231	277	252	240	234
68490	133	144	162	170	171	136
66326	0	0	0	0	0	0
67464	107	0	0	0	53	53
72169	7	5	5	6	6	10
59005	645	682	640	704	641	623
20536	24	23	36	30	39	28
12918	0	0	0	0	0	0
327951	728	657	689	592	687	621
243958	0	1	2	1	3	1
100169	472	623	537	479	439	462
70568	1925	1829	1694	1518	1637	1668
26942	36	47	37	28	40	33
15572	0	0	0	0	0	0
16331	6168	6769	6874	5555	5379	5232
19934	3563	3320	3476	3238	3501	3446
15288	478	671	683	568	581	573
23970	2336	2843	2577	2073	2013	1939
16768	3	4	3	1	7	3
226591	657	690	657	536	643	644
76686	2	1	3	0	2	1
213043	2	4	3	1	2	0
14450	841	1144	1034	1045	1062	995
268933	372	382	404	368	372	364
12018	2055	2608	2301	2136	2202	1989
20257	0	0	0	0	0	0
11671	1381	1333	1377	1354	1327	1313
54422	0	0	0	0	1	0
11865	289	366	319	240	250	239
66595	96	129	108	113	111	104
216344	1290	1380	1349	1126	1272	1145
106504	3325	3165	3230	2669	2795	2729
15112	3	9	6	7	4	2
66136	318	342	329	317	277	324
227327	30	49	44	34	21	17
72368	574	503	557	544	531	552
77721	440	550	484	411	436	433
244349	1417	1260	1260	1085	1138	1146
13115	0	0	1	0	1	0
19267	1505	1564	1569	1675	1697	1636
246709	0	0	0	0	0	0
13088	0	0	0	0	0	0
17829	3	3	1	1	1	1
74365	2567	2905	2459	2209	2386	2271
19013	0	0	0	1	0	0
67130	998	778	1000	962	780	878
276770	7195	9616	8722	8760	8899	8604
381201	482	534	577	601	521	483
56412	208	283	253	245	230	234
100090	84	98	103	97	100	112
80750	1084	1045	1066	863	814	914
100040599	0	0	0	0	0	0
66552	3590	3139	3148	3026	3170	3223
59049	17	12	21	20	12	16
229285	864	796	850	856	886	871
98267	2537	2399	2152	1807	1938	1929
23830	185	180	194	187	179	179
102640040	0	0	0	1	0	0
243967	0	0	0	0	0	0
72014	1	0	4	0	0	0
68968	349	446	393	354	334	362
64660	400	463	521	449	419	371
107817	364	398	401	383	378	378
68043	321	310	325	288	329	300
11928	8798	10257	10002	9848	9310	9300
13123	1	0	1	3	0	0
74197	259	315	283	268	279	292
67236	359	393	365	410	433	483
67821	0	0	0	0	0	0
78689	416	449	372	393	415	352
18718	3463	3112	3239	2882	2873	3052
18746	35906	52523	45979	42522	41502	38825
70999	1010	1221	1092	971	985	869
235582	34	37	44	31	32	23
15481	34479	31691	34430	36178	33981	36716
73910	2686	2251	2387	2164	2149	2284
13872	769	926	907	832	819	732
66368	464	559	492	489	519	474
22762	3	1	1	0	1	0
16819	58	12	54	29	6	21
102209	271	347	353	330	276	273
19737	3	0	0	2	1	0
66119	1079	1173	1358	1349	1368	1181
269585	109	120	130	108	106	121
20467	1429	1596	1566	1526	1531	1370
27215	1250	1126	1054	934	1020	1010
76501	453	450	457	430	362	307
66056	252	224	304	245	241	235
20068	7026	6869	7461	7440	7404	6959
68988	1265	1461	1301	1335	1239	1325
170732	1	0	0	0	0	0
22110	1803	1588	1767	1454	1535	1602
107829	631	741	646	650	659	704
66151	2924	2927	3374	4314	4206	4088
16403	7847	7693	7362	4597	4545	4579
12268	20	8	13	16	12	14
67515	460	457	454	400	513	481
56018	9	31	28	25	19	22
72141	508	597	542	1001	1050	1000
68279	690	592	638	626	620	704
386612	398	499	415	430	436	413
72825	238	250	235	243	223	211
78834	164	159	175	158	137	138
78908	5	22	11	4	8	6
72008	341	322	353	367	328	312
12453	4004	3601	3684	3266	3618	3400
20210	27	40	36	48	29	40
83408	4	0	0	2	3	2
73711	811	870	890	877	843	775
67792	1	0	0	1	0	1
18226	1554	2288	2019	2111	2060	1941
19366	557	706	618	521	449	452
231872	236	307	306	286	254	269
117599	733	864	753	698	736	672
21331	1	2	0	2	0	0
76108	2883	3439	3066	3006	2985	3013
74326	1871	2156	1876	1712	1720	1734
56305	1443	1721	1461	1437	1388	1417
232984	827	919	978	794	747	654
218973	549	856	664	489	559	482
633979	1	0	0	2	1	1
77056	276	283	263	476	420	432
17116	0	1	0	1	0	0
72736	2006	2001	1710	1529	1799	1647
20667	22	27	19	20	14	22
76223	44	55	47	47	43	40
64383	3153	2922	3258	3267	3077	3160
104010	0	0	0	0	0	0
71583	26	30	24	32	17	16
12892	412	436	412	406	439	452
67747	0	0	1	0	0	0
387512	0	1	0	0	0	1
50996	327	339	353	325	324	329
77862	468	537	509	459	442	440
72041	170	166	185	156	174	167
17968	5	0	3	0	3	1
83558	6	0	5	2	0	1
66834	445	527	481	437	497	464
243548	4	3	4	3	6	1
212980	17	15	13	25	16	15
218850	591	496	501	475	470	465
12075	1	1	1	1	0	1
67254	0	0	0	0	0	0
16640	0	0	0	0	0	0
229003	1295	1538	1575	1260	1145	1210
22271	0	0	5	2	4	4
170643	5	1	5	7	0	6
68055	74	105	85	99	94	80
75758	328	312	345	338	354	279
76737	396	559	519	492	489	479
67815	1	3	3	1	3	3
243866	1	0	4	4	0	0
235044	88	72	84	79	88	91
16432	44178	35110	42868	42387	41541	42507
54152	379	361	410	399	312	322
217980	1842	1969	1847	1709	1847	1780
212632	640	705	659	592	601	596
330959	602	576	559	503	531	560
66061	336	334	290	294	300	322
20200	8440	8280	6997	5879	6180	5635
277978	14	21	20	12	17	14
72240	0	1	0	1	0	0
226646	2621	2691	2870	2967	2772	2646
17992	1500	1584	1494	1655	1525	1435
269424	349	464	397	274	316	297
19339	70	64	87	83	85	80
93721	1	1	1	0	1	0
106512	1852	1605	2013	1976	1887	1803
67593	0	0	0	0	0	0
21818	0	0	0	1	0	0
67488	838	660	817	874	772	844
66385	883	954	867	836	868	821
56458	307	235	260	271	272	270
54624	975	1005	1026	965	946	979
19058	2572	2453	2311	2353	2577	2643
93891	0	0	0	0	0	0
18429	0	0	1	0	0	0
20310	81	49	50	42	38	42
66990	774	813	874	913	864	768
216799	1650	1519	1616	1648	1501	1583
100503386	61	69	59	10	14	19
110962	567	669	624	591	581	588
171282	5	6	9	6	4	6
100073351	115	113	114	83	86	75
18111	0	0	0	0	1	0
217325	40	58	86	61	62	54
53603	3	6	2	2	1	2
408022	361	386	347	271	291	317
545622	29	53	32	24	22	27
319552	3	3	2	4	5	1
17932	0	0	0	0	0	1
70673	63	54	62	34	47	36
102639802	1	2	1	0	1	2
116848	1998	2061	2078	1941	1949	1918
107351	3	2	0	1	2	0
232146	0	0	0	0	0	0
72201	951	1023	1017	933	979	1020
50784	635	801	777	744	724	671
243931	1	1	2	1	0	1
14381	5628	5540	5656	6130	5563	5929
194974	0	1	0	0	1	1
12771	162	112	125	101	105	113
93961	4	8	4	2	3	1
71733	6	3	4	7	3	3
241556	0	0	0	1	2	0
433742	0	0	0	0	0	0
108857	1591	1688	1695	1504	1528	1597
20411	28	40	34	44	43	53
58218	20	48	41	15	11	10
228730	245	207	240	202	227	207
209224	533	496	566	491	496	483
94315	567	642	695	585	624	570
213990	1613	1607	1855	1704	1536	1535
22418	1	0	3	1	1	0
69536	77	76	84	92	89	88
19716	0	0	2	0	0	1
11496	12	5	10	32	29	35
18406	0	1	0	0	0	0
20437	189	185	182	143	157	175
19201	604	420	476	378	348	409
69090	357	335	367	346	333	329
16647	2725	4192	3152	2411	2605	2242
53313	1264	1906	1677	1186	1230	1057
118568339	17	10	10	14	10	15
19223	2	1	0	1	4	1
16803	144	68	120	511	522	550
54343	1048	1038	1000	863	849	851
230806	7	10	6	4	0	1
17474	9403	7970	8076	7028	7855	8340
56048	2285	1996	2062	2079	2103	2149
52700	1846	1839	1747	1584	1852	1881
380836	794	847	804	833	810	844
105244600	1	0	0	1	3	0
20539	340	905	641	629	710	494
268301	644	395	408	636	680	666
619941	0	0	0	1	0	0
66208	417	391	382	344	311	319
59042	1315	1605	1616	1602	1486	1362
219134	0	1	0	0	0	0
16565	1045	1141	1165	1126	1102	998
100039441	0	0	1	0	0	0
13033	161809	162220	170992	260983	246936	248454
624219	0	0	0	0	0	0
70031	19	17	16	12	18	17
105148	1749	2348	2061	2314	2451	2434
14247	1362	1357	1226	1065	1088	1039
21343	574	690	648	622	604	588
71890	219	271	283	280	226	252
15379	0	0	0	0	0	0
21938	8488	7507	9237	7494	7041	7194
223527	498	559	518	434	454	457
234678	667	654	717	634	639	671
74443	3	14	14	15	6	6
69926	1	2	6	4	1	2
385658	27	27	31	35	27	22
270757	4	0	1	0	0	0
16801	3085	3571	3697	3193	2972	2825
51938	20	14	15	11	12	11
328329	7	14	12	6	5	4
21906	0	2	0	0	0	1
67772	1680	1798	1793	1612	1609	1554
20532	1	1	0	0	1	0
214150	868	777	753	679	667	690
237782	2179	1963	2076	2203	2068	2141
380785	0	0	0	0	0	0
53975	353	436	407	349	399	376
28240	229	255	243	314	337	352
70297	604	624	554	433	451	453
26557	0	0	1	0	0	1
70611	857	800	781	659	716	708
20701	0	0	0	0	0	0
14580	3	3	2	3	3	1
71765	1188	1357	1351	1387	1279	1279
93898	0	0	0	0	0	0
70088	378	413	402	378	366	390
100041586	2	2	2	0	0	0
68046	132	171	124	108	143	130
65963	1030	236	743	1316	1183	1499
240322	0	0	0	0	0	0
56795	767	592	721	811	704	862
26373	3256	3091	3567	4585	4142	4264
21750	521	539	521	498	450	473
18453	11237	13817	12709	12142	12333	11834
76485	579	539	549	526	572	526
229211	490	603	543	526	547	507
258019	0	0	0	0	1	0
67014	449	494	433	402	458	454
76789	987	961	887	771	866	821
100039794	0	1	0	0	0	0
331487	1294	1065	1080	867	1002	985
246782	420	438	414	404	407	385
52184	305	357	280	189	240	258
330409	0	0	0	0	0	0
330355	1	0	0	1	1	1
14630	2320	2831	2580	1911	2119	1942
13135	1692	1816	1822	1894	1715	1563
68816	453	709	546	472	444	436
11307	2917	1528	2537	17211	16141	16510
117167	0	0	0	1	0	0
13478	1401	1541	1573	1566	1425	1380
223690	258	292	284	239	230	229
246102	300	362	352	286	331	305
56468	560	528	516	504	497	510
12055	319	397	373	340	306	323
22751	460	420	440	580	681	721
53605	9006	8919	8629	7209	8081	7742
26436	109	88	97	60	75	88
116621581	975	1112	1129	1117	1064	1169
14180	0	0	0	0	0	0
76770	0	1	1	0	0	0
68212	641	637	700	694	681	703
330502	88	74	95	97	83	67
621823	207	169	151	147	139	130
207704	249	263	210	223	250	261
64291	482	625	522	462	518	516
328110	944	855	702	626	721	693
16522	1	0	1	1	0	0
56399	1416	1405	1450	1312	1345	1385
70834	3596	3325	3347	3326	3521	3604
228913	1532	1386	1466	1423	1264	1265
15163	7068	6990	7555	7591	7313	7282
57757	0	0	0	0	0	0
23900	160	100	141	116	112	112
11828	2	0	1	0	0	1
666704	556	702	709	577	604	611
16548	371	295	415	347	346	328
328580	440	640	563	487	528	484
29809	386	319	286	267	265	225
18003	281	349	341	269	239	269
14806	0	0	0	0	0	0
100342	2	1	2	0	1	0
232853	224	187	210	179	199	186
245945	1419	1382	1400	1288	1262	1237
54325	2715	2855	2928	3390	3171	3150
71146	0	0	0	0	0	0
230735	0	0	1	1	0	0
244373	1281	1229	1178	1172	1206	1168
68632	2	1	2	1	0	0
100041574	92	97	82	79	76	114
67844	2313	2661	2461	1502	1735	1598
66578	466	618	534	465	426	399
72898	0	0	0	1	1	0
208795	885	1087	1044	1022	867	799
213993	487	461	491	437	463	442
68991	1300	1338	1317	1392	1436	1347
380768	0	0	0	0	0	1
28084	1444	1527	1446	1404	1435	1299
237403	0	0	0	0	0	0
230787	3069	2488	3163	3072	2665	2844
12111	65	25	54	74	44	58
20222	518	669	652	570	517	527
65098	1705	1574	1609	1461	1581	1527
12825	21	4	12	16	8	9
387524	1180	851	980	911	931	932
74087	15	1	9	3	3	2
21946	5	0	1	2	0	1
330578	1	0	0	0	0	0
68441	909	908	948	1058	1055	1090
50883	506	637	535	465	436	441
258790	0	0	0	0	0	0
57911	0	0	0	0	0	0
330830	2	0	1	0	0	0
74132	1033	1216	1063	975	1025	1033
21664	36	36	52	104	86	99
12368	459	422	485	394	361	395
69171	1689	1372	1657	1652	1581	1575
22363	0	0	0	0	0	0
68099	242	312	254	211	260	207
52846	560	650	617	582	543	561
333050	18	10	21	67	74	67
219094	1263	1060	1189	1031	995	1021
55993	0	0	0	0	0	0
20289	1	1	0	1	0	1
20655	3945	4262	4068	3473	3382	3380
69908	2	5	1	1	1	1
238831	325	355	275	227	268	267
69101	94	128	135	116	122	88
13733	30099	22587	27082	25179	24164	26864
58523	1305	1419	1367	1331	1408	1352
16792	27328	26347	31606	32307	29786	29767
12929	1302	1312	1271	1211	1169	1191
240672	58	53	73	66	62	59
52469	628	609	649	715	665	654
227743	701	887	848	803	793	794
100504663	419	360	467	405	392	384
24004	1	1	0	0	1	0
80283	592	482	614	695	573	538
16560	12	4	8	15	14	15
73068	505	511	487	578	534	526
54635	62	22	31	38	28	35
100504346	0	0	0	0	0	0
14587	0	0	0	0	0	0
66548	219	337	307	352	356	351
11471	0	0	0	0	0	0
238130	780	927	841	685	687	673
237775	57	62	51	54	53	44
17873	349	323	403	422	407	361
67263	839	770	793	795	874	825
15427	0	0	0	0	1	1
21923	16	6	12	34	21	23
80877	279	307	269	293	284	302
68713	95	51	88	113	52	83
114715	3781	3284	3102	2794	2794	3000
100043688	0	0	0	0	0	0
18600	936	871	976	957	974	939
17215	1837	3055	2458	1994	1897	1717
56392	924	1027	913	784	855	827
328035	127	129	131	98	96	97
232016	0	0	0	0	0	0
207212	22	28	19	20	22	12
15904	0	0	0	1	0	0
24117	0	0	0	0	0	0
69742	1639	1604	1853	1642	1487	1466
19075	405	449	357	262	278	259
76438	1790	1916	1960	1744	1688	1648
83962	1667	1448	1423	1407	1473	1591
66989	1617	1681	1665	1529	1449	1518
243842	474	458	556	464	423	439
271813	1	0	1	0	1	1
66930	0	0	1	0	0	0
73103	23	7	17	18	21	17
66114	325	351	378	420	347	326
229541	1474	1424	1629	1578	1499	1546
18181	512	547	510	507	483	451
22156	129	151	120	127	122	92
70789	9	4	8	7	9	11
21423	697	866	889	706	731	591
67892	180	201	227	224	209	174
18636	7123	7023	7660	12667	12064	12345
26450	413	345	331	320	305	322
102632693	0	1	1	0	2	0
66589	3148	3287	3436	3237	3150	2959
320635	0	0	0	0	0	0
408191	0	0	0	0	0	0
12029	2	5	8	5	2	2
22286	0	0	0	0	0	0
217705	18	18	15	12	7	14
69459	689	787	841	845	794	780
257882	0	0	0	0	0	0
83961	13	16	16	9	14	14
18475	1901	1931	1811	1686	1872	1802
110379	1392	1671	1446	1490	1515	1412
14198	20	12	14	13	19	10
70713	9	7	6	8	12	10
73376	0	0	0	0	0	0
102639919	2	2	4	6	5	6
18176	2927	2901	2653	2647	2687	2727
11951	1023	1359	1416	1422	1382	1250
229599	28	38	25	32	23	30
78610	1287	1327	1335	1275	1282	1330
239556	0	0	0	0	0	0
100504234	1	2	0	0	1	1
271377	343	347	334	277	335	324
104570	1551	1411	1318	1076	1181	1239
394434	0	0	0	1	0	6
12753	759	773	661	630	716	680
94181	1296	1724	1652	1376	1346	1265
56550	3245	3137	3095	2885	3028	3094
15212	6741	6502	6462	6211	6303	6470
24110	365	334	347	248	252	231
24115	23	15	26	25	24	35
224647	3998	3923	4016	4182	4060	4001
101476	1288	1122	1158	1119	1160	1198
16452	832	715	763	649	678	698
212706	154	120	180	108	98	90
18442	339	364	352	504	450	428
110052	3408	3533	3049	2258	2378	2462
108167670	0	0	0	0	0	0
12552	39	36	38	46	32	41
67041	4336	4253	4238	4336	4513	4361
110109	501	678	635	656	643	603
18599	1	1	1	0	0	1
105377	175	247	163	153	164	163
272027	827	782	816	761	753	727
52428	1	0	0	1	0	0
632778	0	0	0	0	0	0
12631	23303	27315	25429	23305	21703	21000
69504	467	401	415	330	363	420
320208	2	2	3	0	2	2
320832	93	85	67	43	39	51
14085	110	99	110	97	90	88
52715	527	529	446	435	487	452
11637	1243	1403	1360	1342	1295	1269
18640	518	517	473	490	523	525
19085	62	64	73	65	76	59
68875	232	276	301	252	203	186
66169	1219	1090	1008	952	976	1022
622098	1	0	0	0	0	0
76484	0	0	0	0	0	0
270192	208	166	204	245	233	222
74015	526	656	648	495	444	381
12273	11431	12238	13222	15525	13948	14320
70536	649	726	668	660	538	665
329436	14	3	9	14	19	20
231148	8	13	11	22	18	16
545728	0	0	0	0	0	0
67671	3771	3428	3175	3093	3273	3151
17025	205	262	259	263	228	246
17210	15596	12830	13321	13128	13590	14122
75172	1	0	0	1	0	0
140493	4	0	0	0	1	0
57317	997	1127	1134	930	890	888
329972	0	0	1	0	0	0
66245	452	607	674	548	514	475
11601	33	32	27	44	27	36
215951	186	166	170	173	219	183
67390	78	95	64	84	69	103
78323	610	545	548	514	497	541
67397	4834	4923	4702	4777	4520	4370
105940408	43	98	69	72	107	87
66492	1829	1840	1757	1432	1620	1532
106766	1	5	4	3	6	5
57385	0	2	0	0	0	0
230587	0	0	1	1	0	0
279572	9026	9005	8474	7409	7256	7798
544963	1674	1955	1832	2126	2205	2193
320685	43	67	54	66	56	57
18984	5704	6429	6633	7386	7120	6894
22099	1705	1821	1819	1671	1797	1609
216767	223	303	288	259	246	256
102637899	2	0	1	4	2	0
16571	688	887	770	463	546	448
210027	0	0	0	0	0	0
72656	529	512	505	429	467	463
66812	337	393	384	300	293	311
52696	1101	1222	1156	1223	1096	1199
56347	4945	5548	5513	5378	5438	5399
115487436	0	0	2	0	0	0
98999	3716	3428	4135	3650	3436	3525
238555	0	0	0	0	0	0
70432	462	420	398	367	466	412
67678	343	472	410	305	330	297
52397	507	490	423	358	389	425
231214	86	91	71	65	81	54
259301	0	0	0	0	0	0
12569	55	36	44	22	30	25
67725	350	322	376	287	335	296
28199	1495	1452	1552	1538	1578	1471
66270	1468	1388	1248	1257	1336	1305
66511	1846	1870	1891	1718	1768	1777
12036	1294	1294	1537	1370	1375	1351
50788	165	168	241	200	169	149
12122	1234	1531	1491	1261	1176	1197
20751	401	396	424	430	400	395
97998	484	325	446	358	352	390
74356	55	85	67	63	59	46
67942	3082	2851	2988	2824	2964	2763
22258	1812	2056	2004	2081	2182	2046
26416	3791	3455	3826	3490	3495	3523
18574	1007	1009	1063	1096	1050	1169
246696	343	465	447	378	369	331
230895	1383	1276	1295	1313	1310	1344
11767	1145	1294	1263	1108	1076	1025
67474	1256	1205	1118	1072	1171	1165
72775	324	304	352	381	362	321
68631	892	1000	997	858	813	768
230815	3637	3384	3831	3781	3371	3425
110385	0	0	0	0	0	0
320095	10	7	14	16	9	17
76073	422	451	372	335	403	337
100039786	599	797	775	834	754	577
76510	702	688	835	768	787	777
15458	5	2	2	2	6	5
76156	0	0	0	0	0	0
20641	1014	1211	1012	887	1003	878
16477	1817	1560	2101	2577	2016	2233
69397	0	0	0	0	0	0
105245436	1	0	0	0	0	0
109129	898	1001	953	886	952	875
106338	356	351	309	283	298	310
494468	133	143	128	115	127	144
11750	3157	3239	3229	3426	3322	3314
319164	0	0	0	1	1	2
24052	1	0	1	1	1	0
20042	7644	7555	8054	7630	7502	6674
327747	0	0	0	0	0	0
547431	9	3	6	5	6	0
101706	2747	3085	3287	3080	2846	2715
621603	0	0	0	0	0	0
12046	0	0	0	0	0	0
268783	702	753	710	633	587	658
76072	2	5	6	6	5	0
66537	3047	2965	3049	2800	2882	2921
67417	82	91	111	89	83	105
70640	1134	1110	1011	987	980	1031
381823	20	23	27	8	11	9
101056205	0	1	0	0	1	0
257889	0	0	0	0	0	0
11513	6958	6551	7385	7194	6863	7214
214106	25	18	17	8	17	19
104923	712	591	674	684	700	740
53861	1479	1478	1248	1195	1250	1252
115488350	1	2	1	0	2	1
319888	0	0	0	0	0	0
67878	1084	1077	1043	1042	1169	1040
208194	140	173	160	127	139	129
97165	3158	3784	3256	1930	1846	1839
71001	0	0	0	0	0	0
20621	55	46	57	61	68	79
17918	7963	7972	7712	6585	6591	6436
52530	544	734	670	640	717	651
17692	1353	1366	1362	1296	1346	1325
12770	17	13	11	17	13	16
243659	0	0	0	1	0	0
100213	1128	1272	1317	1591	1417	1393
109672	2238	2677	2554	2216	2238	2095
66388	157	171	179	181	198	175
242838	1	0	0	0	0	0
14708	112	109	122	119	130	113
668213	0	0	0	0	0	0
382066	252	280	251	201	236	203
56363	1	0	1	0	0	0
22229	2	1	0	0	0	1
12338	0	0	0	0	0	0
71912	3	0	1	3	4	2
238722	64	58	62	47	58	56
217370	1799	1792	1847	1682	1659	1684
320538	731	695	690	591	721	753
16653	1296	1387	1097	939	975	1005
66400	132	169	203	178	165	164
271144	1	0	0	1	0	1
320100	110	114	122	118	85	110
19099	7	5	9	5	12	10
328660	16	8	7	12	8	14
381485	0	1	0	0	0	0
15234	396	313	304	251	296	302
93837	0	0	1	0	1	0
100042807	3	4	1	4	7	0
27376	966	1121	1159	1205	1009	963
76630	540	551	558	495	493	512
80795	1851	1736	1854	1878	2060	2111
330938	2	0	2	2	1	1
72265	4092	4203	3813	3312	3567	3625
30963	100	148	129	117	134	122
109815	943	1016	961	988	951	1009
66314	970	1019	986	961	977	942
58202	1192	1198	1284	1227	1078	1123
77777	314	391	370	285	293	333
16588	220	250	245	207	184	188
13349	0	0	0	0	0	0
19230	2566	2560	2511	2101	2185	2253
12683	0	0	0	0	0	0
80280	466	551	603	506	499	454
245828	986	1044	1047	1051	983	965
69121	0	0	0	0	0	0
14969	1845	577	1414	1662	1383	1729
68221	0	0	0	0	0	0
14368	1	2	3	1	1	2
13607	1	3	1	1	0	3
15931	1902	1666	1570	1449	1430	1485
319475	287	287	306	282	260	283
66902	575	721	656	602	635	579
54683	3345	3172	3537	3581	3354	3217
67445	0	0	0	1	0	0
225743	0	0	0	0	0	0
192216	3	0	1	0	1	1
239766	0	0	0	0	0	0
20350	4	2	2	6	4	4
68695	89	85	100	83	86	84
22384	5421	6526	5989	5629	5643	5336
100294583	0	0	0	0	0	0
217057	312	291	262	241	312	243
210573	1	0	0	1	0	0
68792	6	0	2	4	8	0
74482	0	0	0	0	0	0
14894	406	478	428	407	390	431
12607	573	600	613	548	618	613
109065	185	213	204	190	189	195
432839	0	0	0	0	0	0
58243	0	0	0	0	0	0
319155	0	1	0	0	0	1
74748	257	95	230	308	287	338
12444	281	315	278	232	205	172
72522	48	38	41	50	47	57
69169	0	0	0	0	0	1
210710	167	168	167	117	124	146
15444	0	1	0	0	0	0
21813	2525	2445	2680	2363	2250	2357
67753	2	2	2	1	3	1
243371	305	221	275	279	253	289
57253	0	0	0	1	0	0
30934	765	776	711	704	776	725
16852	22074	22967	20354	19177	19385	17099
74030	5196	4707	4881	3979	3870	4127
14998	1260	869	1192	1073	974	1037
20842	1112	1105	975	837	914	881
20639	1370	1198	1104	963	1070	1144
321000	322	282	254	209	254	218
545654	0	0	0	0	0	0
12813	0	0	0	0	0	0
72895	1847	1995	1962	1670	1728	1762
11486	80	149	119	83	78	67
22017	121	106	84	103	111	140
18822	4712	5425	5458	5216	4699	4588
66158	345	365	466	426	442	397
105245342	0	0	0	0	0	0
78372	325	348	361	318	304	306
233038	2	0	3	1	1	1
68682	2129	2580	2473	2233	2154	2088
208943	2	1	2	4	2	2
233987	290	262	216	193	193	180
12416	113	159	125	127	102	108
75234	1535	1279	1618	1496	1412	1420
17096	4793	4927	4690	3894	3901	3876
244958	0	0	0	0	0	0
213464	1217	1356	1234	1141	1190	1198
17304	2903	2874	3388	3035	2671	2758
67997	110	127	113	111	91	127
382118	29	26	16	32	36	32
226026	868	1015	853	656	745	726
16323	4	9	6	2	9	4
232969	15	10	12	8	11	18
13645	10	11	9	7	14	3
72148	0	0	0	0	0	1
13712	559	560	600	661	633	648
17147	0	0	1	0	0	0
94040	1	1	0	2	0	0
11777	2676	2356	2247	2036	2239	2170
75613	696	810	866	820	750	716
102633230	0	0	0	0	0	0
19173	1586	1979	2003	1951	1965	1722
229589	604	565	592	620	668	666
66438	0	0	0	0	1	0
20935	455	628	565	503	542	511
100041546	156	54	109	79	58	65
69672	935	900	935	903	879	848
18415	796	821	751	643	772	691
76969	13	27	16	12	13	12
50878	52	72	64	37	32	34
27359	3	10	4	1	2	5
11735	0	0	0	0	0	0
227700	572	620	701	664	656	602
23854	921	1071	1090	876	916	846
11428	1177	1352	1324	1415	1421	1448
212153	126	117	119	106	122	115
22781	0	1	0	1	2	1
56737	655	602	618	682	748	667
319924	363	324	371	371	367	330
244864	306	299	306	252	261	273
20666	0	0	0	1	0	0
107733	280	325	278	324	332	287
16165	0	0	0	0	0	0
52014	2704	2474	2242	2459	2700	2619
407790	1	0	0	0	0	0
244144	407	282	357	387	409	430
67917	78	82	78	56	73	56
104910	4	5	6	6	4	6
192185	3571	2978	3671	3565	3437	3810
192292	1664	1692	1715	1569	1502	1526
115489417	179	235	204	167	181	174
109880	661	666	588	630	666	658
67899	335	301	311	257	276	279
223722	211	215	232	226	204	219
76416	58	52	44	38	46	37
74142	1032	1228	1145	1215	1211	1113
19707	731	842	819	655	623	615
13809	0	0	0	0	0	0
15962	0	1	0	0	0	0
404337	1	0	0	0	0	1
12050	901	814	836	942	987	1019
226098	19	14	24	23	17	12
212198	86	96	108	91	90	94
66917	887	815	715	678	766	786
106052	280	287	250	243	253	232
20910	644	624	686	712	718	699
11501	24855	34196	31028	30964	29641	28408
20306	169	477	242	337	434	349
14205	4	1	5	3	1	3
19038	103	128	97	112	85	78
54125	206	231	241	234	166	220
67775	1915	1522	1753	1365	1236	1417
209743	0	1	1	0	0	0
73242	102	107	107	130	99	119
18315	1	0	0	0	0	0
73078	772	908	899	947	912	854
280668	34	29	26	18	27	25
58865	0	0	0	0	0	0
16891	1	0	0	1	0	2
58251	6	8	6	2	2	4
66274	157	137	130	152	128	159
666501	0	0	0	0	0	1
75777	28	13	18	22	22	12
74204	1875	2124	2213	1991	1936	1872
382551	2602	2493	2480	2459	2516	2640
71667	1240	1432	1391	1236	1295	1334
57435	0	0	0	0	0	0
109700	83	55	76	51	52	46
278672	0	0	1	0	0	0
100504195	5	15	12	11	7	5
66980	1036	1203	1128	1068	1107	1130
75572	10	12	8	8	12	5
71908	0	1	0	0	0	0
78753	1	3	4	3	4	0
217684	4066	3480	3802	3927	3833	4210
66650	0	0	0	0	0	0
381126	3	7	5	8	10	3
71869	18	10	9	6	8	11
240327	252	66	149	118	104	148
16913	2825	3150	3198	2885	2930	2777
627214	0	0	0	0	0	1
69080	812	874	902	899	931	792
69029	1450	1507	1491	1494	1471	1363
268294	263	249	270	233	235	214
100862247	1	0	1	0	0	0
22772	0	0	0	0	0	0
57443	1665	1414	1550	1324	1501	1440
72555	57	55	52	57	86	55
237988	3	0	2	6	4	2
105734	41	43	45	59	47	48
381204	8	19	16	14	13	12
21941	33	30	29	34	19	18
105245389	2	0	1	0	0	1
320782	1000	1039	963	776	807	816
16513	223	57	179	167	186	196
19823	1492	1545	1492	1677	1709	1683
23894	298	392	281	243	308	283
77996	1	0	1	0	0	1
70681	119	155	118	117	109	133
227721	70	66	82	66	71	58
18033	2460	2410	2499	2240	2099	2164
54483	439	310	394	580	615	694
19341	85	67	72	97	82	87
11811	0	0	0	0	0	0
14725	1	2	3	0	0	0
67177	796	1093	1036	1018	1001	976
320253	37	36	39	30	27	34
75495	0	2	1	1	1	1
21667	4	0	0	1	2	6
75410	969	999	1113	1038	917	903
269401	486	486	481	420	417	446
20442	1767	1941	1846	1745	1617	1680
22637	2	0	0	0	3	0
17133	71	68	56	93	100	85
21411	905	962	971	907	945	961
233545	490	479	475	432	442	399
66926	562	668	549	488	491	540
56508	4	1	0	4	4	2
230162	157	122	118	105	117	137
211986	666	715	659	570	636	648
15370	243	239	250	182	199	184
24135	544	500	465	458	464	430
74309	8	4	4	3	4	5
234779	2820	3666	3453	2814	2677	2657
14633	0	0	0	0	0	0
70316	912	1021	898	850	969	901
14605	2683	2249	2498	2271	2344	2335
636104	0	0	0	0	0	0
20603	1627	1709	1477	1629	1804	1857
98732	2033	2285	2199	2297	2192	2155
103768	1	2	2	1	2	0
12491	34993	32070	31023	45147	47052	49995
214111	0	0	0	0	1	0
101437	645	714	727	685	687	638
67516	0	0	0	0	0	0
320713	542	536	523	417	429	483
319149	2	2	2	0	8	1
64929	18	22	13	12	7	6
228413	54	89	76	58	90	51
214112	0	1	0	1	0	0
70981	0	0	0	0	0	0
27402	352	385	384	365	414	395
60534	376	461	420	359	352	365
382014	304	354	355	420	384	374
19139	300	402	366	306	357	301
76960	3	2	2	3	4	4
67921	891	808	930	942	945	960
59010	1267	1341	1336	1154	1150	1146
66916	851	1025	1006	835	862	813
73603	0	0	0	0	0	0
12266	808	264	694	1115	1110	1401
331493	13	12	6	13	4	9
68423	147	141	160	180	173	163
626802	68	78	90	77	77	74
71897	0	0	1	0	0	1
229900	319	185	223	130	171	161
12014	20	13	16	29	22	19
16650	1573	1665	1574	1575	1490	1569
78816	2137	1996	2283	2263	1986	2195
100038570	0	1	0	0	0	0
97114	7	13	11	8	0	6
71149	0	0	0	0	0	0
67455	0	0	0	0	0	0
54004	886	872	846	703	785	784
50518	1	0	0	0	0	0
241066	113	96	87	66	88	79
56009	112	119	109	117	111	122
100040972	0	0	0	0	0	0
17391	6	1	3	2	0	0
320398	25	34	22	26	23	14
232196	266	256	263	271	283	270
76568	706	661	728	665	631	661
229841	1272	1672	1364	729	809	727
105847	1476	1959	1856	1531	1494	1448
338346	1	1	0	0	0	0
12765	17	6	10	15	7	9
13716	640	697	762	734	722	676
76959	1924	1880	1814	1671	1778	1781
16992	1	0	0	1	2	4
15502	2574	2706	2499	2251	2269	2468
22222	588	522	517	529	500	512
12826	42	40	48	16	24	33
118452	0	1	0	1	0	0
18022	50	37	57	54	56	75
632126	0	0	0	0	0	0
19221	187	340	236	167	198	186
57247	381	358	399	411	387	368
12496	6	1	2	1	0	0
225326	1057	1156	1077	1009	929	1009
30949	512	525	517	487	493	459
14794	648	585	743	712	696	677
15484	0	0	1	1	1	0
76938	1209	1413	1343	1165	1282	1214
19130	1	0	0	0	0	0
75553	1234	1347	1257	1165	1238	1091
69917	702	809	816	806	733	657
238024	198	206	209	168	171	168
22247	597	744	719	588	657	606
56494	2382	2564	2533	2721	2621	2611
225994	154	160	148	142	120	142
382245	85	99	82	75	82	72
193838	78	96	72	94	72	81
93711	0	0	5	3	0	6
15081	10883	11987	10560	10321	11078	10997
100042165	189	186	165	148	148	178
115490127	0	0	1	0	0	0
13859	990	1037	1101	947	950	968
67526	1493	1306	1374	1278	1320	1358
71995	0	0	0	0	0	0
229499	207	160	213	260	265	264
77125	0	0	0	0	0	0
70380	435	363	348	331	310	367
11565	2761	2663	2764	2954	2757	2672
16001	181	174	197	206	218	210
18293	3152	3597	3582	3496	3452	3362
72900	1259	1410	1265	1132	1170	1177
100504221	6	4	4	5	6	7
14050	1301	1427	1364	1366	1367	1285
69772	13	13	6	8	18	8
27226	5218	3438	4565	3923	4340	5048
216150	900	1086	1131	1108	1144	892
214901	212	320	317	210	210	193
279766	157	187	188	185	171	179
11941	1	0	0	0	1	0
16597	0	0	1	0	0	0
22351	711	789	809	669	670	576
114230	23	26	21	16	18	8
22668	3056	3361	3558	3192	3078	2931
66953	330	588	428	340	357	333
58194	2652	2678	2631	2083	2275	2276
545276	0	0	0	0	0	0
71876	143	187	140	107	109	110
224912	0	0	0	1	1	0
20295	0	0	0	1	0	0
56228	1665	1837	1566	1540	1616	1638
78826	15	4	6	8	6	1
231003	372	329	407	439	411	394
212517	0	0	0	0	0	0
15395	0	0	0	2	1	0
80912	1017	1075	1073	1096	1032	1067
234072	0	0	0	0	0	0
71078	1	0	0	0	0	0
78808	2020	2066	1929	1643	1710	1656
22195	4835	4975	4946	5228	5341	5204
234388	497	658	730	627	636	555
77613	5	17	15	16	16	18
665433	2	3	0	5	4	3
53893	617	866	604	625	649	645
671641	0	1	0	0	0	0
56620	1439	955	1168	1451	1714	1785
78783	1437	1668	1683	1413	1416	1444
319772	347	492	459	308	330	275
66880	788	815	791	657	702	712
241919	2	1	0	0	3	0
66446	275	350	330	312	315	304
12290	0	0	0	1	1	3
18753	6244	5966	6523	6106	5781	5897
12234	305	310	336	314	347	329
545124	3	1	1	0	3	0
213783	203	147	199	152	153	156
50908	0	4	3	4	1	3
11844	1642	1604	1863	1624	1551	1487
100129	1	1	0	1	2	1
74772	5953	5374	6948	7780	6717	6643
17527	701	684	688	705	668	635
66505	1115	1143	1052	1036	1082	1044
27056	3450	2981	3467	3634	3347	3404
102631912	875	793	536	492	674	658
59288	1979	1883	1901	1777	1713	1838
328162	148	158	164	205	186	171
69017	11	9	3	5	7	7
380753	936	865	920	771	744	790
545649	0	0	0	0	0	0
21685	1674	1418	1588	1294	1357	1445
209737	642	888	611	423	424	405
50724	204	234	211	257	221	190
22786	0	0	0	0	0	1
20166	54	43	78	53	52	46
56088	238	261	280	227	273	263
22210	1623	1487	1346	1441	1512	1498
18637	539	644	565	571	567	521
18478	0	0	0	0	0	0
94090	12	5	12	7	9	9
24066	0	0	1	0	0	2
107328	51	53	44	41	40	47
16413	600	608	635	622	579	599
74108	439	471	470	420	465	480
236900	349	411	369	289	340	352
13669	8072	7929	7533	6619	7246	7085
68270	0	0	0	0	1	1
677884	32	33	29	49	34	26
16530	0	0	1	0	0	0
17356	874	968	873	842	907	894
332579	625	604	699	625	587	540
108909	1363	1562	1408	1185	1193	1203
211666	94	101	79	35	36	35
209586	1192	1216	1277	1225	1139	1224
57874	780	866	804	777	794	891
53872	6664	6972	6667	6433	6754	6813
70882	32	18	19	21	9	8
18548	8	8	7	6	4	6
69544	192	156	165	138	138	137
11908	1174	1285	1215	1070	1137	1076
52123	659	773	699	755	829	812
226551	617	623	526	539	577	518
17762	1	0	0	1	0	0
666468	440	416	404	311	355	413
231668	91	68	83	89	77	87
83796	1744	1901	1963	1774	1774	1666
15039	1883	1529	1762	1696	1582	1567
93692	3063	2994	3260	2870	2757	2611
77577	4	6	6	5	6	6
70134	16	6	17	14	20	12
54139	0	1	0	1	0	1
16517	0	2	1	2	4	1
67103	1477	1763	1720	1237	1349	1218
269233	86	125	88	76	66	52
71446	325	348	310	316	322	294
100038538	12	16	18	12	12	18
69713	432	426	372	401	417	458
329065	7	1	12	23	19	27
269582	769	1248	907	617	683	622
15259	1882	1829	1726	1722	1745	1848
69576	0	0	0	0	0	0
107435	1029	1401	1097	1030	1102	1086
102635879	2	4	2	6	3	4
66641	602	609	641	631	581	595
17434	793	743	732	736	768	764
14061	0	1	2	0	0	0
210094	1	0	1	0	0	0
381038	719	845	821	736	759	719
65973	3066	2860	2942	4541	4786	4969
213753	513	601	614	633	578	516
71046	0	1	2	2	0	0
217069	4483	3763	4108	4997	4833	5114
67586	23	25	22	26	30	27
80888	0	0	1	2	0	1
665270	0	3	1	4	3	2
101055909	0	0	0	0	0	0
66940	7532	7624	7975	7755	7199	7200
19277	1900	1543	1808	1617	1544	1612
56249	788	749	743	723	703	756
12514	35963	38163	40120	43529	38681	38860
56438	1297	1424	1458	1481	1438	1317
170716	317	261	346	378	315	330
622320	396	318	349	346	435	385
16909	3003	2627	2930	3197	3210	3411
108167877	0	0	0	0	0	0
75620	986	908	1054	1055	973	994
224727	3153	3566	3745	3639	3343	3157
67661	546	566	615	534	553	502
20475	26	23	27	41	35	22
79263	253	259	238	233	265	264
75547	2638	2631	2696	2343	2341	2283
226499	966	936	884	816	954	978
100972	588	650	608	558	579	581
223881	43	52	35	31	35	24
353287	0	0	0	0	0	0
170742	246	241	248	214	212	216
24084	4	5	3	3	2	3
68366	581	608	669	559	559	483
16157	741	618	728	828	792	826
246747	0	0	0	0	0	0
12176	762	1304	895	759	958	795
74237	599	818	781	604	594	594
52635	1292	1435	1173	1120	1246	1202
215384	0	0	0	0	0	0
75050	1	4	8	1	1	2
223970	27	32	31	16	15	15
100503572	450	410	409	376	406	399
68010	224	250	244	257	275	265
99010	115	212	175	148	150	130
56428	1861	2063	1926	1850	1932	1944
209334	315	378	296	212	214	220
268670	95	68	68	47	60	74
216825	1193	1405	1294	1175	1228	1202
22061	0	0	0	0	0	0
12723	4	3	6	4	2	2
11481	129	121	158	151	130	149
116838	6	4	2	3	3	5
118568306	38	46	36	38	43	50
435811	0	0	0	0	0	0
13195	0	0	0	0	0	0
245474	240	353	296	270	274	285
66607	0	0	0	1	0	0
99100	227	322	277	255	244	215
16145	580	516	524	488	449	427
69097	0	0	0	0	0	0
381246	1	0	0	0	0	0
73247	218	262	235	209	241	219
107581	6	0	6	3	4	2
69806	852	991	985	1013	1027	1050
14527	2	4	5	2	3	5
18627	99	128	105	109	96	92
74549	1611	1470	1546	1605	1467	1609
78929	142	186	165	154	173	175
217365	1606	1893	1895	1955	1862	1824
15525	3540	4123	3817	3571	3865	3791
16664	0	0	1	0	0	0
242418	474	433	423	380	418	430
70415	234	286	193	139	141	135
12651	687	654	682	696	680	648
329641	0	0	0	0	0	0
13543	477	527	583	622	586	566
105244717	0	0	1	0	0	0
14681	1	0	0	0	0	0
17955	1742	2049	1905	1863	1740	1718
244713	400	343	323	314	337	377
105180375	67	78	62	49	50	52
16499	8	12	15	16	11	15
21847	703	686	718	826	769	816
110460	857	854	813	966	980	997
72674	4992	4510	5130	5226	5229	5351
100038947	811	835	787	386	432	435
69563	0	1	0	1	0	1
109323	0	0	0	0	0	0
432502	0	0	1	0	0	0
58911	2341	2573	2306	2152	2361	2338
76491	396	387	407	400	356	376
74504	350	386	364	378	359	355
97243	0	0	0	0	0	0
12193	8386	6927	8237	6994	6796	6810
56705	1718	1629	1645	1484	1600	1528
258503	0	0	0	0	0	0
69837	129	130	130	144	133	130
13800	5	5	3	5	5	9
23960	602	605	645	681	673	607
100141474	2	1	1	2	0	0
56531	927	926	893	879	844	817
66047	292	406	399	353	285	268
66487	160	160	175	141	154	133
52665	411	408	313	408	471	451
66690	296	300	278	275	267	311
30045	230	214	209	232	233	238
74781	1010	1007	1072	1035	957	1032
67622	6	2	3	8	7	4
212508	165	196	171	185	215	171
16777	3	0	3	7	5	7
56295	457	556	480	486	539	466
227485	0	0	0	0	0	0
18507	1	0	0	0	0	0
67656	0	0	0	0	0	0
17388	0	3	0	0	3	0
17970	6364	5724	6382	5375	5022	5406
407812	18	11	17	14	18	17
51902	182	215	172	157	187	163
231630	133	158	154	166	182	148
64144	542	626	637	590	530	529
73724	394	387	373	373	402	353
170720	0	1	0	0	1	2
26429	404	412	387	373	396	375
22644	764	731	764	673	756	759
11538	1651	1549	1588	1425	1530	1570
69824	0	0	0	2	0	0
235626	1595	1629	1570	1336	1380	1457
245049	0	0	0	0	0	0
11992	388	323	400	389	435	382
76652	0	0	1	0	0	0
574405	0	0	0	0	0	0
64436	447	457	476	448	429	422
380664	407	435	415	437	423	435
75079	71	74	91	97	100	96
242557	450	457	449	419	513	439
384309	199	196	196	179	188	188
217378	181	163	164	192	177	176
70021	2078	2883	2966	2197	2226	1865
68857	45	51	65	45	52	36
69306	0	1	3	6	0	4
233726	3123	3107	2886	2636	2762	2855
115489487	4	6	1	1	1	0
73667	23	38	29	23	31	35
21426	664	562	615	486	500	555
98258	1339	1365	1321	1066	1116	1184
231713	586	750	616	614	705	668
258464	0	0	1	0	0	0
105439	1	2	4	4	1	1
380713	857	864	982	873	885	846
102278	0	0	0	0	0	0
76199	1030	942	1032	959	951	926
15404	9	8	9	8	6	4
215449	9474	8879	7867	7874	8915	8665
14272	968	933	1028	993	1006	967
105247240	1	1	1	0	0	0
230935	1071	1247	1188	1161	1159	1122
665113	12	8	9	12	6	11
226747	871	894	795	765	826	802
236904	138	148	119	90	112	123
269639	512	551	505	404	479	496
105245424	0	0	1	0	0	0
106581	3782	3384	3920	4122	4027	4033
19334	736	806	792	834	754	757
16885	526	664	676	640	662	654
114679	257	277	272	195	208	163
17083	223	239	275	302	247	266
414089	0	0	0	1	0	1
12531	1609	1997	1828	1550	1568	1396
13421	2	2	7	0	0	3
14571	487	581	504	474	534	496
70809	1	0	0	0	0	0
13167	2620	2355	2581	2883	2817	2785
103844	8	7	7	18	15	14
11883	1171	1175	1171	1212	1193	1157
66935	536	447	546	408	411	463
12041	1340	1607	1522	1447	1412	1219
14787	0	0	0	0	0	0
100201	234	274	201	226	249	270
67938	3184	3256	3378	3091	2871	2847
104086	574	335	518	786	703	819
71934	487	570	518	497	559	494
227288	0	0	1	2	2	1
217198	88	161	161	155	135	122
13682	3907	3236	3414	3652	3742	3974
52174	666	667	730	699	640	675
72055	2889	3796	3389	3370	3433	3206
14933	495	553	462	624	711	646
65254	0	0	0	0	1	0
66201	795	868	822	856	868	780
73660	0	1	0	1	0	0
22323	2859	2938	3249	2966	2800	2727
12587	0	0	0	0	0	0
74270	317	304	363	341	302	368
52023	196	176	144	147	152	158
20339	0	0	1	0	0	0
80904	727	653	829	783	727	699
330554	158	184	153	153	158	178
53321	74	59	59	70	75	60
244879	380	467	422	337	388	372
66039	712	944	813	813	860	741
27407	1176	1467	1381	1289	1304	1233
27395	564	680	613	560	593	534
67016	1921	1745	1999	1915	1837	1872
73503	0	0	0	0	0	0
69878	457	575	481	465	491	431
14400	0	0	0	0	0	0
53412	1	0	0	1	0	0
72056	176	256	235	209	199	201
30805	286	401	359	368	413	355
65020	784	783	729	633	655	719
67564	0	2	0	0	0	1
59032	543	573	471	479	478	443
209488	2	0	2	5	1	3
27008	611	652	687	731	728	718
16469	34	31	27	44	44	34
71302	221	198	183	190	157	153
110902	0	0	0	0	0	1
26903	0	0	1	0	0	1
105522	1250	1473	1224	1001	1100	1062
320615	417	460	465	407	407	396
53970	338	285	342	286	275	253
213827	3733	3951	3682	3399	3539	3488
100042625	8	5	15	7	4	8
93737	15	17	9	11	15	9
18115	558	576	598	560	537	554
218772	1	0	0	0	1	0
236790	1547	1604	1538	1478	1403	1628
192198	9	5	11	3	0	1
12181	567	823	786	760	730	696
224480	0	0	0	0	0	0
320129	333	198	313	277	246	276
619331	36	43	31	29	41	35
26564	0	0	0	0	0	0
320267	828	832	947	791	770	793
17190	1141	1145	1239	1094	1087	1096
319167	2	17	11	1	8	2
71138	1	4	4	5	8	4
433470	12	30	16	9	20	12
66631	1912	1745	1716	1624	1743	1666
259111	0	1	0	0	0	0
19651	1307	1193	1262	1129	1130	1226
27419	2196	2287	2625	2972	2761	2558
16582	412	556	511	339	346	322
668210	0	0	0	0	0	0
74453	0	0	0	0	0	0
66599	229	217	237	190	201	191
268970	37	40	33	27	31	37
14339	624	543	576	570	560	552
72805	286	294	332	335	288	335
13992	3	2	3	1	2	4
623230	0	1	0	1	2	2
66090	1122	760	1194	1166	998	1068
15139	1	0	0	0	0	0
67958	1584	1597	1451	1228	1307	1239
66353	13	12	8	10	18	14
432731	843	744	843	721	785	816
269037	132	158	145	142	159	148
18537	1180	1237	1181	1272	1261	1222
170755	1690	1590	1421	1222	1310	1327
269799	3428	1701	2523	2357	2411	2872
80743	1092	1274	1185	1152	1042	1057
74617	8905	8028	9165	9830	9318	9407
66096	776	727	870	846	787	751
224008	519	697	597	477	535	464
17929	26	10	24	17	14	35
100037282	275	282	299	285	345	257
69790	268	327	313	283	288	235
211936	0	1	0	0	0	0
77574	80	81	80	83	89	107
56724	1118	1029	1025	902	975	962
20776	7	3	4	4	3	3
545370	0	0	1	2	0	0
67553	201	246	240	179	191	184
20091	16412	15522	16609	15817	15285	15678
78925	80	85	88	83	71	59
227736	0	0	1	0	0	1
98952	184	204	206	194	203	178
81600	1	0	0	0	0	0
328572	2077	2041	2130	1941	1835	1909
12804	0	0	0	0	0	0
227683	120	139	138	144	144	125
105835	234	286	297	246	263	227
67039	2158	2280	2095	1770	1880	1910
70616	642	657	683	640	599	610
26395	2225	2647	2445	2409	2526	2401
12404	0	0	0	0	0	0
68598	1795	2119	2010	1691	1743	1661
236451	432	429	427	316	309	339
269784	0	0	2	0	0	0
414758	444	359	364	341	336	318
83813	0	1	1	0	0	1
70369	515	530	523	478	503	474
231123	503	602	422	338	369	388
13437	742	798	837	874	827	787
14409	1	0	1	1	1	2
238803	2	0	2	0	0	1
228966	50	53	66	43	44	43
332131	0	1	0	0	1	0
14469	322	225	299	262	256	255
331532	0	0	0	0	0	0
108112	96	89	75	86	81	81
100039707	584	603	623	557	572	523
224902	1455	1585	1663	1569	1530	1562
216440	4817	4896	5229	4856	4561	4440
14129	5486	4362	5121	5498	5093	5639
226278	0	0	0	0	0	0
71738	317	220	297	157	136	159
15468	505	500	524	545	529	491
68323	132	136	158	102	103	134
56453	1526	1555	1570	1527	1510	1485
320159	0	1	0	0	0	0
226432	1404	1854	1612	1594	1506	1549
170762	778	1030	915	756	734	791
17394	6027	5918	5759	2507	2442	2291
69662	270	290	306	325	343	333
50778	2900	2964	2496	3360	3861	3791
15528	1014	1109	1074	1037	1084	1048
55981	261	275	275	274	271	253
50523	763	692	771	783	705	762
73469	1347	1232	1296	1021	1101	1150
83770	0	0	0	0	0	1
20517	0	0	0	0	0	0
66717	2	7	5	4	4	1
269941	324	369	331	325	295	341
225655	27	47	40	31	20	25
75753	0	0	0	1	0	0
105670	5860	4350	5418	4163	4261	4221
19215	0	0	0	0	0	0
68038	638	722	718	666	621	614
50795	0	1	0	2	0	0
56441	312	355	378	472	408	383
74717	2	5	4	0	1	0
18617	0	0	0	0	1	0
14745	25	23	24	13	21	11
20867	1629	2274	1852	1909	2084	1849
76123	593	738	666	460	529	472
380969	178	189	217	195	202	198
76983	786	805	726	673	695	657
67429	246	306	238	223	234	239
64010	1137	1126	1050	926	982	964
52575	414	410	355	373	432	431
381582	12	8	6	7	7	6
13400	135	402	291	469	496	452
629059	0	1	0	1	3	2
67862	180	151	200	181	160	157
107585	0	0	1	0	0	0
74006	1507	1775	1399	1178	1425	1332
50905	0	0	0	0	0	0
20450	0	0	0	0	0	0
11841	1378	1599	1499	1420	1352	1332
94047	5	1	4	3	2	0
13480	755	783	725	644	757	672
20382	4236	4998	4582	4521	4303	4450
100503949	470	457	441	359	274	385
67072	619	615	684	631	678	655
18817	978	1526	1274	835	893	727
74334	1458	1265	1477	1345	1275	1381
72615	310	242	312	298	238	269
14960	3128	1047	2600	2904	2389	2953
16162	204	282	268	157	177	170
53814	0	0	0	0	1	1
100862261	0	0	0	0	0	0
109113	2087	2060	2051	1774	1866	1847
71137	0	0	0	0	0	0
66072	745	653	732	684	695	702
13842	0	0	0	0	0	0
12867	2437	2365	2418	2199	2325	2273
232077	0	1	0	0	0	0
22174	3	4	4	3	3	5
69675	1	1	0	1	0	1
224794	27	37	41	22	25	23
68031	719	649	691	653	644	628
77042	0	0	1	0	0	0
631145	0	0	0	1	0	0
216858	248	219	272	269	269	248
73130	1998	1762	1391	1415	1456	1472
15977	0	0	0	0	0	0
53868	0	0	0	1	0	1
67141	474	674	554	405	338	319
30050	1187	1169	1147	1062	1145	1128
18099	402	418	366	379	413	385
230025	0	0	0	1	1	1
74352	400	374	371	335	392	402
57776	2	3	4	0	1	1
69178	11906	10264	10633	10471	10999	11251
18150	354	432	393	420	412	349
66140	260	337	263	185	195	170
110078	1967	2139	2118	1942	1904	1883
69863	254	239	229	279	323	347
66768	93	102	113	93	92	116
74562	0	0	0	0	0	0
51944	1185	1436	1250	791	862	756
16169	97	70	98	81	57	72
66659	273	279	280	307	285	294
21833	510	516	625	447	476	401
67963	30145	24601	29034	31617	31573	30819
72275	1	2	3	0	1	0
102122	918	1034	1050	947	978	932
433748	0	0	0	0	1	0
12902	0	0	0	0	0	1
74377	3	5	5	6	6	3
17168	203	257	256	289	256	239
93761	0	0	0	0	0	0
210719	0	0	0	0	0	0
208166	0	1	0	0	0	1
20400	0	0	0	0	0	0
13654	792	344	666	804	746	890
76007	880	758	710	664	675	708
320528	2262	2687	2307	2211	2278	2281
268996	1084	1181	1260	1137	1096	1120
208080	3	7	3	9	2	9
51799	0	0	1	2	3	5
73451	124	95	97	71	85	79
68250	3159	3671	3161	2711	3077	2820
67602	1348	1450	1450	1442	1435	1398
448850	106	145	127	144	137	120
74760	4379	4486	4784	3938	3634	3605
71163	336	277	294	232	261	262
208715	5122	3878	4281	4788	4800	4705
628100	4	3	5	4	7	2
108169197	0	1	1	3	0	0
225875	113	165	155	174	121	136
238988	0	0	0	0	0	0
26401	1509	1394	1414	1185	1224	1199
338368	127	126	135	131	103	104
21885	330	305	344	400	356	337
27966	154	256	208	195	195	197
68294	761	803	961	797	729	665
319996	6	6	2	0	0	1
12789	0	0	0	0	0	0
269955	55	39	56	51	55	52
268373	26748	30205	29050	30106	28877	27589
71946	893	1161	1048	804	786	719
320333	0	0	0	0	0	0
114604	173	142	125	164	131	147
66532	2	2	4	1	3	4
234353	902	887	801	835	792	830
14115	12	2	5	21	13	7
68553	1	0	0	0	2	0
218977	651	1052	815	562	546	531
18145	5704	6528	6212	6609	6463	6318
100505397	0	0	4	0	0	5
13380	0	0	0	0	0	0
67282	597	536	570	576	596	553
239591	0	0	0	0	0	0
224694	213	216	182	163	151	156
68134	336	330	338	263	310	298
217692	538	552	609	566	563	547
271849	38	29	35	45	53	37
76051	302	267	260	265	307	321
329908	1363	1584	1497	1293	1337	1422
16643	2	1	1	1	0	2
23879	1011	1212	1220	1147	1204	1146
15571	0	0	0	0	2	0
13394	0	0	0	0	0	0
114741	1760	2134	1756	1525	1702	1663
27389	12	6	13	7	8	13
98365	1026	1337	1131	818	926	802
237362	0	0	0	0	0	0
15463	1524	1755	1503	1431	1512	1402
546049	0	0	0	0	0	0
108067	205	245	215	228	242	241
22051	99	109	117	120	129	126
104252	52	26	73	50	60	39
74255	1509	1644	1552	1468	1459	1444
19988	15623	14662	16639	15747	14937	15569
232023	768	874	751	906	940	954
654824	106	114	111	96	73	86
70239	357	399	374	342	312	320
16833	0	0	0	0	0	0
15476	4	5	7	10	6	15
18810	7069	8843	8725	6225	5916	5691
100039830	5	3	4	5	7	7
228361	1038	1112	1131	1047	1037	1068
384997	0	0	0	0	0	0
70546	25	50	37	20	22	20
20823	3060	3526	2824	2281	2429	2375
244421	179	161	179	204	237	189
96979	214	243	284	287	289	260
68680	1	1	1	1	0	0
76044	2025	2040	1753	1238	1344	1341
66816	310	297	250	228	269	245
17059	15	4	8	7	7	6
94214	0	0	0	0	2	3
235028	369	336	328	294	336	325
217012	0	0	2	0	0	0
217946	735	944	835	807	766	771
21894	15809	17418	18300	20272	18352	19006
17973	656	619	638	445	458	518
18377	4	6	7	4	6	1
66646	780	831	640	599	728	729
17001	222	221	257	113	99	108
12877	112	132	121	132	161	143
18046	463	520	540	493	450	498
67443	3362	2851	3189	2996	2810	3050
19247	1996	2137	2054	1951	2009	1935
242408	0	0	0	0	0	1
68544	1077	1190	1314	1284	1154	1090
20684	2991	2606	2717	2219	2252	2267
14428	1	0	1	2	0	0
16319	2540	3494	3044	2227	2151	2050
27205	2	0	0	1	1	1
13626	792	883	771	663	693	686
218543	991	1041	937	746	862	876
118567886	0	0	0	0	0	0
242122	0	0	0	0	0	0
20674	0	0	0	0	1	0
65967	292	359	375	358	322	313
73658	758	989	1016	1013	940	875
268759	75	88	84	76	84	71
71721	0	0	0	0	0	0
115488611	68	62	50	67	64	73
381628	0	0	0	1	0	0
11430	1907	1887	2011	1946	2068	1909
50501	0	0	0	0	0	0
14678	17739	19929	20899	17328	16780	15799
78617	6	7	7	2	6	2
107373	3677	4278	3504	2838	3009	3054
19293	0	0	0	0	0	0
27368	390	587	457	385	424	423
26406	2783	2835	2797	2510	2651	2624
17128	1465	1437	1447	1363	1367	1313
228071	1477	1307	1414	1355	1282	1366
16173	335	300	297	196	205	202
75828	0	2	3	1	2	0
69479	5	8	5	5	2	6
76893	5754	6274	6280	7337	7334	7283
226548	3414	3338	3334	3215	3059	3008
381334	2	0	0	0	0	0
56336	2251	2461	2629	2760	2733	2723
214922	17	14	12	10	10	9
12952	148	166	161	158	150	156
102638514	0	0	0	0	0	0
211896	155	198	156	146	139	129
110954	30308	24338	26986	27067	27460	27212
67484	872	702	856	2632	2471	2468
18054	318	31	232	45	15	44
26914	3051	3318	3518	3060	2902	3019
619309	0	0	0	0	0	0
353188	1	1	1	2	4	0
319953	192	307	267	232	254	230
100226	2158	2088	2007	1838	1932	2011
245450	0	0	0	0	0	0
110279	118	110	110	105	100	114
72084	275	284	287	281	318	322
53416	3	3	9	4	2	3
56504	4	12	11	5	13	11
20297	0	0	0	0	0	1
74306	14	13	13	16	19	18
620913	49	58	59	43	54	51
57748	305	219	271	262	292	303
227094	182	183	191	162	143	134
230848	272	277	284	252	241	269
66580	430	426	356	336	400	363
114570	8	3	5	3	2	6
70103	603	681	780	741	716	594
246787	0	1	0	1	0	4
13664	1855	1957	1722	1770	1900	1905
12946	1459	1465	1367	1359	1361	1388
210535	0	0	0	0	0	0
11781	593	472	559	535	462	482
18733	9503	7499	9229	8882	8185	9202
66147	3573	3426	3949	3615	3369	3157
72873	5	17	8	7	7	8
13609	2036	2279	2092	1826	1888	1863
14739	2565	2545	2830	3166	3050	3028
277666	0	0	0	0	0	0
216869	6037	6031	6308	5960	5725	5726
319660	20	42	37	34	53	44
69009	177	207	219	211	203	172
105511	0	0	2	0	0	1
29810	1057	1215	1217	1144	1055	1110
115487413	2	4	0	0	0	1
20184	658	752	621	566	580	618
381196	0	0	0	0	0	0
212898	3091	2614	2855	2719	2630	2648
18741	0	1	0	0	0	0
75284	67	81	84	71	90	79
17965	1	1	0	0	1	2
242341	2059	953	1575	2176	2171	2657
233733	0	0	0	1	0	1
19261	43003	36554	44022	46288	41935	41698
628040	0	0	0	0	1	0
69894	0	0	0	0	1	0
93883	1	0	0	0	0	0
230157	13	60	24	18	22	14
74610	703	672	815	882	746	771
234595	1188	1282	1287	1370	1405	1261
240697	1	2	2	2	6	2
14239	1	0	0	1	1	1
216021	0	1	0	0	1	0
77889	1179	1209	1271	1157	1137	1136
243084	0	0	0	0	0	0
227717	0	0	0	0	0	0
83679	631	579	542	635	662	628
21453	1154	1548	1494	1278	1192	1175
109620	0	1	0	0	0	0
18514	164	149	144	146	158	152
68087	391	443	487	494	441	391
59002	263	275	247	259	250	234
56188	0	0	0	0	1	0
70465	628	684	647	632	709	635
55946	1768	2223	1834	1617	1813	1724
108013	5	4	3	11	10	3
12615	1235	1241	1417	994	1049	795
68626	452	489	474	510	483	507
14751	12725	15034	14467	12890	12669	12227
66266	641	536	503	534	523	548
12703	12	13	12	14	8	3
101497	375	339	431	373	347	335
16154	3496	2526	3221	3121	2937	3195
15018	92	46	95	59	55	22
78252	0	2	0	0	0	0
223920	5	40	10	25	41	27
74122	3124	3889	3381	2886	2773	2750
118567643	3	1	1	3	0	1
100041979	84	91	55	59	45	61
14284	1013	950	989	912	879	845
64113	55	34	39	56	51	49
12738	0	0	0	0	0	0
110083	0	1	0	0	0	0
83383	96	121	109	94	106	94
54720	544	621	631	725	731	681
68572	341	402	415	414	343	324
20348	32	64	45	26	60	40
12858	2300	2426	2221	2327	2449	2223
320869	8	4	8	7	9	8
228012	1914	1992	1839	1851	2002	1883
20743	13	8	6	8	15	7
11858	173	164	174	251	240	189
227399	853	834	725	621	740	752
329154	1200	1170	1086	929	937	959
66077	888	999	1034	1036	938	967
100039781	0	0	0	0	0	0
75871	187	198	225	150	150	155
20877	1046	1449	1231	926	826	789
94089	19	16	21	29	23	31
71389	704	648	668	606	597	655
110168	14	8	15	9	19	18
94353	199	299	235	129	168	150
67848	201	196	186	210	189	192
26931	3559	3506	3397	3020	3098	3023
233877	250	293	275	293	309	285
70178	728	838	760	774	837	781
17318	583	759	694	849	749	800
18108	704	868	766	667	750	678
269610	38	20	20	17	18	21
78317	808	814	815	723	684	654
22235	1840	2129	1782	1523	1580	1553
20617	9	3	3	6	5	2
107970	0	1	0	0	0	0
212285	341	301	305	394	434	488
14421	1590	1781	2011	1635	1467	1422
240334	226	266	259	198	206	189
14232	3099	3455	3942	3410	3197	3116
69315	0	0	0	0	0	0
71902	1584	1869	1716	1579	1636	1646
16617	0	0	0	0	0	0
226101	7018	7485	7169	7111	6937	7341
66165	736	836	749	812	791	741
71831	0	0	0	0	0	0
68481	190	246	210	223	232	204
18612	2	2	1	5	1	2
102640263	2	3	1	1	3	5
192120	8	14	6	11	8	9
63859	0	1	0	0	0	0
68980	257	234	260	201	257	202
231600	1034	943	972	966	892	951
546801	0	0	0	0	0	0
15511	19	34	19	28	35	39
217151	809	294	553	669	583	721
101685	735	603	651	724	786	796
68777	4	2	2	1	0	0
11544	1213	1520	1540	1389	1347	1249
29813	1057	912	1118	1135	936	991
15000	24	23	51	16	13	23
53421	3212	3373	3246	3151	3277	3165
68112	740	832	816	877	870	834
320473	631	745	746	752	703	734
20587	706	903	916	869	837	745
15424	0	0	0	0	0	0
14693	5960	6660	6701	6109	5959	5561
27028	1	2	1	2	1	1
71361	450	545	526	472	464	433
100042960	0	0	1	1	0	1
22273	2295	2734	2711	2770	2775	2613
57916	1069	989	1033	872	895	875
403178	0	2	4	0	0	1
211389	189	198	199	200	192	204
195209	56	66	86	114	106	120
245381	0	0	0	0	0	0
14256	152	100	146	135	110	143
13631	572	626	685	588	602	529
109019	883	775	710	620	690	646
54122	630	698	597	480	532	516
17425	1073	1061	1066	1054	992	993
268980	1149	1110	980	940	986	1001
52033	653	908	700	500	571	545
100039350	0	0	1	1	0	0
66323	0	0	0	0	0	1
245688	2885	3699	3120	2734	2897	2936
101434	0	0	0	0	0	0
12506	3485	2909	3017	3158	3370	3616
258712	0	0	0	0	0	0
105083	157	225	197	165	173	188
546134	0	1	0	2	5	4
72831	749	842	826	841	791	807
223433	3702	3497	3605	3131	3156	3200
68953	1694	2046	1963	1668	1751	1660
21873	507	565	568	424	505	446
14137	1789	1791	1863	1781	1764	1739
66379	509	484	540	601	571	505
72018	837	794	785	706	686	733
14202	1	2	3	2	4	1
66541	278	262	264	264	260	270
224823	272	319	343	359	342	324
12517	5503	5304	5739	7087	6734	6913
654465	0	1	0	0	0	0
242050	0	0	0	1	1	0
13350	192	223	260	255	222	229
14081	779	905	862	821	831	797
170736	2094	2582	2333	2257	2372	2182
67460	571	597	511	515	598	567
224598	238	179	148	134	119	135
71687	25	53	46	39	37	43
101055758	15	0	4	7	5	1
319504	11	5	10	15	11	21
20963	6341	6313	6614	8277	7971	8036
235559	1923	2632	2257	1833	1831	1792
110391	1417	1440	1422	1568	1545	1532
638532	0	0	0	1	0	0
223697	2810	3225	3285	2827	2662	2516
20460	464	644	567	426	397	388
433415	0	0	0	0	0	0
20706	84	105	85	54	49	68
207425	1642	1545	1631	1694	1642	1685
16871	0	0	0	0	0	0
70573	356	406	348	371	389	340
71865	438	420	386	352	379	372
171504	4320	4250	4283	4004	3836	3980
448987	0	0	0	0	0	0
74105	1297	1277	1277	1331	1277	1280
67732	454	385	501	466	439	447
231861	1542	1445	1630	1413	1268	1302
71116	387	439	445	373	384	352
15013	0	0	0	0	0	0
76967	239	311	256	223	235	213
18805	378	388	407	358	413	414
72739	652	557	553	603	565	634
53330	1029	903	868	1026	1194	1120
72925	1316	970	1030	885	1026	1050
67922	1634	1553	1762	1590	1514	1506
16443	3358	3569	3692	3325	3172	3378
216549	1494	1361	1333	1222	1333	1496
67373	0	0	0	0	0	0
50767	404	490	482	446	461	461
67689	1807	1751	1919	2002	1754	1738
51800	4	3	3	1	0	0
240726	6	3	4	6	4	7
78798	694	742	705	570	670	670
15401	13	14	9	6	17	16
211949	33	56	37	101	109	89
81897	538	313	530	619	516	527
210044	13	31	19	14	25	21
227835	165	225	185	192	195	202
14088	126	134	153	129	93	122
18518	1162	981	1140	1084	1149	1091
19357	4086	4857	4250	3211	3497	3358
84585	687	658	763	767	731	731
69068	2	1	4	1	1	1
53859	409	372	471	355	342	332
14149	134	169	133	159	172	155
15417	0	0	0	0	0	0
16364	166	82	131	82	57	66
433586	211	187	219	185	157	158
67186	6711	6702	6779	5097	6372	5108
270049	0	0	0	0	0	0
110524	423	446	476	466	452	429
69162	1742	1967	2022	1972	1962	1936
59009	93	101	102	84	89	65
217737	2804	3506	3212	3921	3898	3864
20254	0	0	0	0	0	0
75339	539	603	509	430	505	426
234865	700	921	784	698	634	723
68947	0	0	0	1	0	0
15117	2	1	1	0	1	0
83767	1	3	2	2	3	0
243653	23	6	15	19	10	4
208076	0	0	0	0	0	0
102639543	162	86	146	90	77	88
224656	130	152	158	150	165	166
67608	767	716	699	703	678	655
244585	143	170	169	115	100	124
15216	2006	1736	1881	1634	1589	1733
23886	348	500	486	1783	2007	1392
69568	933	984	916	975	1104	1049
214616	193	217	186	193	196	179
266614	22	23	18	16	19	15
12457	264	253	297	236	228	248
67645	0	0	0	0	0	0
14620	0	0	0	0	0	0
74243	239	282	207	172	199	201
74322	679	785	845	817	737	780
56375	254	249	252	290	297	316
16815	3	5	5	2	4	6
228061	2284	2479	2154	1874	2024	2052
142980	334	321	280	236	241	246
12354	13	16	13	9	16	13
195018	1272	1264	1240	1202	1269	1214
435818	0	0	0	0	0	0
545645	0	1	0	0	0	0
664968	20	26	32	34	31	19
19362	423	597	460	325	324	331
338369	94	77	101	90	114	107
70292	57	50	39	50	48	62
20227	1190	1285	1335	1166	1174	1097
14068	484	277	463	363	319	352
69187	0	2	2	2	0	1
66867	862	795	883	790	782	792
239849	1012	1100	957	758	789	810
110639	944	1067	923	786	967	931
68770	398	406	364	390	446	414
108900	75	112	104	127	101	87
19733	0	0	1	0	0	0
68971	131	214	169	156	160	130
252972	2836	2796	3112	2472	2125	2154
18720	682	729	712	726	739	669
74934	0	0	0	0	0	0
72635	100	127	115	116	74	104
66206	424	371	323	262	320	303
319944	609	630	613	559	561	515
11459	0	0	1	2	2	4
140792	660	754	665	566	608	620
14194	1028	1015	1090	1050	1060	983
108168625	0	0	0	0	0	0
54214	1467	1600	1704	1441	1495	1415
100502967	0	0	0	0	0	0
57784	1626	1594	1655	1385	1424	1434
232087	3206	3166	3104	3468	3237	3538
75901	685	702	627	598	572	568
665211	599	511	487	408	349	398
56449	1578	2633	2127	2296	2356	2143
214084	2	0	1	0	0	0
64652	5837	6058	7020	6443	6083	6225
66132	207	207	190	190	180	177
18792	9193	10265	9971	14082	13816	14189
243963	25	42	20	21	24	30
11832	0	0	0	0	0	0
16504	11	8	8	11	11	21
236749	0	0	0	0	0	0
100609	151	139	174	160	144	155
232821	5	6	17	6	5	9
66567	20	32	30	16	22	20
269523	8875	9844	9536	9298	9531	9194
18128	1303	1459	1445	1189	1119	1153
66625	1607	1405	1482	1379	1346	1414
320951	2228	2095	2207	2313	2193	2210
106794	452	431	467	407	434	490
545384	1	1	0	0	0	0
70620	732	700	611	482	597	557
227326	2	1	4	2	4	1
18569	444	312	361	244	247	300
13025	1544	1382	1408	672	665	719
15109	13	10	17	9	8	6
12649	224	277	219	180	185	159
223642	511	542	614	570	526	522
622408	0	0	0	0	0	0
67538	146	174	143	142	136	150
67134	953	1307	1055	1081	1033	1047
19674	0	0	2	0	0	2
109284	969	958	1155	1043	1079	1023
214812	480	548	527	471	486	473
16574	152	133	164	128	133	145
11815	0	1	0	1	0	2
16011	1	1	0	6	0	0
68957	0	0	0	0	0	0
271047	0	0	0	0	0	0
67467	1486	1289	1332	1302	1424	1461
66341	0	1	2	4	5	1
230766	15	16	20	14	8	10
108841	284	319	306	334	326	341
241727	1	3	1	0	2	0
328234	0	0	0	0	0	0
15275	2566	3254	3013	2706	2749	2471
233332	0	0	1	0	0	0
69408	116	135	124	98	106	124
19263	0	0	0	1	0	0
23849	5574	5544	5545	5038	5275	5169
268880	437	544	530	442	456	469
12348	14	9	17	15	17	18
16765	5072	6396	5595	3586	3673	3287
13876	3	0	0	0	0	0
99169	0	0	0	0	0	0
100044193	89	78	61	77	82	66
69192	632	755	780	762	692	649
100502841	532	632	626	666	630	656
56501	1808	1860	1881	1578	1659	1679
327954	26	13	18	28	21	17
77300	1105	1069	955	942	1047	1023
442829	0	0	0	0	0	0
76547	219	227	265	247	215	199
121021	141	283	210	153	135	115
66801	185	231	217	193	192	188
56183	0	0	0	0	0	0
103551	43	79	64	58	51	47
102631705	0	0	0	0	0	0
102075	2	5	2	1	6	2
23994	9749	9196	9522	8659	8712	9106
235283	2494	2791	2632	4913	5061	5011
102633156	1	0	7	20	16	4
100310872	557	614	487	404	409	406
94220	254	286	277	261	262	228
71819	1724	2073	1721	1033	1104	1008
208501	201	165	197	169	174	194
19763	352	328	346	382	383	400
252966	350	361	379	345	345	349
116733	978	1132	1098	936	1023	993
12896	432	445	478	494	455	452
19401	412	394	459	591	563	567
212998	1	0	0	0	0	0
68275	1995	2935	2363	2044	2081	1940
22671	0	0	0	0	0	0
353190	583	653	653	547	535	536
66700	2470	2455	2344	2072	2280	2271
216795	6	9	3	11	7	7
71753	0	0	0	0	0	0
105246320	58	54	50	55	39	43
78894	1200	1311	1409	1585	1476	1342
226527	282	206	297	260	229	253
102633951	1	1	0	1	1	1
116939	3	0	2	1	5	1
52535	173	162	161	162	132	132
12144	305	473	359	281	319	267
76824	1148	1301	1232	1336	1302	1253
56752	2950	2820	2970	3444	3270	3326
14733	343	417	437	349	408	339
14371	0	0	0	0	0	0
21956	0	0	0	0	0	0
12212	1	2	3	3	5	4
18171	0	0	0	0	0	0
70044	453	436	458	461	391	386
74149	269	257	238	192	206	198
110842	1141	1216	1136	1145	1224	1108
103889	1	2	1	0	1	0
244859	0	0	0	0	0	0
14395	0	0	0	0	0	0
353211	663	597	601	362	408	366
224650	878	854	960	928	845	820
216961	0	0	1	1	2	1
100043314	0	0	0	0	0	0
68121	324	345	344	317	340	321
68468	0	0	0	0	0	0
228543	201	194	209	221	221	183
94063	291	328	319	311	327	287
102857	2452	3085	2855	3590	3743	3790
14164	0	1	0	1	3	3
100039052	0	0	0	0	0	0
60361	30	23	24	19	16	9
77717	1	0	1	0	0	0
21954	56	27	37	34	36	41
74213	949	819	688	598	712	632
108995	25	24	23	12	13	13
20932	5742	6292	6215	6128	6333	5896
240880	684	744	777	679	688	740
12955	17	15	22	15	10	12
110521	600	724	711	644	639	687
239408	15	20	15	12	6	8
108167925	0	0	0	0	0	0
23829	0	0	1	0	0	0
20116	12066	12309	12760	11540	11719	10878
15557	0	0	0	0	0	0
276952	0	1	0	0	0	0
75671	0	0	0	0	0	0
230996	275	398	324	296	240	240
54373	41	60	52	36	53	47
66864	1	0	0	0	0	0
101604	105	111	92	104	84	94
53871	7	6	7	9	8	15
319625	464	519	440	420	444	418
67819	2745	2980	2898	3172	3206	3153
26936	1796	1994	1979	1901	1749	1727
56210	356	369	338	366	345	353
229593	1559	1375	1435	1284	1295	1418
68017	133	114	159	118	112	130
74112	632	630	584	562	611	599
18711	1351	1358	1279	1346	1486	1525
67292	589	579	586	526	608	582
76559	674	658	660	661	658	651
57261	1612	1732	1738	1492	1441	1451
320910	1	0	0	5	1	2
12316	838	1028	896	564	562	519
56461	5	0	7	1	0	1
118567893	38	55	34	43	28	30
320806	551	597	574	578	642	658
64453	325	362	327	337	359	339
16709	648	693	616	501	562	569
213575	123	99	94	97	105	67
23967	0	0	0	1	0	0
19946	6931	6261	6239	5801	5789	6031
269589	2	0	2	1	0	0
19652	7689	7280	6459	5508	5506	5829
243897	36	32	53	36	32	20
108645	1134	1061	1154	1128	1163	1152
14043	1252	1453	1435	1262	1315	1249
622127	0	0	0	0	0	0
107358	5938	6369	5623	5384	5831	5603
57314	533	649	644	515	475	462
320563	1	1	2	1	1	0
14219	20	8	20	35	22	26
51797	189	299	241	204	231	221
58233	5	11	7	9	7	12
233079	7	2	2	0	0	0
68795	1449	1363	1336	1340	1407	1430
67605	580	603	698	648	603	574
54384	5	6	7	6	7	9
68194	620	620	432	458	607	674
214239	14	17	16	7	18	10
15374	3454	3921	3844	3432	3299	3115
225160	649	703	588	546	559	562
102635552	38	40	33	21	49	23
12580	1136	1540	1410	973	960	850
72774	259	257	262	232	212	231
83553	0	0	0	0	0	0
115487818	0	0	0	0	0	0
230598	2703	2886	2694	2696	2772	2836
114304	0	0	0	1	0	0
12833	28	5	31	22	10	14
13072	0	0	0	0	0	0
15185	388	483	529	470	409	410
72171	110	132	112	126	129	111
118567355	0	1	0	0	0	0
108167945	0	0	0	0	0	0
26961	9678	9959	10018	10443	10239	9564
319887	33	34	36	26	23	29
384009	168	306	233	179	222	199
30853	2322	2629	2913	3155	2916	2719
226418	86	80	81	63	70	77
118568432	0	2	0	1	1	0
67738	521	474	407	415	413	469
18999	0	0	0	0	0	0
14167	0	0	1	0	0	0
56696	479	332	476	373	340	360
51869	548	679	447	457	459	434
26442	2448	2436	2324	2328	2255	2276
56217	425	422	344	314	381	377
22411	3	0	0	0	1	0
232413	6898	5117	5797	7008	7026	7413
67115	9590	8063	7875	7911	7773	7912
353237	17	38	30	13	27	18
71761	0	0	0	0	0	0
233274	26	1	6	14	6	11
18704	1038	966	822	780	837	862
227801	1641	1550	1841	1833	1588	1674
102954	0	0	0	0	0	0
71950	0	0	0	0	0	0
12503	13	8	9	16	6	14
246729	0	0	0	0	0	0
333564	0	2	1	3	1	1
12427	0	0	0	0	0	0
67028	445	372	388	359	352	352
229504	643	698	679	551	595	590
230972	0	0	0	0	0	0
100039123	498	492	502	410	393	410
544678	2	2	2	3	3	2
213054	1322	1211	1247	1006	1035	1094
55927	284	303	312	330	277	262
70097	4417	4670	4565	3738	3890	4120
104457	267	280	296	292	272	268
18222	1405	1596	1435	1421	1283	1380
71836	15	8	9	6	8	9
231580	3178	3366	3414	3217	3111	3088
64931	0	0	0	0	0	0
13496	812	721	823	673	684	663
245020	1	4	1	4	10	3
218341	154	152	142	152	173	156
213435	2	1	1	1	0	1
56811	22	19	32	13	11	20
108097	347	286	303	300	284	321
74136	3827	4024	4469	3404	3370	3231
229949	1	1	0	1	1	1
23792	0	0	0	1	0	0
66411	851	1085	1003	1114	1030	921
77938	825	742	861	729	714	741
68833	1092	1167	1049	912	995	1014
232791	895	968	1033	888	797	778
75805	789	819	758	685	727	760
12394	1390	1334	1369	1205	1203	1192
20529	2719	2783	2702	2356	2503	2605
170770	288	236	304	357	326	286
73274	1449	1392	1308	1104	1168	1223
14860	5	4	6	4	4	4
242100	0	0	0	0	0	0
432479	11	8	4	12	2	17
118568072	16	18	13	12	4	6
52440	3940	4246	4050	3458	3965	3651
20392	4	0	1	0	2	2
70093	2260	2214	2293	2495	2415	2417
54353	3828	3752	3709	3787	3820	4084
21804	9	3	12	6	6	5
18826	39801	42619	40792	40182	40333	41449
70729	13	25	24	15	23	14
13368	89	88	102	85	76	83
109331	1039	1064	1107	970	999	1036
328977	50	56	36	37	46	59
105734733	0	0	0	0	0	0
433940	8	3	12	9	8	5
100102	0	0	0	0	0	1
20497	0	1	0	0	0	0
233806	461	428	475	437	479	434
12575	4836	5813	5341	4805	4818	4639
110532	12	17	13	13	20	20
270201	482	502	519	493	465	453
21824	310	308	306	305	290	272
244237	460	452	392	416	425	419
17256	619	632	671	616	604	613
16904	2	1	3	3	3	1
237397	0	0	1	4	0	2
72341	123	140	123	113	119	116
320502	0	2	1	1	1	3
24013	1	0	0	1	0	0
72722	624	730	625	545	627	614
213773	369	559	498	481	485	435
16976	2772	3121	2979	2985	3000	2869
26891	986	1169	1089	1062	1148	1109
234915	1	0	1	2	1	0
14238	1	0	0	0	0	0
241525	11	2	17	7	3	8
75914	773	917	862	779	803	859
432486	2565	3121	2696	2752	2948	2817
73324	3	6	2	4	4	2
20522	0	0	0	0	0	0
69815	5	9	4	4	8	8
100310809	131	108	110	104	100	111
74190	32	20	25	55	59	51
18383	4	0	0	0	0	0
240892	1	5	2	4	1	0
104111	240	175	191	246	212	238
70425	674	705	631	562	619	630
67217	21	23	30	19	17	30
17698	17009	20486	17938	15499	16116	15868
73679	1	0	0	1	1	0
210510	0	0	0	0	0	0
15284	672	686	779	670	561	571
74854	0	0	0	0	0	0
108153	1	0	1	0	0	1
50708	631	712	661	695	755	677
76367	73	63	82	78	68	51
224024	14	17	23	23	12	13
215015	1404	1470	1311	1270	1401	1388
192650	2	1	0	0	0	1
271697	50	21	33	54	38	37
101206	421	461	512	435	441	432
56869	125	87	103	95	81	107
621239	0	0	0	0	0	0
546648	0	0	0	0	0	0
83703	274	347	277	283	292	270
78376	3	2	5	2	2	0
76681	561	398	474	391	390	480
232314	1453	1403	1284	1113	1273	1226
118568310	11	5	8	2	1	3
67112	1	1	1	0	0	1
58223	1422	1056	1362	1012	983	1027
77462	16	24	12	24	18	21
100041146	84	115	96	96	66	90
102636558	0	1	1	0	0	0
218693	1205	1096	929	875	1039	982
16995	91	44	74	58	51	46
74580	84	83	83	72	93	96
67885	217	247	287	263	275	244
67089	1813	1940	1676	1639	1763	1715
12628	509	356	398	385	358	377
103172	90	162	149	121	132	106
118567479	0	1	2	0	2	0
319197	3	3	1	0	0	0
77697	373	343	393	355	359	393
77727	2	0	0	0	0	0
118568094	120	69	97	82	86	93
78618	2846	2784	2592	2301	2506	2542
216393	0	1	0	0	0	0
18671	108	135	133	90	134	100
66952	0	0	0	0	0	0
16783	34391	32756	34912	35494	34244	34807
67441	117	137	152	137	165	149
383295	1744	1627	1517	1392	1612	1484
14109	7321	6402	7470	7319	6841	6351
17156	1170	1281	1146	986	1067	1070
100862177	0	0	0	0	0	0
66310	477	578	461	486	471	421
14102	162	133	156	112	111	107
227624	1230	1257	1297	1140	1151	1192
16535	17	12	16	16	13	12
224344	8	3	7	4	3	0
103737	182	161	173	179	168	191
11647	1	0	0	0	1	1
232670	53	34	58	39	40	37
79560	204	233	219	212	242	247
215814	136	154	130	124	172	156
69833	403	494	532	496	410	410
258278	0	0	0	0	0	0
68970	1840	1892	1889	1733	1765	1747
56233	417	448	465	405	361	367
214669	466	627	567	550	487	479
319719	73	95	95	118	102	105
17533	23237	19196	20613	11829	11424	12087
242022	0	1	1	0	0	0
382913	48	41	57	49	58	63
20503	685	580	623	625	624	625
67245	612	611	584	479	554	585
233066	1	2	3	4	0	2
625286	4	3	5	2	1	2
67026	344	448	421	408	394	392
71793	781	676	704	681	639	647
12802	975	875	1040	865	820	763
269109	0	1	0	1	1	0
21461	0	1	0	0	0	0
228536	1356	1401	1525	1380	1338	1273
66603	149	219	180	148	158	165
224813	2	3	1	4	5	1
226896	0	1	0	0	2	1
110956	5845	5834	5687	4205	3994	3955
218630	0	2	1	0	1	1
72720	65	53	58	61	63	52
69573	140	160	147	187	223	222
20608	0	0	0	0	0	0
14169	0	0	0	0	0	1
140557	0	0	1	2	3	4
67675	518	554	586	573	551	484
52882	24	45	24	15	12	22
12655	223	44	153	76	38	55
319965	1066	1287	1295	1150	1149	1059
75812	115	112	103	111	121	103
118568311	1	2	2	3	0	2
19213	0	0	0	0	0	0
233890	266	253	307	291	279	253
71206	13	21	21	10	8	11
19124	228	263	243	286	320	271
29865	0	0	0	0	0	0
68421	1777	1555	1676	1731	1810	1842
211798	132	132	122	87	101	89
20855	0	0	1	1	0	0
68463	396	506	547	489	406	354
270120	263	210	207	297	277	291
94066	314	351	372	411	416	383
216274	185	219	195	123	124	111
212390	0	0	0	0	0	0
18762	0	1	1	0	0	0
74315	1021	1067	1015	1555	1636	1561
216724	989	1088	1137	1084	981	964
233020	4	5	3	1	2	5
65112	29	44	24	20	19	23
235497	421	523	493	429	470	416
213527	1	0	1	1	0	1
71900	1412	1274	1201	1197	1311	1283
229658	48	60	63	29	31	27
22186	8061	8653	10650	8907	8713	7969
56429	1	0	0	0	0	0
68195	1247	1339	1331	1355	1179	1253
102640268	0	0	0	0	0	0
66441	94	100	91	84	101	97
117150	1393	1445	1442	1471	1378	1367
269623	122	138	113	115	116	116
241528	0	0	0	0	0	0
67343	0	0	0	0	0	0
68642	68	87	87	80	84	79
71041	125	173	154	146	166	140
213582	6	9	5	4	4	3
230654	1005	1055	1084	1092	1059	1067
66943	904	945	988	1090	1046	1019
56690	286	292	349	347	309	296
223453	2342	2692	2743	2484	2502	2388
16875	0	0	1	0	0	0
231724	18	31	23	26	30	18
102637513	0	0	0	0	0	0
217700	12	13	15	19	19	15
20911	3298	3204	3468	3274	2927	2960
192657	2454	2348	2285	2181	2218	2234
104871	125	146	124	123	103	104
16543	3036	3028	2747	2821	2976	2830
215257	4	0	3	6	0	6
22214	1480	1300	1421	1328	1402	1367
320982	3991	3482	3739	6783	7085	6726
328381	19	32	24	25	27	26
227292	2497	2532	2709	2414	2304	2280
11990	846	940	870	843	832	904
230594	854	865	840	749	745	733
224092	484	634	563	576	540	545
228410	444	541	457	389	400	399
102216272	499	680	529	509	593	546
226122	627	713	777	693	625	623
18971	732	1056	953	784	723	639
330485	0	0	0	0	0	0
99712	1665	1495	1418	1318	1612	1678
170638	0	0	0	0	0	0
626858	3	0	0	0	0	0
224938	1337	1329	1275	1156	1323	1303
67125	2056	2219	2091	2191	2192	2155
68187	120	152	120	116	134	126
12764	1465	1520	1560	1466	1540	1506
13852	1523	1724	1749	1602	1669	1543
245867	801	552	559	526	606	594
71508	291	240	209	202	209	176
66396	1482	1542	1378	1150	1230	1258
66439	203	203	228	185	197	166
632671	0	0	0	0	1	0
232947	497	581	624	656	602	567
319565	153	172	166	128	130	138
100862394	0	0	0	0	0	0
68537	619	713	645	528	585	540
15278	434	417	404	353	408	439
15369	2955	3020	2972	2989	3098	2847
26398	964	1017	922	989	970	977
260301	1	3	6	3	2	3
17221	7	8	4	1	5	1
67019	278	229	201	168	214	181
22066	2	4	6	1	4	2
57259	1123	1000	1167	923	873	868
11806	0	0	0	0	0	0
320679	0	1	0	1	0	3
21752	0	3	3	4	2	3
72345	272	289	247	224	198	189
66734	245	229	312	297	328	287
15077	0	0	0	18	21	19
17199	0	0	0	0	0	0
110157	1511	1582	1641	1464	1351	1459
108800	91	50	50	51	41	30
66193	380	388	402	380	398	378
68146	363	351	288	267	248	256
101055663	0	1	0	0	1	1
78309	453	442	586	489	493	487
67869	1520	1358	1565	1409	1390	1401
67752	5	6	1	4	0	0
23936	40	42	45	44	48	38
74675	0	0	0	0	0	0
12558	3	1	2	1	2	2
94065	377	435	421	466	409	374
76089	430	429	473	442	451	390
50500	8	7	1	2	0	2
54612	0	0	0	0	0	0
27369	289	238	313	293	329	353
69146	1644	1505	1640	1587	1422	1465
56433	1821	2040	1896	1690	1818	1824
432508	1320	1356	1257	1176	1257	1205
13430	3071	3459	3489	3288	3052	3057
72399	914	950	1008	1037	1005	1017
104836	385	411	396	329	382	368
110751	46	36	37	56	50	45
225280	493	439	487	428	389	447
27386	0	2	2	0	1	5
20271	0	0	0	0	0	0
23947	0	3	3	0	0	0
11989	5	8	11	6	6	7
241944	238	197	188	172	165	205
101122	45	46	53	38	40	35
23828	0	0	0	0	0	0
72083	162	171	180	186	178	191
217366	325	371	415	362	315	350
74552	600	646	582	584	591	547
56786	1687	1575	1583	1428	1553	1496
27984	12714	12745	14447	13695	12854	12109
56291	641	517	467	458	502	471
97086	75	85	78	94	110	72
14688	7204	8752	7987	7508	7557	7188
17068	3	1	1	0	0	4
214523	13	3	16	18	7	15
59044	4854	4827	5010	4814	5075	4888
276852	152	190	161	174	153	155
22041	3821	2270	3496	5637	5653	6415
229323	42	18	41	31	25	31
53896	0	0	0	0	0	0
53886	160	185	129	122	135	109
432516	4	15	6	5	9	7
231637	657	608	624	594	583	576
71601	0	0	0	0	0	0
217124	3327	3192	3707	3813	3503	3566
243328	0	0	0	0	0	0
214897	510	498	462	400	405	440
74244	1304	1442	1454	1404	1290	1263
13205	9566	8750	8454	6977	7385	7817
218294	294	293	301	256	278	258
107869	5	3	2	0	2	8
67269	666	856	757	698	747	701
22185	2735	3414	3179	2905	2895	2808
115487351	0	0	0	0	0	0
22057	255	246	254	268	245	218
20502	0	0	2	0	0	1
211253	132	141	144	150	138	128
12447	248	459	365	305	277	238
17182	0	3	8	0	3	1
93886	0	1	1	1	1	0
208211	397	522	485	580	482	495
13132	21379	23336	21234	14521	14451	14987
246256	1273	971	1286	1292	1255	1216
66067	193	171	160	187	170	166
11981	18	33	9	23	24	25
12527	10417	10823	10849	10943	10666	10447
14685	0	0	0	0	0	0
237175	0	0	0	0	0	0
434175	45	71	64	40	42	18
67946	595	647	651	521	565	495
214063	520	616	615	646	617	645
215751	676	630	619	624	639	634
57230	553	588	617	514	553	564
14958	2680	2796	2713	2447	2581	2419
57808	6924	6332	6366	5864	5865	6313
26430	681	690	684	599	644	669
101055676	0	0	0	0	1	1
208869	3	5	2	2	5	3
52898	1968	1829	2073	2247	2096	2083
20341	489	363	439	366	326	353
75985	1	0	1	2	0	0
20359	374	513	510	401	379	339
23857	568	536	504	522	559	524
12365	0	0	0	0	0	0
223921	543	759	618	528	556	492
75869	313	321	286	268	326	313
14080	0	0	0	0	0	0
70892	1	1	1	1	1	1
17685	475	582	503	463	439	470
11569	1158	1066	1096	1030	1107	1063
208583	1	1	1	1	0	1
66508	2763	2704	3072	3011	2828	2653
79201	310	418	335	337	357	319
67857	1287	1367	1276	1172	1345	1197
627035	0	0	1	1	0	0
71968	203	217	213	187	203	196
100042849	0	0	0	0	0	0
72852	238	141	163	188	187	192
216859	347	299	334	233	247	245
12841	8	9	3	13	10	10
23924	541	551	539	530	555	536
107392	920	783	978	891	849	844
22634	1	4	2	2	4	2
114664	2232	1890	2059	1943	1962	2038
56490	399	377	378	311	360	335
11907	1212	1072	1114	1065	1112	1131
140740	2195	2334	1942	1846	1983	1971
13139	382	329	428	390	372	379
30838	498	549	687	614	544	487
13640	2	0	1	0	0	0
19826	1466	1962	1846	1735	1639	1533
13191	2244	2702	2983	2716	2429	2382
73822	6413	5756	6770	8610	7831	7751
67900	31	36	24	49	42	41
71769	127	161	148	145	142	148
20249	442	26	281	11761	11724	12364
72258	0	0	0	0	0	0
224807	428	500	486	520	502	485
240067	210	194	164	185	192	206
57896	1542	1391	1219	1056	1237	1193
16210	926	833	886	1005	1124	1180
67260	264	242	286	540	554	575
12411	0	0	1	0	0	0
223828	959	1076	913	821	948	932
27399	2374	1932	2183	2130	1982	2126
28193	2427	2092	2078	2267	2354	2533
319158	35	59	45	37	43	23
53902	947	1000	998	911	912	894
60525	350	248	331	478	492	415
83993	1	2	0	0	0	1
74166	116	128	136	157	128	126
234135	1620	1597	1576	1397	1493	1446
19367	625	668	731	735	683	611
194309	10	9	4	2	3	4
11298	0	0	0	0	0	0
319481	399	401	390	372	376	353
11518	3272	3466	3523	3193	3198	3131
18035	1315	926	1170	907	886	847
102640043	0	0	0	0	0	0
327762	475	559	474	351	356	374
449521	82	93	93	95	75	101
16912	864	835	950	854	804	703
118568243	0	1	1	1	1	0
229317	1533	1366	1424	1233	1352	1404
13386	1	0	0	0	0	0
101351	403	396	383	348	377	404
20975	1087	1248	1153	1092	1087	1099
66729	0	0	1	1	1	0
12333	1694	1802	1923	1700	1533	1612
74201	118	118	104	77	103	103
17165	673	642	641	649	662	725
66154	1807	2009	1987	1764	1876	1793
215351	816	883	840	787	852	827
67959	1480	1909	1838	1586	1468	1431
68585	19718	17379	16841	18253	18911	19122
18230	41	63	38	41	40	57
72119	1527	2303	1765	1215	1366	1104
628308	481	399	384	331	342	347
22646	27	25	18	33	30	34
78833	159	226	164	145	167	142
229542	1210	1225	1153	980	1003	1038
13667	345	380	403	351	338	306
118449	4	1	4	0	1	1
20441	358	276	333	360	360	366
78321	40	40	54	51	55	55
229584	552	542	602	576	509	521
269608	49	62	60	76	64	58
240120	87	75	89	54	73	65
545474	0	0	0	0	0	0
68926	1222	1728	1707	1462	1484	1427
268390	429	443	441	383	407	421
22137	368	494	400	247	278	232
28036	601	799	656	456	522	513
268417	793	706	805	778	740	726
11489	1	0	0	1	0	0
16854	69041	66779	74846	92982	88888	85715
102124	92	141	133	116	122	103
243780	158	148	158	117	145	152
72507	2	0	1	1	0	1
12521	823	829	964	1049	1073	978
75746	31	28	30	30	20	33
69668	974	1151	1101	961	985	962
104394	747	969	926	946	804	783
232536	243	282	284	227	239	239
19014	940	1001	904	854	906	911
320040	0	0	0	0	0	1
212516	11	6	7	6	6	4
258463	3	1	2	0	2	2
21841	537	549	484	469	517	565
17300	1	0	0	0	0	1
76187	14	18	22	10	13	17
102639700	0	4	1	1	1	2
21814	33	18	31	20	19	25
320541	278	246	282	202	229	219
105245393	0	0	1	0	0	0
22718	223	208	169	171	190	184
269529	147	171	169	175	155	174
57315	412	544	477	471	460	444
75516	168	144	141	128	138	143
56424	1003	1070	1121	1070	1108	1028
100041596	0	0	0	0	1	0
242274	15	8	7	12	4	11
227522	83	95	82	71	87	68
13367	4193	4382	4475	4210	4239	4140
13617	1	0	0	0	1	0
71707	230	268	261	269	262	223
231430	99	131	130	104	112	105
75317	239	380	261	182	213	169
71743	385	450	459	491	506	489
67839	159	148	157	183	141	204
20276	20	36	20	27	25	25
71983	168	174	203	198	177	192
71412	0	0	0	0	0	0
100043695	1	0	2	0	0	0
72180	116	112	123	99	85	114
52653	589	612	496	506	550	560
57440	6	2	1	2	1	3
320940	809	826	659	588	645	686
237781	201	226	189	200	222	202
26356	829	863	805	703	721	729
233805	308	310	239	282	307	310
21386	0	0	0	0	1	1
115489118	0	0	0	0	0	0
94190	945	735	871	723	750	867
67273	1240	1402	1426	1443	1484	1436
114654	3	1	2	2	5	2
66394	726	705	750	665	627	571
71276	61	73	72	65	66	61
269593	988	1170	986	845	873	776
54712	2770	2656	2753	2387	2504	2490
27058	1249	1442	1276	1309	1249	1217
70829	1169	962	1062	972	985	1003
194231	0	1	0	0	0	0
237940	36	32	31	44	39	24
231887	1247	1641	1545	1211	1206	1255
67846	284	279	297	285	282	296
12526	0	0	1	0	0	0
50928	0	0	0	0	0	0
11864	2	4	5	4	4	5
211383	0	0	0	0	0	0
73828	190	216	209	180	179	188
14600	2	0	1	2	3	2
226255	156	106	175	162	177	194
16163	0	0	0	0	0	0
100502940	1	0	1	0	0	0
21788	486	438	448	433	500	507
232440	686	654	883	873	741	713
68636	113	90	96	91	67	79
75146	758	849	903	971	972	819
109079	705	820	764	628	633	604
242736	498	466	482	408	482	424
241593	0	0	0	0	0	0
628900	0	0	0	0	0	0
75717	580	597	557	479	582	511
66278	357	336	312	294	289	321
667414	0	0	0	0	0	0
14562	1179	935	1233	1268	1130	1217
224088	2062	2114	1870	1855	2043	2064
244238	124	134	135	139	173	132
68169	28	30	29	21	24	19
665828	3	5	5	6	10	1
69136	133	101	135	156	113	138
12493	2123	1868	2225	2595	2371	2385
29871	478	580	577	625	623	611
214642	111	117	110	82	70	96
77647	2	0	0	0	0	0
106628	496	571	620	530	544	565
12578	5	10	5	5	6	6
236539	348	768	532	851	879	764
19286	427	425	407	344	367	389
245622	366	295	254	248	278	252
53380	626	520	574	533	537	510
54486	3926	3310	3359	3430	3325	3590
244757	6	7	4	2	3	2
102871	196	288	195	141	176	163
14778	473	314	441	417	400	416
74451	734	921	842	734	755	649
108946	956	890	850	768	845	923
14977	2461	2672	2606	2753	2760	2514
213499	1037	1054	1109	1083	1121	1085
665775	1065	1119	1099	839	872	890
74102	934	840	806	739	830	768
67895	241	374	273	285	297	248
102639922	2	1	1	1	1	0
214685	1	2	3	7	8	9
69310	74	53	56	70	59	62
380608	355	411	346	358	357	377
74185	462	601	510	494	524	506
118568340	1	4	3	3	3	4
20708	639	475	536	360	345	371
100039863	19	4	14	17	24	15
100040944	38	34	26	11	23	13
118567481	63	70	78	18	50	60
16322	0	0	0	0	0	0
213417	0	0	0	0	0	0
76927	5	11	8	7	6	6
214469	4973	4948	4928	4711	4543	4590
73218	451	477	591	521	504	432
56310	700	732	797	653	592	644
73385	650	725	650	543	680	663
218215	650	534	607	465	402	472
19345	7211	8508	8490	7029	6832	6680
80732	428	398	363	308	354	294
69038	968	900	916	966	962	847
69441	0	0	0	1	0	0
66258	663	712	675	728	689	660
381694	248	268	244	287	301	274
230775	0	0	0	0	0	0
19712	816	781	858	628	709	674
230145	278	331	280	233	265	262
67452	1157	976	990	902	1046	895
14569	15428	14902	13905	12992	14145	14275
14300	991	949	926	703	762	762
80915	140	154	135	142	134	143
106861	32	28	20	21	26	28
15206	0	0	0	1	0	1
229663	7092	6638	6248	5826	6408	6363
14609	56	85	63	33	40	28
30930	3267	3211	2914	2731	2971	2963
103268	224	256	197	142	165	170
67581	1877	1544	1543	1654	1682	1758
105734727	6	14	16	11	8	2
228850	1571	1634	1568	1553	1572	1590
234577	1207	1618	1457	1274	1277	1172
328531	0	0	0	0	1	0
234374	419	512	558	551	492	513
67059	1499	1541	1327	1172	1458	1414
74589	0	0	0	2	1	1
225998	0	0	0	0	0	0
20448	879	836	916	1206	1243	1133
76952	1193	1124	1151	1136	1086	1173
68178	1489	2260	1870	1647	1780	1564
72357	481	479	583	528	481	520
102577427	0	0	0	0	0	0
76497	431	474	432	397	421	356
66053	1417	1459	1431	1427	1360	1388
109263	591	713	643	530	564	546
67010	1217	961	1049	1045	1111	1065
72168	0	0	0	0	0	0
208188	0	0	0	1	0	0
75660	230	258	262	268	220	229
331046	5	0	0	0	1	1
545647	0	0	0	0	0	0
72281	0	0	0	0	1	0
791415	1	1	0	0	0	1
14289	66	31	58	82	61	92
16494	0	0	0	0	0	0
118568594	0	0	0	0	1	1
12747	1967	1601	1669	1481	1622	1626
213208	32	33	32	27	24	22
353242	386	447	430	421	459	382
15957	328	217	265	201	156	199
239126	0	0	0	0	0	0
18212	0	0	0	0	0	0
73835	8	3	12	5	5	9
54646	35	46	44	43	56	44
541610	0	1	0	0	0	0
192136	3	0	6	4	6	3
12183	193	229	190	159	197	191
11819	0	0	0	0	1	0
235050	193	169	163	168	177	183
12304	2421	3341	2839	2525	2711	2557
14020	799	795	758	674	777	722
12293	515	450	436	417	381	429
22687	642	696	817	761	730	680
27965	1831	1849	1975	2052	1993	1970
18648	11256	16867	13475	12665	14295	12826
17306	0	2	0	0	2	0
622665	29	29	27	40	25	33
110651	3720	3732	3298	3099	3410	3461
105245381	0	6	3	0	1	2
170930	3377	3722	3061	2655	2878	2895
57754	1	0	1	0	0	0
102635496	0	0	0	0	0	0
22236	0	0	0	0	0	2
328099	472	512	496	444	478	500
66279	136	157	160	119	113	107
170822	823	861	862	784	816	862
16009	2	0	1	10	3	6
67477	264	315	303	229	197	223
207215	7	21	16	13	10	4
76357	196	212	212	174	190	217
57738	77	51	68	49	63	63
104401	1236	1203	1403	1315	1231	1202
114142	0	1	0	0	0	0
70717	0	0	0	0	0	2
115489981	46	40	27	30	24	36
22333	4461	5306	4892	4363	4715	4427
52323	450	423	417	432	462	483
192166	27	12	26	22	25	24
19280	1261	1270	1403	1440	1332	1271
194590	1098	717	830	581	569	585
18027	35	50	56	41	37	57
19166	2108	2473	2319	2117	2351	2205
21807	587	448	568	778	661	700
66905	1751	1636	1732	1832	1806	1642
76713	0	0	0	0	0	0
17289	2289	2353	2334	3590	3737	3863
58909	49	37	43	54	62	56
72477	1198	1051	1137	1065	1113	1251
11554	5	4	2	2	0	1
208624	177	259	227	291	213	241
14064	19	14	8	22	22	26
235386	11	9	8	7	4	6
13014	6394	6007	6065	7478	6896	7136
72693	0	0	0	1	0	0
234384	298	382	420	387	443	359
26419	288	309	274	272	286	300
20646	0	0	0	0	0	0
223473	0	0	0	0	1	0
52858	1778	1927	1940	1955	1920	1755
118568475	0	0	2	0	0	1
67389	512	482	529	501	485	445
11630	1536	1659	1530	1212	1185	1110
268857	313	341	341	264	238	253
268859	0	0	0	0	0	0
105242668	0	0	0	0	0	0
233649	0	0	0	0	0	0
76294	1	1	4	0	0	1
74013	46	63	55	38	50	35
16195	2678	2084	2522	2640	2494	2732
110033	928	1249	1043	629	683	600
270160	71	40	40	155	156	148
70408	397	393	358	321	367	353
99480	880	928	888	760	889	873
74019	159	188	160	131	131	140
108167560	1	3	2	6	1	3
73284	4	3	1	2	6	2
72020	433	398	358	273	298	345
74498	467	493	564	486	478	461
102631503	0	6	0	3	0	0
319184	1	1	0	0	1	0
75560	1746	1920	1884	1677	1678	1671
67872	661	786	670	644	633	667
235533	81	101	76	76	82	86
93885	0	0	0	0	1	0
665596	9	8	9	8	8	4
268420	1719	1943	1972	1816	1845	1780
241627	391	552	413	322	345	352
210297	0	1	1	0	0	0
13521	205	220	234	242	244	228
83965	2	2	5	1	3	6
327743	1	0	0	1	0	0
74438	3	5	5	3	8	5
118568705	3701	3314	3474	2808	2737	2859
28194	0	3	0	0	1	0
11308	3979	3481	3476	3287	3349	3507
110876	0	0	0	0	0	0
11790	1048	1112	1220	1447	1293	1239
78757	489	513	494	420	448	468
320204	93	81	82	79	84	82
54723	997	1110	1187	1096	990	962
381760	574	526	509	452	479	501
66163	719	805	884	894	834	783
100036521	294	253	272	277	281	263
232409	0	0	0	0	0	1
74763	1474	1580	1616	1411	1445	1408
243905	231	213	235	212	212	229
99003	657	661	577	498	545	593
17101	1597	1561	1615	1776	1806	1840
228357	176	157	169	147	125	136
74340	1416	1462	1379	1482	1521	1551
140499	1052	1202	1222	1081	1106	1020
21969	1831	1743	1516	1269	1403	1419
64099	1827	2344	2136	2121	1925	1813
215280	4236	4056	3837	3450	3423	3512
100763	771	853	841	871	806	836
26888	2845	2020	2450	1834	1973	2209
20399	726	732	783	719	689	686
104709	406	379	450	379	302	357
110542	0	1	0	1	0	1
16576	37	47	40	52	49	36
380878	0	0	0	0	0	0
23801	2	3	4	0	2	3
72947	91	78	116	89	93	90
54200	8	4	15	5	5	6
98845	0	1	4	1	1	0
384619	3	1	6	3	2	1
22658	187	209	197	200	193	172
68736	125	129	114	135	116	128
27392	758	747	672	660	693	749
218038	0	0	0	0	0	0
14007	2498	2498	2141	1890	2106	2100
435626	2	1	5	0	0	0
106821	337	394	339	316	302	327
59041	1086	1165	1156	1113	1047	1061
223739	7786	7001	8076	8944	8431	8624
71966	1400	1698	1701	1830	1743	1646
20652	6300	6245	6307	6390	6979	6709
72960	59	77	80	71	83	65
270198	1156	1012	1194	1252	1055	1146
667373	14	4	22	13	21	19
76389	1	0	0	0	0	0
14786	0	0	0	0	0	0
76901	736	802	755	1017	1048	1060
15944	1773	1469	1571	1502	1338	1553
73314	8	28	16	9	19	17
70248	828	1181	1032	919	918	792
235344	639	671	604	605	561	561
63856	527	538	569	455	445	447
68040	194	195	196	202	196	191
106763	0	2	1	0	0	0
78246	1491	1382	1498	1499	1505	1463
69149	73	72	60	54	67	56
66664	162	196	176	167	195	176
26372	602	560	602	700	699	764
77573	1606	1607	1725	1646	1536	1641
66874	582	580	627	464	496	486
20019	529	849	676	743	778	722
66765	3	0	1	1	0	0
399558	757	848	782	742	828	852
108168003	0	0	0	0	0	0
67078	502	637	579	638	567	588
84652	1003	982	947	849	882	900
66611	16	18	17	14	21	19
102632738	7	8	8	2	5	2
242860	802	678	597	574	575	560
67080	1	2	2	2	0	1
16172	1071	1486	1252	703	686	644
236643	1	0	0	0	0	0
77622	148	198	171	173	161	153
52468	4651	3855	4814	4156	3853	4021
170829	49	53	60	55	44	49
29862	0	1	1	0	1	0
55979	1459	1581	1676	1575	1583	1535
635169	0	0	0	0	0	0
54630	158	148	148	142	124	146
20815	604	787	663	596	628	608
330721	1	0	0	0	1	0
18392	86	133	96	61	78	69
66817	62	68	45	63	78	65
104130	1286	1479	1438	1207	1223	1186
16391	1506	1317	1414	1333	1298	1322
21350	9	4	3	8	8	3
52040	927	1084	1132	1050	1001	982
240034	206	172	152	138	136	155
226866	0	0	0	0	0	0
74257	594	580	636	640	665	670
68879	1151	1141	1208	1184	1185	1216
80987	399	418	434	544	426	510
67433	812	830	713	715	832	802
382074	0	0	0	0	0	0
74383	4279	4735	4760	4591	4260	4360
24056	2134	2696	2322	1936	2223	1954
114774	0	0	0	0	1	0
50722	1	3	1	3	0	0
69597	1478	1864	1617	1775	1828	1798
68107	27	34	32	20	26	28
15184	2005	2099	2315	2144	1996	1964
100087	210	236	233	232	224	220
71685	0	0	1	0	0	0
56378	10862	11310	10124	9170	9667	9078
226525	58	73	66	82	95	133
381678	103	144	128	91	118	104
12340	7720	8079	7460	6768	7270	7157
209446	3118	2987	3283	3140	2900	2880
67701	0	0	0	0	0	0
12874	5768	7418	5975	4860	5132	5159
56440	4463	4573	4277	4225	4224	4287
320878	358	472	437	317	339	311
14584	1	0	2	2	0	0
70508	999	1233	1042	844	977	860
67698	1195	1094	1140	1103	1142	1116
100504715	713	755	774	722	704	722
55951	1219	1208	1240	1338	1382	1391
19387	2233	3324	2799	2325	2498	2103
319207	0	4	1	0	2	0
329384	76	81	110	106	84	86
100043034	0	0	0	0	0	0
17906	0	3	5	1	2	2
30060	0	0	0	0	0	0
224617	560	519	527	491	483	509
16969	1692	1720	1774	1701	1611	1614
282663	47	40	34	24	12	23
56194	2124	2220	1887	1628	1757	1731
214424	144	130	167	160	171	162
212728	65	80	74	75	67	67
15233	1	0	0	1	0	1
233913	453	536	517	538	518	542
58220	2	3	2	2	0	3
102632	373	393	343	331	354	364
17454	756	666	752	720	677	637
234959	668	690	742	673	672	719
14711	2	1	2	2	3	2
333654	94	122	132	115	118	99
243300	61	59	78	52	49	34
67768	189	180	200	190	170	204
277743	0	0	0	0	0	0
67788	1992	2014	1745	1518	1648	1588
268445	207	261	250	305	280	299
56280	569	721	666	671	603	586
99683	1278	1476	1544	1497	1409	1412
241846	554	580	557	529	602	607
94184	1460	1663	1610	1488	1555	1532
99326	42	45	51	49	25	34
16656	174	205	168	212	195	202
195040	453	518	440	483	504	526
66694	1766	1776	1832	1771	1818	1879
207352	924	1007	1004	972	913	941
100929	502	513	515	565	527	541
242642	0	1	1	0	0	2
15214	0	0	0	0	0	0
76646	0	2	0	0	1	1
23999	1638	1781	1960	1538	1431	1334
69376	0	3	2	0	0	0
235402	0	1	0	0	0	0
69663	281	290	306	314	283	326
75581	12	9	9	8	11	9
238725	0	0	3	1	2	3
70571	0	0	0	0	0	0
243270	1	0	0	0	0	0
225898	972	966	1038	1019	1016	963
28295	540	552	574	567	541	485
106014	0	0	0	0	0	0
94282	278	245	283	260	253	267
320727	943	1058	1053	902	953	978
360198	1	0	2	1	0	0
68618	163	176	170	192	188	205
338523	1265	821	918	829	954	978
76263	137	174	191	125	134	104
21857	41	16	34	40	25	32
68635	58	30	59	51	59	73
14972	24382	18844	24469	28165	26004	25997
101056073	0	0	0	0	0	0
208171	0	0	0	1	0	0
13717	0	0	0	0	0	0
12259	14830	10686	13798	13761	12726	13295
106722	1	0	0	0	0	0
26413	4147	4465	3998	3873	4149	4269
74126	1040	1005	1165	1168	1081	1117
26934	2180	3216	2435	1735	1822	1537
14897	4429	4532	4440	4277	4564	4631
26420	1191	1240	1139	1163	1145	1190
74155	250	232	262	247	237	265
319845	211	218	225	206	199	197
71750	2093	2113	2272	2069	2170	1954
75482	2	1	1	0	0	0
99663	0	0	0	0	0	0
97820	1268	1385	1411	1527	1512	1492
70691	26	6	19	12	8	20
218232	57	57	50	56	59	55
228869	627	694	684	762	682	784
71338	0	0	0	0	0	0
235315	949	884	970	884	968	936
71939	1	0	0	0	0	0
66570	106	147	126	93	110	90
385354	0	1	0	1	0	1
15408	0	1	0	0	0	0
381122	0	0	0	0	0	0
66381	281	283	326	296	348	290
330064	120	148	149	107	123	127
100041515	1	1	0	1	1	1
225030	1	0	0	1	1	0
70530	0	0	0	0	0	0
81702	1866	2048	1981	1849	1870	1963
63985	3078	2882	2782	2893	3263	3295
227446	738	591	636	591	631	609
18484	989	1240	1103	842	827	819
70605	214	200	233	259	238	237
270035	32	37	33	30	41	38
70853	1	0	0	0	0	0
67128	920	864	840	819	864	898
72391	267	395	302	173	209	162
224796	11	8	9	4	3	10
233789	2813	2865	2644	2629	2691	2824
68034	225	227	258	247	255	216
17540	12	15	12	7	5	7
110809	3838	4110	3540	3209	3350	3357
27218	6	0	5	2	1	1
117903916	732	811	890	892	844	815
319146	0	0	0	1	0	0
70481	2	1	8	3	3	6
70227	80	54	67	68	63	73
68050	2092	1931	1939	2276	2302	2238
381994	0	0	0	0	0	0
228889	598	746	632	615	661	621
72549	849	1026	998	828	849	743
219158	890	1076	1012	874	893	844
68918	10	0	2	0	3	2
11766	712	762	775	682	701	638
12228	93	105	112	111	115	127
217038	236	273	228	247	219	234
67160	8270	8819	8397	8296	8392	8492
16773	0	0	0	0	1	0
14765	0	0	0	0	1	0
16362	1290	931	1218	1125	1019	1135
244631	696	733	801	793	771	764
67068	1533	1805	1769	1773	1891	1734
26569	770	781	858	932	848	809
108168884	2	2	5	4	3	0
268448	916	994	941	928	866	835
102633075	0	1	0	0	0	0
140810	313	279	271	263	275	262
228961	987	1076	1142	1350	1216	1124
226040	0	0	0	0	0	0
19079	606	602	639	592	568	544
329977	41	37	48	33	45	33
50529	612	721	627	708	663	606
11492	689	468	676	559	564	576
228608	1116	1138	1406	1164	1069	1028
108169054	0	0	0	0	0	0
20787	1544	1636	1971	7828	6698	6958
211446	1516	1421	1538	1281	1363	1378
22408	0	0	0	0	0	0
104263	1093	943	1011	892	996	985
15975	4399	4098	4381	3919	3917	4120
243912	145	147	157	115	111	106
73634	0	0	0	0	0	0
54598	1082	1002	809	738	798	823
17218	1673	2774	2296	1903	1730	1648
18604	204	171	268	225	217	207
171212	814	913	923	950	872	844
235281	29	21	35	22	24	24
101772	0	0	0	0	0	2
381236	441	447	371	344	385	425
14011	1195	1378	1203	1085	1143	1122
101214	1414	1434	1288	1282	1322	1373
12962	0	0	6	2	3	1
14744	1747	1341	1407	1219	1329	1419
18361	0	0	0	0	0	0
13030	261132	236853	274452	354929	339782	339563
17714	385	424	417	441	400	408
210583	36	36	42	23	31	28
20334	658	655	656	652	689	633
245038	2	0	1	0	0	0
70458	73	134	95	67	63	57
668923	128	92	103	83	74	80
241158	4	9	2	2	6	4
100503125	1	0	0	0	0	0
74189	0	0	0	0	0	0
67425	53	36	50	78	66	91
118568634	128	118	112	91	103	93
11688	1	0	0	1	0	2
71916	55	76	58	57	61	71
67590	242	283	300	286	266	245
72157	705	1048	882	860	871	820
19244	8082	6889	7020	7643	8203	8281
434768	0	0	0	0	0	0
66146	762	764	826	632	672	700
17886	9683	13261	12187	9385	9299	8665
19338	375	351	320	293	371	342
108853	171	202	199	124	148	163
15410	32	32	46	39	31	30
21346	10428	13206	10822	8600	8975	7999
70144	920	980	924	882	973	896
21939	192	211	201	243	208	231
170761	0	2	0	0	0	0
98386	1023	1110	1036	954	931	844
353328	2	1	3	1	2	2
102637572	1	0	3	1	0	1
21452	2695	2395	2910	3039	3035	2930
231510	13	19	16	15	18	12
19713	2	1	1	3	0	0
21927	1341	1487	1372	1342	1240	1237
57354	593	657	647	581	556	571
21934	2327	2244	2258	1937	2046	2065
68507	782	470	767	989	815	966
17999	36	17	41	26	20	29
16524	4	0	2	14	15	10
16569	1640	1573	1663	1586	1607	1578
18559	1131	1303	1197	1232	1270	1214
547347	2	3	0	2	1	2
232345	0	0	0	0	0	0
26941	1922	2227	2245	2146	2057	1961
69745	991	806	896	844	749	791
217716	272	303	295	248	279	266
231452	396	482	419	423	431	394
68732	84	173	137	86	74	94
245884	5	2	6	7	11	5
103978	0	0	0	0	0	0
13805	1591	1704	1894	1801	1749	1600
56395	705	798	769	927	770	715
217674	2	0	0	0	0	0
12519	379	324	283	225	221	284
102633809	0	0	0	1	0	0
12355	2	0	0	4	1	1
100042074	11	15	10	0	0	4
77200	60	63	43	32	32	36
73744	1109	1249	1383	1271	1234	1291
382253	4	4	3	4	1	3
12298	0	1	1	0	3	3
74777	1801	2080	2088	2001	1928	1791
237222	173	196	172	154	127	152
20320	8509	8574	8090	8205	7970	7945
74499	0	0	0	0	0	0
76740	1648	1794	1624	1513	1559	1525
84506	0	0	0	0	0	0
73490	14	10	5	17	16	12
66922	65	45	47	48	47	51
75986	0	0	0	0	0	0
115488490	0	1	1	0	1	0
69524	6	23	9	9	8	6
118568020	8	4	5	5	6	2
12793	1857	1866	1682	1586	1721	1624
13642	14	8	3	16	9	4
223770	1443	1382	1471	1461	1497	1486
20286	790	911	875	796	809	800
115488359	0	0	1	0	0	0
106583	829	953	833	875	835	869
219131	62	45	61	38	39	43
72836	850	602	672	604	652	744
223665	122	121	132	129	134	139
74116	9	30	18	6	11	13
72190	693	999	681	637	637	636
20973	2700	3062	3350	3118	2920	2789
64898	2117	1952	2168	1845	1929	2059
93730	398	352	348	299	329	345
226641	2805	2843	2679	2656	2816	2726
328365	5047	5783	5575	5086	4940	4714
192193	7012	7264	7091	6357	6567	6507
208292	1775	1533	1482	1249	1367	1436
16528	0	0	0	0	0	0
56791	1913	1723	2079	1902	1772	1662
13555	906	1107	1124	980	930	953
74478	1871	1626	1874	2141	1916	2093
215928	2	4	3	6	6	6
22378	2976	3075	3297	3604	3348	3166
93700	44	39	48	48	26	37
68525	0	0	1	1	0	0
226049	0	0	0	0	0	0
78266	619	594	623	547	570	509
264895	361	337	378	399	397	367
245555	0	0	0	0	0	1
217340	810	875	892	1033	971	901
381352	13	11	14	18	17	17
118568644	4	0	0	0	1	0
21401	3	7	6	7	8	5
100043254	0	0	0	0	1	0
215512	195	171	208	215	180	176
115489950	0	0	0	0	0	0
328440	8	7	2	4	5	8
14431	359	355	416	399	394	393
330301	3	5	7	8	4	4
27418	1214	1221	1141	1056	1194	1124
102631952	0	1	0	1	0	0
338364	396	418	406	337	351	340
21915	340	490	436	437	378	356
75698	112	120	120	114	103	98
245638	317	399	351	239	300	249
15160	0	0	0	0	0	0
26926	646	750	680	610	602	622
14270	2704	2750	2934	2969	3004	3112
20415	0	0	0	0	0	0
55936	1236	1264	1226	1193	1282	1313
11946	10880	12329	11928	12019	12135	11507
22116	0	1	0	0	0	0
71991	74	86	86	76	73	74
225876	2002	1895	1979	1808	1689	1769
231128	708	760	760	664	659	694
22719	217	206	191	169	174	164
106529	2345	2627	2907	3278	2983	2709
268860	0	0	0	0	0	0
229004	474	511	525	425	463	425
20401	1889	1872	2137	1845	1687	1708
26379	618	609	797	805	699	657
68487	1050	793	999	1016	938	1053
54130	3022	3337	3357	3153	3056	3044
66784	0	0	0	0	0	0
236732	529	646	573	519	608	524
66083	159	189	173	146	160	159
57423	1666	1793	1687	1641	1533	1566
68241	70	82	90	91	87	84
13860	356	333	339	308	255	281
433956	284	339	328	356	370	319
11861	220	213	145	179	166	160
18784	25	42	33	23	26	20
18722	426	300	414	349	305	285
12829	0	1	1	1	1	1
67382	825	842	869	717	700	746
54120	14	8	9	13	8	12
20810	320	542	474	547	508	470
67267	385	501	443	382	411	370
76846	15918	12732	14068	13785	12799	13812
67035	979	854	858	735	838	888
666584	7	16	11	8	6	7
18553	0	0	0	0	0	0
18797	1250	1293	1406	1203	1138	1172
66844	881	843	842	804	897	805
22226	0	0	0	0	0	0
56726	9375	7978	7078	6955	7302	7255
56350	410	388	418	349	366	373
67812	1678	1681	1603	1526	1607	1584
17846	733	774	743	727	751	716
11472	0	0	0	0	0	0
77980	1438	1756	1763	1697	1497	1430
56454	575	980	746	911	1012	853
53310	73	79	103	80	89	81
66204	194	198	150	168	182	168
213988	934	875	871	801	757	858
216080	478	446	462	400	427	427
67145	653	734	708	643	662	652
228790	1490	1607	1528	1370	1307	1346
72061	2273	2409	2478	2221	2049	2147
329178	0	0	0	0	0	0
74080	216	176	173	187	222	204
100608	378	483	473	415	358	368
74053	0	1	0	0	0	1
13537	54	38	59	77	48	82
54399	480	333	389	340	334	365
20112	447	621	504	599	599	580
58207	640	931	803	588	607	518
66107	2	0	0	1	1	0
213332	327	325	302	289	331	329
224833	68	102	108	65	67	65
108797	205	178	191	160	148	134
54633	390	465	516	497	496	445
11997	0	1	1	2	0	1
15132	0	0	1	0	0	0
245684	0	1	0	2	0	0
74245	639	575	552	509	550	543
77805	521	447	432	362	416	389
20352	183	202	194	150	137	177
69318	0	0	1	0	0	0
13864	263	310	318	362	299	267
11542	38	45	47	59	47	39
18739	1203	1169	1368	1305	1293	1274
66868	7381	7486	7181	6425	6656	6621
101835	102	78	73	73	69	80
434117	0	0	0	0	0	0
50492	275	379	385	336	391	336
78887	266	244	303	298	243	237
433931	281	286	241	267	334	295
19877	1532	1311	1299	998	1127	1081
192170	1563	1977	1817	1689	1689	1589
21854	686	828	626	718	716	728
233276	483	457	449	365	413	423
238257	1	0	0	1	0	0
76469	0	1	0	0	1	0
110172	944	1171	1107	1132	1132	1032
171167	130	124	161	127	94	111
320664	112	109	124	75	59	58
240283	1526	1274	1208	1248	1235	1262
66528	3	2	5	2	3	0
216238	2295	2646	2213	1731	1933	1795
14087	209	387	302	240	226	191
68229	314	356	350	316	331	307
110558	37	22	30	47	24	62
18846	56	53	60	96	66	78
24069	414	449	515	396	395	382
330361	260	282	240	204	243	248
64213	95	92	96	148	149	153
215210	474	552	579	641	625	576
330627	1	0	5	5	1	4
240832	3078	3235	2968	2916	3125	3078
68066	1636	1940	2074	2119	1966	1866
235633	688	772	729	606	593	563
118445	369	423	384	410	415	379
75472	90	84	92	148	179	139
18400	59	67	68	63	52	60
170789	225	222	263	267	266	242
76820	1235	1115	1200	963	1014	1050
70772	9	12	6	14	9	9
106840	502	578	550	545	504	518
22196	3717	3848	3752	3503	3391	3406
14388	427	303	408	316	305	350
12460	415	432	437	390	402	426
233046	441	370	450	367	296	311
226414	1654	1701	1500	1520	1534	1601
233073	268	326	336	325	302	286
12927	4	3	4	2	1	2
332221	0	0	0	0	0	0
69792	255	288	297	282	316	274
613123	0	0	0	0	0	0
15191	4780	5685	5220	4683	4880	4575
140917	263	323	291	290	247	249
70560	130	117	110	152	138	170
17105	428187	377309	430452	430421	404994	414821
17387	1131	1007	1196	1151	1191	1179
100043920	0	0	0	0	0	0
21821	124	155	143	126	112	113
68365	5681	5435	5016	4665	4936	4895
19218	34	30	38	26	25	23
74156	0	0	0	0	0	0
68263	1192	1160	1250	1271	1311	1264
268958	3	0	2	7	2	11
404710	1124	1507	1413	1071	1034	908
98415	3880	4978	4117	2974	3362	3267
80720	28	23	43	20	21	17
57295	878	1092	1009	1046	992	992
243621	0	0	0	0	0	0
110637	0	0	0	0	0	0
266690	2289	2333	2208	2081	2258	2209
70897	0	0	0	0	0	0
67749	4	15	9	4	8	3
78304	314	334	298	339	279	304
215051	265	356	344	275	311	286
268297	5	2	0	0	1	0
67824	238	274	273	205	215	202
100504239	0	0	0	0	0	0
12279	1	0	1	0	0	0
214766	0	0	0	0	0	0
52538	641	653	740	763	737	728
631323	364	270	283	258	221	237
76229	7	7	2	1	2	7
75669	730	796	909	791	829	777
108105	37	14	24	18	27	21
269951	1735	2171	1983	1803	1711	1666
57138	3	2	2	9	3	2
23790	7951	9468	9267	8610	8226	7825
18174	1302	1056	1330	1602	1630	1582
26427	163	220	174	167	152	118
233056	268	269	222	229	230	227
67707	977	909	964	845	877	920
67235	149	110	139	138	118	153
320571	1	5	5	3	5	6
74769	1358	1510	1355	2114	2241	2290
16498	2671	3888	3439	3029	3168	2844
67255	608	605	563	419	439	450
11835	0	0	1	2	0	0
26440	2867	3111	2909	2644	2802	2775
210503	214	157	145	124	117	141
232679	419	415	446	472	392	410
18987	951	601	876	695	682	755
208146	561	628	540	552	509	530
545192	0	1	0	0	0	1
77032	675	661	581	520	586	572
77799	3	0	1	1	0	0
52668	1054	1246	1170	1103	1248	1223
69155	1008	1015	1041	924	951	946
14885	302	335	326	300	285	237
76829	2	0	0	0	0	0
72088	0	0	0	0	0	0
56370	1	0	4	1	1	2
53598	864	1060	1081	1007	998	961
13479	0	0	0	1	0	0
66932	743	831	849	771	677	676
209416	970	957	861	801	825	866
75452	1189	1394	1334	1175	1285	1177
108767	987	756	904	800	854	839
14461	28	45	31	33	31	15
70335	15	14	12	9	8	13
269356	6	7	10	7	5	12
20528	0	0	0	8	6	6
20901	1749	2167	1805	1693	1779	1725
107995	783	1245	991	638	654	561
210554	0	0	1	0	1	0
66939	1409	1257	1301	1493	1415	1428
118567343	0	0	0	0	0	0
66074	1373	1428	1311	1214	1255	1362
234542	0	1	0	0	0	0
60441	322	427	388	409	360	338
209005	0	0	0	0	0	0
18187	5555	6489	6094	6621	6562	6674
76302	1804	1832	1690	1493	1555	1641
218397	2034	1649	1758	1888	1950	2035
12005	1123	1234	1326	1138	1091	1098
106347	1	0	0	0	0	1
381104	20	21	15	17	16	17
56214	889	1039	1090	1015	948	869
18124	9	2	7	3	9	4
382639	266	228	315	355	297	308
71956	308	267	264	268	311	336
74143	1470	1588	1454	1409	1558	1555
104816	0	0	0	1	0	0
234671	0	0	1	0	1	0
74569	858	958	931	913	886	935
71799	284	321	281	311	261	252
14616	0	0	0	0	0	0
432950	0	0	0	0	0	0
71520	124	58	87	104	79	85
22596	12	20	22	16	17	20
16177	7	3	10	6	4	5
76688	505	496	473	452	481	505
234700	1	0	0	0	0	2
239839	133	163	144	102	120	124
171209	0	2	0	0	2	1
93691	317	341	299	321	342	359
66362	283	361	308	288	278	254
67504	1	0	0	0	0	0
668525	168	158	151	166	130	152
30049	0	0	0	2	1	0
21767	1121	1203	1315	1378	1253	1296
18004	318	295	227	231	229	199
241638	90	114	104	115	119	120
100039029	0	0	0	0	0	0
20540	592	654	675	794	874	789
68667	219	241	254	219	205	238
19009	362	340	350	360	354	357
230751	77	72	90	70	53	51
26900	0	0	0	0	1	0
83453	0	0	0	0	0	0
384724	0	0	0	0	0	0
19360	796	897	781	685	652	684
56017	579	562	642	564	524	566
14134	4	1	5	0	1	1
18641	1283	2236	1818	1670	1602	1552
58187	0	0	1	0	0	0
20269	0	1	0	0	0	1
20562	88	72	80	89	95	95
67043	1235	1177	1106	1013	1062	1091
67510	497	463	468	427	545	493
67809	458	495	468	441	516	492
66715	1	1	0	0	1	2
23873	506	532	455	463	516	486
74195	654	671	738	651	677	662
74737	1013	879	875	832	869	865
56212	5498	4917	5820	5378	4917	4853
170835	99	118	131	96	94	69
237310	0	0	1	3	1	1
19731	1435	1249	1393	1388	1280	1335
18769	585	625	627	560	544	459
229600	1068	817	944	958	960	1090
12571	2700	2886	2686	2733	3013	2885
54401	5417	6232	5888	5193	5329	5158
79459	0	1	0	0	0	0
17428	1195	1039	1203	1227	1205	1133
330941	0	0	0	1	0	0
108167565	2	0	0	0	1	1
110310	1	0	0	1	0	0
245670	47	49	40	20	37	21
71807	393	475	453	527	542	507
12837	2	2	1	2	2	4
79044	313	420	450	480	492	376
74360	531	632	587	430	478	484
22698	82	72	83	55	95	77
403175	0	0	0	0	0	0
69305	386	417	470	369	373	369
12236	1617	2117	1811	1224	1177	1051
11933	6104	5872	5689	6791	7098	7021
67313	0	0	0	0	0	0
69912	178	258	177	180	192	197
233571	3535	3234	3898	3818	3408	3380
13070	0	0	0	0	0	0
67781	796	958	861	752	691	698
56229	125	158	141	102	96	89
12314	8542	8301	8342	7040	7323	7084
382523	0	0	0	1	0	0
229699	2	3	3	0	0	1
227960	100	119	102	109	120	109
69482	308	378	339	262	297	277
74131	2055	1863	2068	1807	1615	1707
14723	17	1	7	5	1	4
11745	2919	3421	3070	2740	2975	2818
268721	1739	1831	1962	2033	1840	1936
24015	1725	2132	1672	1643	1876	1778
12015	514	501	577	528	512	503
11950	4695	5249	4763	4660	4786	4646
214763	343	449	409	320	354	345
93704	25	45	54	34	39	55
234669	0	0	0	0	0	0
70422	337	447	339	315	383	338
16624	0	0	0	0	1	0
50758	743	697	691	627	695	736
23950	2620	2491	2559	2314	2649	2557
108168140	0	0	0	0	0	0
12889	0	0	0	0	1	0
19274	16	10	18	35	21	26
20525	1287	2043	1660	1493	1574	1444
69718	875	901	840	796	827	791
51801	238	115	221	150	131	119
103140	194	197	205	147	153	174
100101807	650	725	650	543	680	663
66367	1050	1059	1186	1092	1009	904
100045792	0	1	0	2	1	1
74614	46	25	52	33	31	32
66087	1675	1851	1865	1741	1859	1745
278795	1	3	3	0	3	0
319675	511	605	502	443	424	482
230700	724	795	731	709	780	695
13347	454	493	496	524	487	465
21417	35	46	36	34	36	37
117198	3084	3115	2873	2283	2522	2579
26895	370	417	416	401	370	385
65106	3237	3307	3416	2967	3024	2962
118568152	445	420	378	284	372	287
15381	3710	3998	3804	3571	3756	3645
210104	122	107	113	65	78	87
240690	219	153	151	192	167	194
68753	0	0	0	0	0	0
51792	4579	5337	5335	5465	4954	4968
80719	2555	1514	2003	1973	2013	2220
69358	28	34	31	35	42	34
228788	0	0	0	1	0	0
192188	47	26	39	152	114	144
18861	181	248	196	186	168	191
268932	2	0	3	1	1	3
280411	401	372	395	384	368	365
118567837	0	0	0	0	0	0
66892	747	743	784	666	695	720
12452	1181	879	1051	857	797	818
13170	549	386	576	477	448	433
27404	87	99	97	73	76	75
246703	992	1132	1123	1047	1049	982
66596	508	718	654	602	614	528
331188	20	20	5	19	8	17
68044	121	162	107	86	104	101
107951	2111	2118	2294	2307	2268	2148
17125	412	512	506	400	402	413
271564	667	681	603	469	500	482
76477	0	0	0	0	0	1
110323	3657	3651	3274	2943	3150	3111
58227	0	0	0	1	0	0
67158	86	86	107	92	82	83
381413	148	110	134	181	178	221
106565	0	0	0	0	0	0
110816	321	412	404	408	470	423
57276	0	1	0	0	0	0
16691	0	0	0	0	0	0
327799	2	2	0	2	2	1
239405	0	0	0	0	0	2
381272	0	0	0	0	0	0
620235	1	3	1	3	3	3
97863	542	431	397	380	398	454
108682	308	323	335	406	433	397
114641	7578	7169	6597	7953	7452	6955
14269	5678	6237	6227	5728	5597	5528
223646	128	149	160	162	135	155
212933	0	0	0	0	1	0
67187	252	347	355	333	300	275
170458	0	0	0	0	0	0
329207	10	24	7	10	13	13
12583	6	4	9	2	6	4
13836	1	12	7	10	4	3
619883	4	0	0	1	0	1
497106	1	1	0	0	0	0
78779	167	133	157	159	149	129
22724	2366	2388	2413	2442	2359	2210
432552	0	0	0	0	0	0
271844	1	0	0	0	0	0
72554	714	620	623	592	633	585
54525	0	0	0	1	0	1
654462	1	0	0	0	0	0
212377	236	436	320	250	229	217
66847	285	261	236	268	281	291
210293	2754	3007	2766	2290	2461	2376
329506	634	643	538	430	506	487
433466	69	57	73	72	62	51
21781	1591	2228	1919	1643	1685	1561
76522	453	561	424	415	409	407
215615	2486	2654	2758	2678	2639	2669
66174	180	215	243	192	178	155
327978	4396	2843	3533	3597	3454	3855
17926	0	0	0	0	1	0
75406	704	783	877	809	764	708
18673	1368	1668	1638	1712	1625	1542
100494	1701	1806	1769	2203	2145	2077
58248	563	499	512	506	501	493
13636	21	16	18	10	10	13
668225	93	69	98	90	93	97
56447	2868	2979	3173	2945	2849	2749
13051	3283	4164	3713	837	745	759
73738	216	277	281	226	219	220
80748	1180	1279	1190	1181	1171	1253
60533	873	672	764	1075	1220	1240
22319	2691	2651	2696	2320	2573	2484
15229	0	0	0	0	1	0
69069	603	633	626	563	594	592
226695	28	10	22	14	5	17
236266	185	187	172	153	156	151
381229	0	0	0	0	0	0
170772	203	150	189	168	155	171
238247	1072	840	918	781	803	834
14451	2	0	1	2	1	1
21687	0	0	0	1	0	0
53424	1324	1427	1450	1312	1274	1311
77627	0	0	0	0	0	0
80907	545	573	580	554	504	496
13822	3179	3812	3427	2625	2748	2650
67300	14911	13913	14436	13051	13426	13957
108829	2108	1943	1923	2054	1941	2032
20361	14	3	12	21	11	13
328829	1	0	3	0	0	0
217734	304	338	321	353	351	354
332934	1	0	0	0	0	0
104174	6	1	1	3	2	4
67182	130	59	125	161	152	148
68316	207	259	193	164	232	163
21410	0	0	0	0	0	0
268491	0	0	0	0	0	0
246278	9	17	17	10	14	7
14658	0	0	0	0	0	0
74463	3	2	3	13	8	9
328833	249	210	259	419	326	371
244895	2428	2459	2446	2357	2282	2400
209318	990	1201	1204	1258	1204	1183
30939	417	439	436	408	439	397
77782	200	343	231	171	176	190
99470	114	147	131	100	103	100
22317	179	148	176	139	127	130
75570	75	79	67	83	73	93
16634	15	12	12	10	6	11
434438	7	2	0	1	2	1
381809	4	2	2	1	0	0
73866	0	0	0	0	0	0
75784	0	0	1	1	0	0
69237	817	954	834	797	874	914
72826	1295	1284	1098	1017	1141	1097
13058	15763	11544	13869	13996	13933	14773
18693	151	175	190	160	169	159
20480	471	562	542	605	547	485
102637129	16	10	12	10	6	8
93726	0	0	0	0	0	1
23797	1711	1758	1573	1498	1611	1610
170738	0	1	0	0	0	0
18203	670	742	779	672	723	634
232157	5100	5018	5011	4678	4715	4798
381067	111	101	81	65	73	62
18710	10	16	10	12	24	14
60411	157	188	133	95	114	110
71093	1	0	1	0	1	2
121022	145	151	158	183	167	187
211480	2	0	1	0	0	0
20568	50	23	52	39	25	33
216169	855	983	1093	1091	1039	936
12810	0	1	0	0	0	0
17357	2099	1539	1966	1642	1450	1649
54161	1819	2104	2114	1968	1960	1856
217707	154	191	193	184	164	186
20307	0	0	0	2	0	0
76252	3	4	6	1	6	7
22165	6	4	2	8	2	3
72049	2	0	4	0	0	0
105014	174	148	176	174	193	168
69726	204	200	212	196	188	235
20687	2335	2360	2068	1683	1786	1727
14595	3637	4085	3645	2949	2977	2843
19933	8852	7952	8036	8132	8250	8601
20678	11	10	15	10	11	8
19704	1355	1510	1669	1438	1358	1342
56532	724	962	850	605	614	500
436022	172	78	136	128	111	122
59004	319	416	424	418	401	336
12895	18	27	21	34	21	31
100040462	2060	1739	1767	1307	1405	1444
19181	1614	2061	1851	1773	1804	1809
20191	0	0	0	0	0	0
239114	0	0	0	0	1	0
15396	0	0	0	0	0	0
78038	267	249	244	203	240	228
70804	829	850	843	808	967	922
83557	0	0	0	0	0	0
69656	209	253	180	173	173	147
18227	20	24	16	19	9	22
12916	189	207	188	217	194	188
214290	1828	1689	1734	1362	1495	1485
74691	1	0	0	0	0	0
244310	1	0	1	0	1	0
72307	96	97	99	108	102	90
114229	23	25	35	33	27	21
16156	0	0	0	1	0	0
67295	0	0	0	0	0	0
170779	2	0	0	0	0	1
227449	877	900	921	1057	1031	1040
14997	0	0	0	0	0	0
111368	0	0	0	0	0	0
69064	64	74	64	70	78	70
269295	2	3	8	3	4	4
67228	143	223	196	171	185	167
57781	1848	1506	1491	1514	1528	1767
16404	5	2	2	3	4	3
67606	0	0	0	1	0	0
105245236	0	0	0	0	0	0
77037	0	0	2	0	1	1
72502	278	303	312	303	312	299
20615	1242	1113	1221	1160	1171	1195
20394	0	0	0	0	0	0
214321	6	5	5	5	5	10
17146	0	0	0	0	0	0
234857	0	0	0	0	0	0
118567871	44	35	29	40	26	26
79554	321	408	417	370	380	373
545651	0	0	0	1	0	0
74041	155	239	158	115	119	105
260409	523	552	527	339	369	338
170748	81	135	101	100	98	105
17978	997	1004	1061	1042	960	1028
381810	648	592	676	646	598	593
76509	0	0	0	0	0	0
19258	186	195	151	138	169	128
76130	437	465	510	462	434	418
574437	60	32	48	43	32	37
15558	16	18	17	23	19	20
17833	0	0	0	0	0	0
54392	703	997	791	523	528	485
15900	3128	2791	3318	4393	4220	4222
15258	1109	1074	1139	1450	1416	1496
18016	1589	1800	1704	1809	1798	1789
56489	1766	1311	1652	1967	1762	1984
320214	0	0	0	1	0	0
16600	240	340	291	215	201	190
13177	184	238	196	204	213	191
216345	1464	1425	1304	1401	1441	1502
637277	0	0	0	0	2	0
56444	1307	1393	1160	1100	1241	1210
382117	108	93	88	106	129	91
22746	80	60	48	39	59	54
227612	2624	2398	2675	2594	2480	2522
243816	7	2	5	1	0	2
494504	2	4	4	3	1	3
53951	320	337	356	333	332	321
67050	553	565	524	414	489	468
233335	0	0	0	0	0	0
75398	326	307	288	243	327	300
16818	10	9	10	10	13	8
94249	175	189	191	191	198	208
94061	403	399	377	314	340	316
320376	291	282	313	332	283	305
68436	4386	4020	4548	3802	3977	3688
230316	109	131	114	92	109	98
12282	2087	2722	2570	2524	2664	2601
66118	799	912	840	741	788	761
68708	91	105	114	124	98	96
215632	2574	2840	2864	2557	2491	2408
18717	3588	3859	4066	4095	3841	3827
19266	0	0	1	2	0	0
17828	249	243	279	301	291	254
72147	7	12	7	4	6	4
64450	172	126	143	157	129	159
69582	1640	1680	1820	1988	1921	1863
329252	1	2	0	1	3	0
74048	11764	10195	11801	9274	9266	9091
76792	195	213	214	210	205	185
230676	480	487	557	563	530	495
435529	0	0	0	0	1	1
225644	1	0	0	0	0	0
51885	1021	1023	1010	966	1008	970
16192	0	0	0	0	0	0
17937	1418	1229	1516	1548	1326	1317
77134	2391	2788	2767	2459	2440	2277
72754	1356	1331	1521	1129	1020	1031
12215	4177	5161	4775	4390	4762	4388
17293	1	3	2	2	0	0
68493	194	245	192	185	194	243
13382	1722	1827	1597	1764	1804	1835
104601	8	5	11	8	7	11
59310	13	1	5	0	0	3
50776	48	47	55	52	45	58
269132	1	0	0	0	0	1
56191	0	0	0	0	0	0
108015	0	0	0	0	0	0
20866	1108	1281	1137	1231	1044	1162
623474	217	236	177	151	131	143
20643	881	894	892	693	781	712
70080	0	1	0	1	1	2
58805	2	2	4	2	0	1
70625	170	199	221	220	193	175
70333	200	283	240	221	241	201
83669	545	605	566	568	495	498
68705	382	422	363	341	402	387
100503879	0	0	0	0	0	0
68691	303	251	240	172	201	189
18576	385	392	360	207	266	273
67729	111	129	119	75	96	92
18139	1182	1074	1045	843	849	876
24086	685	674	697	603	731	644
74410	1	1	1	4	2	2
70470	550	609	620	535	567	563
66049	380	316	414	355	294	292
319168	0	1	0	0	0	1
328561	1	1	0	0	0	0
80837	242	276	255	246	218	238
71723	466	483	526	543	494	497
240041	162	122	137	103	122	131
19324	6637	7468	6688	5718	6118	5961
57905	552	540	564	456	529	500
14048	402	384	348	327	335	337
67683	729	880	796	690	746	639
245847	1226	1309	1362	1425	1368	1343
76071	3	0	0	0	0	0
19894	1	2	1	2	1	5
17751	1	1	1	6	1	3
14886	2014	2024	2141	2098	2107	2170
18571	5552	5563	5736	5338	5429	5209
100434	1799	1932	1738	1326	1468	1576
259108	0	0	0	0	0	0
235169	524	578	602	556	561	538
14852	2299	2887	2350	2325	2467	2424
668455	0	0	0	0	0	0
227058	0	0	0	0	0	0
234796	138	173	192	166	147	119
16332	3296	3562	3709	3996	3755	3886
24131	0	1	0	0	0	0
17969	7994	7786	8175	7181	7026	7144
19882	0	4	1	1	0	1
73122	1234	1265	1279	1133	1102	1115
237928	165	157	220	223	199	206
19184	1171	1424	1277	1231	1338	1171
67378	118	88	92	115	114	98
271639	0	0	0	0	0	0
17245	235	408	295	229	226	197
71640	203	212	204	177	186	162
102747	116	154	125	104	111	116
11787	555	699	646	634	716	676
19159	837	729	756	725	722	741
66591	433	486	460	434	407	398
66720	2	0	3	1	4	0
14674	3812	3932	3816	3591	3858	3779
237339	168	139	149	151	122	175
217379	517	516	493	463	463	498
408067	236	176	221	198	204	230
208144	273	335	306	382	286	310
218624	0	0	1	2	1	2
19152	29	6	34	16	10	10
208647	193	185	200	208	169	178
68728	2509	2071	2311	2579	2816	2596
114565	402	488	490	492	503	484
68510	876	1046	1146	971	932	883
108148	2565	2920	2916	2556	2394	2432
70122	134	118	112	115	120	123
66686	0	1	2	1	0	0
105886299	3	5	0	1	2	6
27660	7	9	7	1	6	6
78334	1820	1760	1706	1596	1576	1644
67418	753	772	697	642	650	621
330496	0	0	0	0	0	0
71326	79	62	72	73	84	67
236082	364	401	404	462	344	376
269198	625	535	512	446	517	485
631415	5	3	7	2	3	1
57743	242	238	244	248	251	214
56275	632	842	952	675	678	632
27414	137	185	180	171	176	199
69113	439	507	515	482	437	479
627191	0	0	0	0	1	0
52357	559	602	534	544	547	571
14679	3708	3753	3231	3014	3316	3165
14404	0	0	0	0	0	0
20739	1	1	1	0	0	0
68964	745	911	813	743	693	658
383563	0	0	0	0	0	0
192786	951	853	854	781	775	853
105242931	0	0	0	0	0	0
17341	2	0	3	2	0	1
56546	0	1	0	1	0	2
13602	0	0	1	3	5	1
225651	528	542	515	629	679	679
17919	0	0	0	0	0	0
13871	502	575	575	558	484	473
195046	195	200	196	157	171	165
74525	373	420	384	308	332	283
72325	490	383	514	453	444	463
71306	476	555	467	348	424	425
102639653	182	205	177	148	129	195
233977	990	1025	969	1024	1002	1007
66211	0	2	2	0	0	1
11937	7	3	6	1	2	0
226413	2	2	0	3	1	0
266632	834	832	829	796	753	808
28042	507	501	488	470	489	487
553127	501	502	463	517	498	435
12977	294	315	310	307	307	308
11838	25	35	39	20	21	11
56760	11	9	11	11	4	7
102635068	0	0	0	0	1	0
244694	2	2	1	1	5	2
108899	67	90	70	93	80	92
17075	0	0	0	0	0	1
16456	204	206	223	125	130	101
19228	4	3	4	6	5	5
14858	1	0	0	0	0	0
18101	0	1	0	0	0	0
72562	227	301	266	247	229	200
381314	1099	1200	1216	1231	1193	1289
15490	576	490	504	495	488	559
211007	1257	1265	1398	1374	1242	1222
13424	6354	7288	7363	7224	6797	6759
71147	335	342	344	319	340	355
13857	6	1	3	11	4	1
17931	1722	1614	1663	1298	1381	1440
20563	2	0	1	1	1	1
627352	618	623	678	522	619	474
108159	195	222	230	166	200	194
544944	0	0	0	0	0	1
12566	1105	1463	1369	1223	1148	1088
20429	3	5	3	2	2	2
217473	421	382	426	350	358	377
80981	25	15	18	25	15	15
72296	314	274	288	277	262	241
76157	4	1	1	1	1	0
434234	101	119	100	78	92	103
170753	700	504	563	635	680	686
233802	900	1047	914	920	972	988
66223	418	447	388	367	420	344
66975	680	749	632	629	660	659
115489888	72	62	55	43	55	30
67533	1487	1772	1498	1366	1452	1381
69428	0	0	0	0	0	0
545126	0	1	0	0	1	0
74419	0	0	0	0	0	0
69188	1623	1664	1558	1388	1475	1456
78748	0	0	0	0	0	0
619289	0	0	0	0	1	0
637079	0	1	0	1	0	1
20556	4828	3922	4748	4764	4560	4713
380921	249	204	207	194	237	239
238693	105	90	104	76	93	99
54342	259	284	249	206	272	210
217331	428	526	556	501	457	444
115488130	20	14	19	13	21	15
106633	444	457	449	410	385	379
20715	1	1	2	6	0	3
68080	305	326	326	273	299	286
442834	7	2	2	2	4	5
210789	337	303	321	255	292	287
276846	2163	2392	2506	2363	2287	2162
100042555	0	0	0	0	0	0
171194	0	0	0	1	0	0
70790	2590	2912	2730	2793	2856	2840
17962	0	0	0	0	0	0
93843	6	10	12	11	16	11
13008	96	101	101	106	111	85
56700	4846	5070	4903	4900	4726	4684
17192	910	1075	1100	1093	1116	1085
17345	7142	10308	7842	4638	4739	4404
78369	9	9	7	4	8	2
14264	0	0	0	0	2	1
98496	9455	9045	8894	7335	7332	7637
108168395	167	141	142	108	86	133
78733	262	352	336	227	203	187
19416	0	1	0	0	1	0
14755	872	1060	1006	901	934	887
73192	1725	2050	1912	1956	2104	1915
71970	9	13	13	5	8	14
245347	0	0	1	1	0	0
66493	815	1046	820	827	832	837
71175	1873	1646	1759	1465	1400	1472
225058	0	0	0	0	0	1
68394	275	237	286	226	230	233
240216	8	1	1	4	2	2
14248	3571	4011	4201	4027	3846	3662
100504608	0	2	1	0	1	0
78935	218	296	267	236	252	210
230484	1413	1856	1364	1145	1191	1142
102632224	0	0	0	0	0	0
78914	98	128	133	137	128	115
66614	207	245	198	197	222	189
245469	4	3	5	4	4	3
59022	1203	1363	1389	1317	1290	1251
100038347	0	2	2	0	0	1
269642	62	66	63	50	58	74
109785	263	315	314	268	262	251
75642	1	0	3	2	3	3
233208	1313	1387	1590	1411	1385	1313
115488203	1	0	0	0	0	0
58206	5	3	2	5	3	4
13198	296	304	317	372	403	355
20845	7	7	8	6	6	12
68023	252	269	266	273	249	283
73721	1	0	1	3	1	2
243771	1758	1513	1546	1393	1339	1378
102442	755	740	736	551	626	567
12795	209	256	268	273	288	251
14533	487	500	530	494	467	480
226564	0	0	0	0	1	0
100042891	1	0	0	0	1	0
241322	595	484	473	428	426	472
12970	0	0	0	0	0	1
70397	527	505	485	509	504	543
100233208	59	67	41	51	50	42
22321	1358	1847	1683	1595	1523	1446
66587	610	618	671	724	673	586
380614	155	141	125	99	119	127
17776	1031	1380	1232	1050	1002	1040
76594	433	499	459	416	427	422
70762	9	19	14	11	13	9
53376	100	134	109	91	99	87
84682	1	5	2	3	4	2
216441	7	2	3	4	3	13
226830	411	565	546	544	559	502
72865	92	80	88	92	119	90
20250	10111	4817	8597	53107	52313	53681
228880	2140	2172	2313	2086	2138	2087
116940	898	778	769	721	793	845
18708	1849	1726	1659	1640	1627	1628
320309	1	0	2	1	2	0
233280	204	201	201	197	202	196
29818	2	3	0	5	7	4
14312	3930	3908	4049	3988	3805	4156
68014	393	622	517	352	375	321
629970	8	0	3	2	5	1
69010	298	294	274	295	261	240
329509	1	1	1	1	0	1
76626	320	297	281	290	285	313
232337	207	215	231	263	219	249
278279	24	26	25	26	18	15
56513	116	128	159	133	137	119
209039	23	31	27	23	21	19
76441	2	0	1	0	1	0
12288	0	0	0	1	0	0
214253	0	0	0	0	0	0
11426	5367	5348	5405	5431	5253	5419
100042023	0	0	0	0	0	0
225192	0	0	0	0	0	0
11669	16939	17279	18366	18089	17271	16570
14667	6922	6420	6818	6882	7110	6758
70274	1	1	1	0	0	1
105244947	3	4	2	5	4	5
16423	2286	2294	2236	2488	2597	2533
15516	21610	23490	23577	22023	22605	22222
19775	1940	1824	1796	1709	1781	1829
574417	0	0	0	0	0	0
76281	689	589	797	737	708	680
194744	92	102	98	95	90	110
67091	571	636	672	664	647	608
83430	0	1	0	0	0	2
65960	725	789	734	587	640	621
76614	1884	2334	2114	2059	2103	2041
12484	343	479	331	249	230	257
80892	0	0	0	1	0	1
102103	494	519	515	229	275	276
22627	7381	8603	8128	7014	7736	6909
242125	4	3	6	4	5	4
66181	664	599	696	796	742	755
67105	214	251	208	197	239	203
66307	942	1002	902	770	814	892
11899	1	1	0	0	0	0
66991	0	0	0	0	1	1
14160	0	0	0	1	0	0
13732	5985	6552	6636	6493	6125	5507
79464	313	367	379	318	373	344
71726	239	193	227	206	208	226
67881	595	536	547	505	571	535
14343	0	0	0	0	0	0
11674	26166	37061	33608	31114	30812	28956
218138	283	404	316	282	311	290
16612	0	0	0	0	0	0
106707	243	270	274	277	250	253
54364	226	251	248	219	236	206
72124	819	906	849	824	861	864
20316	1294	978	1109	1244	1143	1166
21406	1370	1431	1421	1578	1666	1642
14385	256	272	314	327	332	290
235567	2788	2772	2818	2463	2487	2502
83435	592	668	601	651	650	593
115490169	0	0	0	0	0	0
68556	569	511	611	592	602	597
56317	848	875	853	763	700	731
15006	22	8	11	13	9	12
110835	1	0	0	1	0	0
791312	2	0	1	1	1	1
433091	9	10	5	1	2	8
57810	10	17	15	7	10	10
22146	5034	7559	5975	5148	5181	4642
28106	881	1010	960	994	963	853
107047	265	324	298	290	310	251
110595	0	0	0	0	0	0
75764	240	214	248	207	213	224
263803	227	247	250	219	237	174
68606	749	781	767	711	708	730
228756	0	0	0	0	0	0
19122	688	788	759	763	857	806
243819	3486	3656	3819	3651	3306	3257
381353	6	8	7	0	4	4
17910	0	2	0	1	0	0
100043474	0	0	0	0	0	0
66462	299	375	457	366	345	330
114601	3662	3733	3871	3980	3818	3671
12140	110	189	146	68	103	94
118568783	2502	1846	2104	1971	2038	2140
237400	237	289	262	292	247	242
276950	1409	964	1184	921	857	1005
231093	106	78	106	117	94	79
12372	1	2	2	0	0	0
72958	59	39	43	39	58	50
230126	119	135	166	110	118	117
13709	1886	1812	1749	1531	1614	1596
18197	0	0	0	0	0	0
66489	8835	8846	9567	8922	9119	8430
408062	88	81	81	70	52	77
77590	8	0	11	10	11	10
14863	288	276	306	224	208	214
50797	3598	3755	3387	3212	3419	3148
74577	426	406	396	339	353	413
13163	1020	1094	1143	941	902	935
69071	720	747	762	860	872	789
108072	0	0	0	0	0	0
633057	0	0	0	0	0	0
74682	137	186	134	102	104	102
433759	1423	1669	1506	1276	1361	1265
217262	1018	575	819	610	586	686
104445	1	0	0	1	1	1
59056	2	0	0	1	0	1
22365	496	514	478	429	514	501
101490	578	598	596	541	569	574
72789	0	0	0	0	0	0
22326	0	0	0	0	0	0
100503670	14065	12723	13267	13166	13199	13351
108068	0	0	0	0	0	0
218832	491	576	563	519	522	494
233107	3	0	1	1	0	1
241226	164	352	182	56	83	60
56322	350	392	338	342	300	365
216233	4	5	8	10	9	4
18567	204	193	185	191	194	141
71382	244	271	247	256	286	277
67212	242	274	294	268	269	264
320924	13	15	7	16	20	21
50772	2729	3025	2926	3281	3590	3307
67843	1601	1922	1960	1834	1765	1731
98878	8138	6848	7882	7416	7086	7351
14252	1853	2290	2325	2008	1967	1825
252838	0	1	0	0	0	0
216964	149	202	225	159	163	146
74026	1522	1511	1520	1381	1460	1461
66994	229	239	228	184	213	185
320191	1326	1153	1073	1027	996	1062
14760	68	99	87	73	76	77
19395	162	152	189	184	196	182
93685	477	458	430	344	341	371
56874	0	0	0	0	0	0
74302	1849	1880	1962	1840	1839	1827
329152	1	4	0	2	5	7
268451	47	36	50	33	21	37
69225	646	669	708	740	675	685
217648	17	14	17	8	16	12
226250	1	0	0	1	0	0
20583	0	1	0	2	1	2
14125	0	0	0	0	0	0
56407	2670	2713	2926	2942	2769	2815
14913	92	93	99	90	98	86
15357	3732	3106	3375	4474	4515	4436
215798	207	231	229	270	302	302
70375	0	0	0	0	0	0
338365	773	765	660	866	936	980
100034251	2318	1343	1922	2200	1949	2110
54338	2942	2988	3061	3608	3548	3712
233033	1124	1174	1199	1198	1073	1113
56335	317	341	384	346	299	315
107569	481	497	433	355	444	410
13142	0	0	0	0	1	0
66857	148	56	117	86	90	98
17827	484	561	588	577	536	460
68854	0	2	0	1	0	2
97487	880	942	912	911	922	954
110198	239	297	310	277	256	217
84035	555	682	652	598	639	549
19699	0	0	0	0	0	0
16880	512	393	438	254	243	250
12326	0	0	0	0	0	0
12951	0	0	0	0	0	0
27221	869	1325	1088	820	718	744
65257	266	282	256	243	275	244
72278	1178	971	1094	950	1043	1159
76813	107	137	132	129	124	119
68774	4835	4636	4641	3307	3269	3269
108058	1509	1725	1557	1526	1576	1571
26363	414	389	410	407	374	361
68758	232	273	248	281	265	253
666190	6	6	7	5	5	2
381217	2	1	3	0	6	1
228812	615	760	646	579	639	611
18779	79	54	59	80	83	63
72726	219	219	291	253	242	211
320106	0	0	0	1	0	1
66355	250	316	319	254	256	219
76987	511	494	548	485	550	503
20512	1	0	1	0	1	0
59091	1	0	0	0	0	0
414084	2761	1787	2298	1903	1781	2085
66405	11	7	2	8	7	9
22166	5559	5905	5112	5292	5066	4905
550619	0	0	0	0	0	0
14672	239	243	293	263	267	282
627375	91	120	65	55	56	64
56224	367	384	438	358	411	379
12908	1645	1652	1882	1754	1603	1524
244666	575	623	599	556	570	584
16572	50	86	74	59	64	76
18814	0	0	0	0	0	0
56473	1676	909	1392	4505	4260	4515
71519	1	5	4	4	3	2
72569	97	106	98	109	111	117
635253	0	1	1	0	2	1
73407	4	2	4	2	0	1
14555	10	9	16	10	10	12
213119	12	10	14	17	11	17
93897	0	0	0	0	0	0
21974	2016	1867	1799	1468	1564	1523
239759	2	5	5	7	3	7
77832	154	177	159	172	149	155
57764	0	0	1	0	0	0
16795	352	400	389	503	489	463
20420	0	0	0	1	0	0
270669	818	739	729	762	863	790
21909	0	0	0	0	0	0
94218	526	483	569	510	476	472
68215	616	688	634	589	579	621
93707	26	34	14	12	15	14
224907	336	323	376	354	316	325
29869	1293	1183	1212	1125	1272	1210
108760	0	0	0	1	0	0
11746	8360	7695	8096	7767	7849	7812
233315	1127	1281	1184	1100	1103	1099
104884	250	320	293	277	300	264
19662	1	1	0	0	0	0
21376	982	1113	1169	1001	1025	1014
546144	0	0	0	0	0	0
76857	583	523	468	382	456	460
19383	3108	4135	3895	3313	3230	3036
70445	2	1	0	0	0	0
22221	1345	1456	1495	1336	1335	1331
26366	1	1	1	2	1	0
267019	7124	6832	6362	6783	6897	7186
230866	689	923	769	695	766	720
214505	445	494	466	447	475	438
15587	366	376	367	460	465	428
113853	0	0	0	0	0	0
16186	3206	2381	3031	2553	2355	2598
66371	0	0	0	0	0	0
320705	22	43	38	11	24	21
71151	302	371	299	243	238	243
72599	76	75	66	64	58	66
382620	864	900	835	672	802	797
223499	572	654	627	600	621	580
22412	0	1	0	0	0	0
106143	2372	2252	2086	1846	1940	1973
19253	751	702	812	771	693	625
217826	1178	1237	1332	1270	1302	1245
192191	472	478	493	462	440	434
74399	0	0	0	0	0	0
100861668	8	1	6	3	3	8
244911	0	0	0	0	0	0
381072	0	2	0	1	1	2
230779	4	1	3	3	2	1
382019	40	40	34	38	51	29
68054	0	3	2	0	0	0
171285	1102	1639	1230	862	1052	857
232237	0	0	1	0	1	0
16478	1372	1401	1924	2331	2230	1777
76425	1066	1099	1051	1066	954	1021
235043	394	436	529	513	521	445
15461	495	602	597	590	609	524
53319	1857	1891	1946	1952	2006	2134
56551	1652	1903	1878	1845	1814	1800
13019	0	0	2	6	1	0
17691	207	207	237	245	240	257
70349	2915	3047	3066	2639	2977	2852
14465	0	0	0	0	0	1
22341	11	7	11	9	5	4
19428	8	6	11	3	6	5
99543	509	1204	851	358	401	282
71492	220	241	216	186	202	195
230752	211	103	221	328	307	273
72542	697	713	734	727	752	756
74090	7	6	3	1	3	5
70153	612	699	664	643	681	626
52713	400	420	422	393	413	394
233552	407	406	463	501	423	414
53357	124	128	165	166	138	118
230257	5802	5535	4920	3878	4228	4213
326622	701	670	741	512	626	511
19419	3	0	6	1	5	5
12890	0	0	0	0	0	0
72354	540	523	529	551	501	555
76415	15	13	15	10	6	9
20681	0	0	0	0	0	1
20665	0	0	0	0	0	0
102633750	55	69	58	49	36	43
14027	0	0	0	0	1	0
232187	371	448	421	521	518	533
109959	0	0	0	0	0	0
67776	5947	5080	5264	5374	5304	5584
100041735	0	0	0	0	0	0
19891	575	841	733	622	595	566
114893	759	745	637	597	666	670
53331	3305	3257	3258	3024	3474	3202
67448	325	128	221	383	350	379
217371	0	2	3	0	0	1
68922	2	7	5	4	13	6
80910	101	146	142	99	70	84
19363	71	104	79	82	63	63
13395	0	0	0	0	1	0
65246	1140	1228	1146	1192	1127	1195
229722	0	1	0	1	0	0
54378	0	0	0	0	0	0
353499	42	32	41	36	32	37
57444	92	63	84	70	66	67
74281	0	0	0	0	0	0
75616	1314	1312	1222	991	1099	1124
194268	286	254	296	235	245	276
68581	8500	9599	8861	8436	9023	8515
78903	258	265	265	263	238	250
74548	2	1	5	2	0	4
27047	0	1	0	0	1	0
217344	1090	1150	1293	1144	1065	1062
226470	246	260	250	216	257	222
545646	0	0	0	0	0	0
382111	0	0	0	0	0	0
107747	561	462	556	578	522	580
20444	710	762	826	892	793	838
20979	0	0	0	0	0	0
67201	1171	1141	1096	1129	1209	1190
78581	271	305	285	277	260	247
13808	236	309	235	207	169	202
226438	0	0	0	0	0	0
66108	1688	1921	1789	1862	1794	1689
223645	47	49	46	33	48	59
228550	4	5	7	1	1	2
115488170	7	3	3	6	3	3
667180	0	0	0	0	0	0
94284	216	328	290	178	176	163
94176	5352	5817	5828	5774	5462	5654
17117	76	77	75	100	107	111
54195	4	0	5	3	1	2
56495	1342	1525	1569	1605	1491	1390
22350	986	1545	1134	794	855	772
102634451	1	0	0	0	0	0
71907	0	0	0	0	0	0
74511	3	1	3	5	2	2
20308	16489	14419	14691	14922	15351	15860
83382	145	112	146	139	110	152
67398	2391	2403	2453	2568	2423	2460
30926	1728	1799	1725	1586	1704	1562
20849	286	345	314	182	233	171
100637	659	374	554	581	582	684
225289	198	237	224	168	206	174
546143	46	44	54	33	49	51
77011	311	461	347	288	273	231
210356	1	4	0	5	3	3
105827	0	3	1	1	0	1
16890	441	410	455	444	378	382
53858	123	154	146	133	126	143
67490	565	558	599	530	566	538
14566	24	23	20	18	24	25
217827	375	398	441	402	350	377
19231	29251	32201	27877	23548	23615	23363
330660	0	1	0	1	0	0
29857	1	2	0	1	0	0
77853	1178	1065	1093	958	934	1049
11749	5158	5125	5557	4507	4545	4296
77552	3	8	2	5	4	7
13612	99	108	95	82	115	95
243025	368	377	316	265	265	212
20972	1911	2126	2230	2261	2191	2055
226090	753	921	777	694	789	743
18032	225	218	214	160	181	164
16514	0	0	0	0	0	0
13363	1	0	0	2	0	0
11450	0	0	1	0	0	2
100042698	0	0	0	0	1	0
102634296	0	0	0	0	0	0
74645	238	284	239	298	353	322
22661	1000	951	883	800	805	836
232566	91	79	68	83	109	79
74747	61	38	52	47	58	43
11555	726	762	715	526	524	556
13052	0	0	0	0	0	0
26458	0	0	0	0	0	1
23893	1	0	0	0	2	0
56420	2029	2346	2402	2214	2067	1950
231207	699	833	650	713	720	714
69034	3	1	7	3	5	7
66048	588	594	595	648	628	559
230861	2053	1938	2141	2298	2246	2180
27528	0	2	2	1	0	2
70564	347	285	308	446	456	469
15568	1065	1259	1053	1008	1099	1037
11740	6856	6936	6736	7679	7422	7477
20384	5192	4767	4755	5413	5467	5813
70317	169	143	181	162	166	171
74098	263	238	285	269	287	273
100041433	0	0	0	1	0	1
15441	4098	4373	4356	3522	3598	3502
54123	1994	1343	1894	1780	1456	1500
75424	32	28	24	16	14	14
16981	0	0	0	0	0	1
20393	1128	1154	1148	1568	1673	1667
17313	1	0	2	3	3	3
112422	25	14	15	14	9	11
69150	1572	1645	1477	1434	1499	1443
71962	101	98	85	96	85	74
70240	20	17	23	17	17	21
263876	476	548	590	561	546	458
53323	1299	1392	1388	1128	1267	1262
14118	10	11	11	16	4	11
319513	284	298	246	359	289	339
70383	253	297	271	299	273	261
227325	36	64	46	25	29	34
434197	1	0	0	1	4	0
106264	623	674	786	778	776	689
100384868	0	0	0	0	0	0
13024	192	151	181	54	40	39
69885	145	261	174	127	139	128
240023	1	6	2	2	2	4
13434	152	173	158	147	150	141
69821	236	219	168	190	181	175
27096	1313	1499	1441	1326	1417	1308
17703	0	1	0	0	0	0
115488190	2	0	1	1	1	0
140500	463	507	534	453	415	384
105689	1623	1655	1636	1582	1625	1652
67713	450	473	495	464	445	426
77739	0	0	0	0	0	0
68846	1	2	2	2	3	5
94244	0	0	0	0	1	0
214425	0	0	0	0	0	0
28088	2241	2266	2290	2100	2039	2082
12846	1724	1926	2036	1902	1899	1828
11504	31	40	36	62	64	72
433099	3	1	0	1	0	0
75276	1	0	0	0	0	0
66915	1397	1127	1239	1286	1198	1244
67456	940	981	858	795	951	913
52855	3080	3273	2837	2902	3015	2989
71776	32	31	47	47	59	50
72185	0	0	0	0	0	0
100504518	1	0	0	0	0	0
56220	485	425	421	369	384	387
12497	215	292	258	299	255	230
67391	1431	1440	1382	1134	1227	1289
319154	0	1	0	1	0	0
69161	459	498	527	518	470	469
53620	52	45	49	34	48	25
208228	1768	1806	2042	1951	1926	1803
217219	2	6	7	4	8	1
22782	925	696	803	1024	1017	1092
68018	1757	1620	1593	1706	1846	1783
21418	0	1	2	0	1	0
68149	59	54	50	56	56	70
433771	1259	1350	1372	1309	1321	1177
81896	209	224	260	214	198	202
17392	0	0	0	0	0	0
52187	107	86	63	141	143	144
11771	1623	1921	2045	1958	1830	1750
18549	0	0	0	0	0	0
12857	7033	6684	7278	6936	6617	6260
70218	510	757	618	398	474	392
67530	1496	1622	1443	1365	1469	1367
245126	23	67	55	17	26	12
19141	25753	20050	25157	29042	26856	28459
71877	12	16	9	11	7	15
171508	677	736	728	779	802	796
75504	0	0	0	1	0	0
381409	0	0	0	0	0	0
613262	823	754	734	767	803	788
72151	599	720	661	585	623	589
382265	0	0	0	1	0	0
100041903	0	0	0	0	0	0
66317	873	1031	910	890	912	947
269378	1217	1353	1194	1255	1203	1161
18424	0	0	0	0	0	0
76916	262	282	269	237	213	232
14403	2	6	5	3	9	3
236930	426	617	459	372	373	374
271424	1	3	2	2	2	1
76884	1878	2365	2145	2325	2441	2307
319448	2808	2588	2532	2470	2599	2639
71287	0	0	0	0	0	0
17756	30	15	21	22	21	24
211232	0	0	0	0	1	1
100042874	0	0	0	0	0	0
666244	2	4	7	9	3	2
18414	2	0	1	5	1	1
100038862	0	0	0	0	0	0
14748	0	0	0	1	1	0
18590	357	486	478	358	375	297
108705	2603	2254	2636	2767	2593	2609
258405	0	0	0	0	0	0
15531	1555	1654	1636	1459	1368	1369
72065	1670	1527	1454	1298	1305	1408
21784	0	0	0	0	0	0
15512	108	136	121	97	131	90
21942	1	0	0	1	1	2
115486940	1	1	6	5	2	0
112407	172	613	342	236	312	218
11816	78455	51030	78859	224269	209683	227093
22630	3275	3607	3292	2708	3045	2887
320718	5	0	1	2	2	1
76560	0	0	0	1	0	0
70551	98	109	93	87	105	106
108101	6518	6293	7168	7311	6833	6605
26549	9	14	13	12	8	15
18952	1	0	1	2	0	0
19822	2417	2823	2438	2290	2339	2324
544848	1	2	1	2	4	2
70354	1942	1908	1752	1572	1573	1640
69871	173	167	197	178	176	165
74106	527	480	469	456	505	483
320487	2590	2897	2940	2799	2785	2731
72404	375	304	304	275	247	296
75129	4	7	6	4	2	5
54006	350	396	410	440	356	323
23908	891	1012	869	770	823	803
14634	1	0	0	0	0	1
380755	0	0	1	0	0	0
101358	648	732	731	609	593	608
241770	0	0	0	0	0	0
210108	0	1	0	1	1	0
268741	2011	1987	1972	1779	1955	1891
22037	2	1	0	0	0	0
244550	1	0	1	0	1	0
14726	289	417	392	221	276	181
16012	2	4	3	7	8	3
74843	17	21	20	12	12	17
11776	3781	3723	4363	4262	4094	4098
66824	964	1039	1063	924	911	825
66658	119	164	159	145	138	150
12464	3686	3303	3488	3420	3552	3671
72535	408	437	429	470	523	486
66597	180	146	124	95	107	113
230500	27	47	32	23	30	27
321008	77	72	82	80	66	76
103711	470	524	545	458	496	496
100101806	885	892	838	827	820	972
16367	2	1	5	0	1	1
246313	0	0	0	0	0	0
15953	877	626	799	757	591	642
54645	1059	983	1074	1162	1000	1062
73826	1803	1875	1946	1818	1672	1704
233752	0	0	0	0	0	0
53611	809	895	884	884	864	898
18976	2	3	4	5	3	2
72503	7941	8424	8223	7421	7562	7912
170750	1112	1558	1375	1361	1363	1209
268566	425	469	427	486	447	443
100503043	14	22	15	15	9	8
320712	1	0	0	0	0	0
21763	1153	1256	1242	1156	1273	1088
269604	400	474	425	430	462	402
103988	0	0	0	0	0	0
16531	0	0	0	0	1	0
12289	314	337	327	254	248	288
73166	324	237	311	421	433	399
67619	353	469	441	479	405	412
192678	2238	2191	2248	2030	2168	2213
98221	1928	1958	1951	1744	1932	1859
67579	1994	1879	1814	2162	2254	2270
17380	0	0	0	0	0	0
60611	976	1036	1019	878	882	865
320938	1490	1719	1611	1408	1634	1520
115488633	1	0	0	0	0	0
229780	151	138	129	100	106	126
20190	10	2	4	11	2	11
54634	1	2	2	0	1	2
228787	0	0	0	0	0	0
320700	22	29	23	13	19	16
13813	0	0	0	0	0	0
100978	1431	1141	1366	1188	1172	1217
223701	1245	1169	1420	1408	1236	1189
108168034	0	0	0	0	0	0
215095	0	0	1	0	0	2
639774	0	0	0	0	0	0
66357	1551	1600	1578	1530	1603	1491
71020	0	1	0	0	1	0
19025	18341	19463	21214	22055	20919	20675
107094	245	415	333	320	375	355
229487	244	254	306	289	264	245
66626	733	684	745	915	871	882
65114	5322	6075	5449	4875	5326	5266
118568297	38	26	34	26	17	28
104110	2	1	1	1	0	2
106947	458	551	610	572	607	495
545260	3	3	4	4	4	2
12928	2589	2604	2440	2326	2398	2402
19943	8598	8128	9236	8313	7869	7136
18667	18	5	10	3	2	1
109305	668	692	827	857	728	713
22218	1964	1783	1627	1264	1434	1432
56248	1693	1699	1559	1381	1440	1459
399510	315	341	259	248	267	270
14732	270	324	256	322	344	345
80911	2776	2449	2833	3003	2921	2993
17187	1540	1533	1460	1368	1342	1384
237831	0	0	0	0	0	0
64707	50	102	66	53	56	48
13202	318	374	363	371	380	339
12443	4329	6449	4965	4688	4587	4821
69577	305	372	316	290	305	336
246257	371	365	353	372	399	402
15945	110	70	103	56	50	62
72215	0	0	0	0	0	0
22030	390	387	400	358	332	372
12390	2424	2442	1989	1397	1557	1361
12515	24	33	27	12	12	19
105732	46	35	40	44	43	40
68646	442	350	354	324	361	320
66642	650	759	809	744	758	737
193742	716	737	838	773	711	721
192653	0	0	1	0	0	0
66075	1066	1066	1081	1051	1106	1105
52202	387	389	362	326	323	361
56296	0	0	0	0	0	0
244234	1	0	0	0	0	0
56437	214	148	211	168	147	131
64657	359	487	416	366	417	361
15209	4	8	10	3	11	4
239017	2	1	1	1	0	1
66330	4	1	3	0	3	1
100503923	0	0	1	0	0	1
74319	195	166	234	219	209	186
12500	1	0	0	0	0	0
68815	418	560	437	446	435	435
104831	868	993	1012	1039	975	912
12476	1175	1230	1362	1460	1412	1355
216151	287	369	367	357	327	315
12995	2263	2187	2016	1932	2153	2047
94062	838	907	904	829	911	941
328643	0	0	0	0	0	0
226971	3659	3626	3820	4189	4279	4115
11757	1220	1235	1224	1446	1433	1432
545902	0	0	0	0	0	0
22670	1001	1042	1023	1068	1025	1038
100042480	321	307	279	197	243	201
544881	0	0	0	0	0	0
18752	55	55	43	32	43	36
71996	0	0	0	0	0	0
71837	5	9	5	4	4	1
69260	320	310	287	240	214	259
12352	1	0	0	2	2	0
14472	4	1	5	9	0	2
97541	3021	2799	3139	2991	2919	2880
19878	1735	1625	1505	1343	1314	1377
17865	315	558	445	395	320	299
56812	265	208	251	342	320	336
75705	9913	8547	9578	8697	8878	8834
105239	2040	1947	2125	2112	2025	1989
75429	0	0	0	0	0	0
227800	919	952	900	874	942	910
11537	0	0	0	0	0	0
18073	1	2	5	9	3	2
208990	0	0	1	0	1	0
14154	754	848	800	922	814	827
230738	456	329	458	452	390	429
626854	164	121	129	112	120	113
98417	838	870	859	785	800	841
11972	3304	3678	3805	3794	3689	3619
18643	14319	18810	19273	16564	16195	14347
192976	384	399	383	410	391	400
18479	1003	924	1003	931	876	977
12143	0	0	1	0	1	1
231002	601	532	635	583	532	542
14230	5	3	5	7	5	3
231672	1167	1587	1439	1377	1401	1286
22352	56846	70568	68565	54524	54252	48623
22682	1826	1596	1676	1712	1888	1957
13542	495	582	616	705	587	620
22194	1205	1348	1162	1162	1221	1168
20293	19	32	12	24	21	14
67305	10	14	11	17	17	14
21846	6	1	4	4	2	2
27060	7356	7453	8605	10710	9434	9697
54604	793	898	908	907	901	835
54352	1	0	0	0	0	0
66882	5097	5136	4797	4396	4739	4899
68975	126	205	188	187	181	178
59289	0	0	0	0	1	0
116972	62	125	72	74	93	86
435684	42	24	20	19	28	28
20014	5630	7165	6732	6470	6577	5994
13518	492	721	557	473	563	537
243612	0	0	0	0	0	0
237313	0	0	0	0	0	0
17259	2	2	0	2	2	0
118568345	3	0	5	3	4	5
208908	14	13	21	22	22	16
56403	2784	3294	2670	2455	2544	2641
23957	3	6	6	5	6	4
72140	214	242	274	178	210	161
209630	1192	1083	1203	1144	1004	992
67889	441	491	464	465	478	443
224674	199	189	218	178	150	142
108653	0	0	1	0	0	0
667034	48	86	77	37	57	39
12659	12	7	10	8	13	6
68891	10	4	12	5	1	6
56087	0	1	0	0	0	1
16905	6254	8878	8174	5867	5564	5008
216292	127	119	120	123	126	142
66878	2812	2683	2531	2412	2772	2697
22141	0	0	0	1	0	0
320816	216	181	225	181	194	170
78408	58	53	67	70	61	68
72254	159	133	150	164	157	155
17260	2641	2276	2284	1759	1909	1759
67121	444	586	454	283	279	297
211286	2042	2269	1989	1785	1945	1983
54383	1659	1732	1809	1726	1637	1554
99151	656	585	657	628	678	606
107448	17	16	15	13	4	24
93960	0	1	0	0	0	0
226823	318	397	380	370	365	350
100503605	1	1	2	2	2	1
11642	40	52	43	29	26	32
80384	0	0	0	0	0	0
23853	591	704	780	681	604	542
13446	6	1	2	0	1	2
215201	486	542	498	464	458	506
320827	5	2	1	1	2	7
72133	225	202	192	206	216	241
102637973	0	0	0	0	0	0
14237	0	0	0	0	0	0
108167415	0	0	0	0	0	0
69511	0	0	0	0	0	0
75202	213	204	195	182	218	233
66691	2229	2087	2149	2113	2134	2184
12832	16	5	13	29	11	26
20916	1099	1201	1164	1053	1148	1028
245631	1	0	0	0	0	0
227102	764	632	636	568	684	656
16776	0	0	0	0	0	0
68796	1068	1164	1248	1311	1239	1203
69324	0	0	0	0	0	0
69780	2408	2013	2406	2037	1959	1871
66197	393	495	384	308	334	270
102639713	38	48	32	30	28	22
380959	725	777	632	630	749	738
56374	4012	3600	3770	3783	3783	3830
19074	32	1	23	6	3	2
18554	695	821	749	765	718	715
654795	29	64	56	54	65	51
94187	0	0	0	0	0	0
67655	608	653	730	661	656	596
66435	16	22	21	17	20	21
99237	2219	2360	2422	2542	2594	2550
67865	2957	2598	2938	2653	2709	2613
625281	0	0	0	0	0	0
226999	1	0	0	4	0	0
83762	0	0	0	0	0	0
75678	174	181	166	166	136	181
59026	3152	3657	3558	3458	3509	3543
242864	153	183	163	140	161	176
26428	453	453	363	372	382	385
432769	49	34	21	27	32	28
272589	687	601	654	562	571	570
108167705	1	0	0	0	0	0
67248	6802	5660	5277	4308	4756	4588
26394	1383	1544	1716	1537	1426	1396
227541	1647	1456	1505	1338	1335	1443
115489931	0	0	0	0	0	0
59013	3722	3882	3656	3084	3222	3341
241447	1500	1255	1280	1362	1375	1340
67905	726	728	786	765	734	725
16002	0	0	0	0	0	1
68678	0	0	0	0	0	0
22643	180	228	164	124	159	134
26970	13	14	10	17	8	20
380924	3	0	1	2	2	5
214779	1	1	0	0	0	0
270118	236	230	239	232	222	203
12988	3021	3477	3514	3417	3133	3234
67623	889	956	901	886	895	861
16518	1799	1054	1338	1490	1360	1573
237859	482	465	456	382	348	383
100534287	0	0	0	0	0	0
20135	1623	2320	1846	1657	1785	1608
68142	706	806	778	746	811	823
71883	387	501	452	458	469	460
230590	0	0	0	0	0	0
56695	334	355	354	337	340	306
13136	12	12	8	22	29	29
68135	4928	4668	5364	4863	4677	4685
68347	97	106	110	100	95	111
24061	2278	2736	2555	2059	2092	2174
170743	5020	3998	4157	3683	3705	3784
69499	250	291	299	263	282	249
69773	751	815	775	761	800	774
73075	1	2	3	3	2	1
23943	12302	15178	14363	13326	12992	12077
243867	198	171	213	218	195	193
67836	222	235	271	270	224	224
13436	61	63	82	46	49	50
632687	0	1	1	0	0	0
13508	0	2	2	2	0	0
13854	2752	3052	3275	3022	2597	2629
19062	1184	978	1140	1069	1029	1106
21858	5626	4615	5614	5144	4879	5112
231832	0	0	0	0	0	0
241950	80	109	107	82	72	70
66704	119	109	91	82	67	110
11480	206	163	167	168	195	199
69787	0	0	0	0	0	0
76137	1347	1233	1340	1271	1276	1254
232801	5	4	5	0	2	3
234725	0	0	0	0	0	0
68276	308	334	355	303	268	287
21819	0	0	2	2	2	2
13614	4	0	1	1	1	2
73683	218	193	235	199	196	205
233863	1114	1238	1268	1119	1139	1152
67242	158	168	158	129	143	134
263406	1070	1062	1164	926	947	912
69707	12	17	12	3	3	9
244682	1250	768	968	919	809	996
53892	304	302	302	281	279	273
59048	372	386	453	444	448	439
328830	401	415	389	400	429	450
320119	496	487	570	553	553	510
105246049	5	5	3	4	5	1
20345	5771	6244	7107	6477	5996	5550
70974	1024	1229	983	570	636	642
72978	0	0	0	0	0	0
71878	189	304	271	172	188	158
76551	984	954	1044	891	956	925
114479	0	0	0	0	0	0
73158	2667	3156	2786	3033	3133	2980
269423	140	109	104	95	103	107
100862085	52	42	47	38	31	56
246746	287	478	344	300	295	248
239985	1220	1368	1410	1330	1205	1196
78670	577	582	582	595	568	561
14645	6503	7253	6846	4484	4823	4924
75497	0	0	0	0	0	0
319655	0	0	0	2	0	0
69028	296	272	272	193	207	218
26445	1775	2121	2068	2049	1977	1858
67015	258	334	325	285	339	330
237954	0	0	0	0	0	0
66445	980	1211	1179	1246	1277	1059
77036	1	2	0	0	0	0
74753	103	150	120	109	87	118
207304	2422	2401	2401	2184	2155	2267
70266	50	34	44	65	56	46
225207	1	0	0	2	1	0
98170	219	327	276	267	278	273
30946	200	259	235	261	232	237
99512	225	238	211	236	263	240
70451	41	66	43	65	58	52
76022	1190	1260	1208	1204	1106	1140
67728	168	222	215	206	179	198
12737	1	0	1	0	0	2
27053	690	1300	906	1460	1695	1526
18091	0	0	0	0	0	0
72475	456	558	562	472	535	462
12868	2790	2992	3015	3008	2512	2780
319518	915	818	756	799	806	773
330122	1	11	7	7	5	2
100034361	788	847	917	844	814	908
219135	3406	3377	3265	2687	2924	2967
20273	0	0	0	1	0	0
110596	0	1	0	0	0	0
277854	526	544	540	573	532	503
69535	508	493	557	582	573	546
118567760	0	0	0	0	0	0
20933	1170	1155	1244	1169	1101	1053
15414	0	0	0	1	0	0
70797	863	871	827	793	796	823
69549	55	57	58	78	67	65
30051	0	0	0	0	1	0
226519	1264	1592	1439	1425	1469	1320
238317	946	954	965	866	810	843
319876	3	7	3	0	4	4
83885	6	2	2	1	3	2
67075	1796	1917	1619	1537	1631	1627
67229	972	893	885	737	818	810
13844	8	10	8	10	7	6
14873	1468	1338	1437	1511	1457	1509
84704	0	0	0	0	0	0
16922	814	735	734	721	797	763
102639598	140	87	110	95	123	105
71395	0	0	0	0	0	0
14581	4	0	4	0	1	1
170731	1241	1420	1446	1490	1374	1336
11803	51	73	84	57	61	66
17872	481	399	436	506	455	487
26556	219	198	196	200	213	189
212090	347	440	420	355	416	365
269336	376	324	365	415	366	374
211134	0	1	0	0	3	1
12905	107	121	122	150	121	124
226652	6334	5983	6020	5339	5371	5270
69181	1053	837	901	1093	1079	1177
15958	935	545	606	522	547	534
26565	0	0	0	0	0	0
69627	0	0	0	0	0	1
64143	1874	2049	1884	1675	1552	1589
58182	124	114	137	131	125	113
94223	680	637	634	606	558	612
16542	190	277	224	170	197	167
74335	108	88	94	72	80	68
59069	12166	14244	12580	10821	11362	10883
328778	3	2	3	2	0	3
232232	45	36	44	49	46	45
118568652	2	4	2	1	1	2
66840	1425	1427	1461	1340	1242	1248
63828	3	1	2	2	4	4
14961	1942	736	1827	2241	1800	1964
277203	82	82	69	97	100	80
103511	3	1	2	4	2	0
66143	303	348	285	372	408	368
93734	95	135	91	84	110	96
17395	48	46	71	125	94	105
19057	208	225	184	159	186	165
68201	286	352	353	228	246	213
193286	1	2	1	1	0	1
54197	927	928	1123	965	928	875
75736	109	135	161	126	107	106
114716	621	910	713	732	713	757
11352	826	875	820	840	870	831
18080	1540	1678	1525	1254	1285	1255
170461	68	68	78	61	65	71
100689	0	1	1	1	0	1
381990	295	296	294	286	311	291
624866	35	35	24	33	28	38
68731	868	926	901	923	901	912
106878	591	606	605	588	534	502
229228	72	81	71	84	75	66
70454	353	400	338	258	288	272
22062	0	0	1	0	0	0
50524	84	79	69	76	71	78
71872	1	1	0	0	0	0
240752	2	1	0	1	1	0
319848	0	0	0	0	0	0
75750	2	1	3	0	2	1
214987	740	801	740	816	806	816
73373	352	304	312	259	322	325
234421	0	2	0	0	2	0
58875	1130	1188	1215	1113	1139	1167
12039	1021	836	1063	1048	943	879
503550	1	0	1	0	0	0
384185	2	2	3	0	0	1
11606	0	0	0	0	0	0
69219	0	0	3	1	0	0
69902	354	487	367	383	397	423
72320	815	910	881	852	803	815
237926	109	106	103	103	108	132
108169152	7	12	13	9	8	9
22715	0	0	0	0	0	0
67407	0	0	0	0	0	0
76894	56	73	51	57	53	46
381157	1	3	3	2	1	2
11479	1005	918	1044	906	872	885
20338	3508	3527	3517	3596	3588	3541
213819	606	526	524	503	484	542
17995	1037	1213	1242	1203	1202	1110
327766	262	260	257	147	175	140
97440	97	93	91	54	58	60
11842	3747	3731	4118	3804	3832	3763
57014	0	0	0	0	0	0
19248	1745	1876	1650	1526	1653	1664
619547	0	0	0	0	0	1
245195	12	1	10	7	3	5
218236	5073	5341	5283	4881	4971	4846
243634	0	0	0	0	0	0
27214	767	998	784	559	585	545
192232	348	376	466	442	462	430
235584	2075	2405	2547	2093	1986	2001
73288	908	935	896	763	934	905
70998	443	562	504	400	414	381
246179	233	224	212	226	208	254
13831	525	506	497	495	461	505
11302	523	585	584	605	609	557
53600	1163	1372	1300	1465	1458	1425
54651	48	51	50	58	59	65
192197	459	446	494	487	444	457
66235	1546	1926	1561	1434	1620	1417
218460	1315	1337	1289	1190	1151	1218
14912	0	0	0	1	0	0
54418	0	0	0	0	0	0
57370	369	386	381	347	380	347
353156	19	24	25	20	17	12
11548	0	0	0	0	0	1
100503185	89	101	100	89	91	101
227333	3793	3994	3955	3554	3626	3524
234734	2292	3490	2998	3432	3536	3282
67439	876	959	988	863	877	816
98314	315	341	323	324	314	298
16416	228	152	200	233	225	241
116914	220	258	260	222	250	235
50884	45	50	62	46	37	39
22169	526	374	465	398	380	406
15194	1531	1733	1773	1696	1656	1655
73381	0	0	0	0	0	0
224630	279	277	293	247	264	234
224132	399	452	464	493	485	458
52004	658	669	889	855	660	669
319151	1	1	1	1	3	3
58217	17	83	49	17	28	18
12489	1180	1001	1062	532	444	503
240505	252	267	255	265	233	193
67561	1291	1369	1349	1108	1126	1100
328059	0	0	0	0	0	0
98870	7	9	7	4	5	8
18119	1	0	0	0	0	0
105242435	1	1	0	0	0	0
20997	0	0	0	0	0	0
102637593	4	2	0	0	2	1
21924	11	20	15	13	12	15
268902	1	0	0	0	1	0
93842	67	112	91	72	85	60
67049	118	126	132	120	153	137
67333	534	578	625	493	475	524
56747	0	0	0	0	0	0
56503	484	533	439	411	407	464
17174	3	2	4	6	3	3
16371	0	0	0	0	0	0
58176	0	0	0	0	0	0
100529082	6	3	9	9	13	14
18218	13	14	14	34	24	29
18788	18	5	13	19	11	15
209086	2899	2452	2391	1721	1733	1729
16581	76	55	84	65	61	86
319229	0	0	0	0	0	0
21665	825	913	860	771	758	750
18605	468	524	487	480	505	438
26558	637	649	750	684	625	598
30840	351	305	377	398	334	359
242681	41	44	35	36	39	36
69106	395	407	418	369	353	351
110911	2940	2818	2926	3070	3019	3024
381644	249	234	242	202	211	226
231712	2133	1752	2106	2007	1894	1922
81907	1	0	0	0	0	0
11876	0	0	0	0	0	0
71063	275	211	227	194	182	222
228998	820	831	841	797	789	785
474145	10	5	6	9	7	6
68440	164	156	180	169	137	163
74471	42	39	40	34	22	25
67153	423	535	475	366	391	381
16440	832	1252	1051	963	931	771
100072	61	108	116	99	86	66
56642	0	0	0	0	0	1
53599	1768	1647	1543	1300	1572	1533
108943	96	121	107	100	92	80
231014	134	151	136	117	110	99
56354	2133	2149	2121	1956	2069	2154
16952	26798	21053	23119	21712	21938	23178
16568	1097	888	923	1094	1190	1156
230809	458	506	420	338	407	364
212073	627	819	676	584	530	511
20492	1175	1340	1154	1003	956	975
215627	0	0	0	1	0	0
67384	436	380	361	354	336	369
15162	2436	2517	2398	2245	2156	2274
67974	1983	1874	1879	1807	1896	1969
212880	1798	2088	1848	1536	1574	1637
102639170	0	0	0	0	0	0
242523	0	0	0	0	0	0
212139	512	604	689	611	596	567
101118	1455	1399	1358	1301	1342	1391
320678	545	553	598	469	455	478
110599589	0	0	0	0	0	0
56794	208	176	178	182	156	197
66200	521	443	432	451	480	526
229862	0	0	0	0	0	0
71742	199	193	189	196	226	174
11499	0	0	0	0	0	0
100336	683	839	785	732	701	638
63959	1527	1626	1756	1579	1506	1436
23882	110	129	118	211	159	150
378435	4	5	10	5	9	10
107173	423	414	415	440	444	403
238076	0	0	0	0	0	0
68519	2	0	2	1	0	2
19331	210	179	207	147	134	136
109905	2997	2983	2528	2159	2434	2313
408192	0	0	0	0	0	0
22121	14346	13968	16121	14483	13337	13138
50783	526	733	695	637	578	521
101240	1445	1302	1451	1634	1484	1566
60322	26	12	19	23	19	20
215821	74	89	69	87	94	78
27278	0	0	0	0	0	0
69282	8	10	13	9	11	11
22260	1455	1464	1700	1707	1454	1533
234094	21	50	33	24	20	28
234365	3	0	2	1	0	3
116847	0	2	0	0	0	1
110075	0	0	0	0	0	0
11886	9068	7281	7381	8382	8758	9215
20670	2	1	3	0	4	0
229707	837	937	1000	886	882	862
67966	177	187	156	102	158	138
20419	537	701	558	390	390	354
353172	2005	2872	2359	2395	2707	2410
227620	3412	3663	4108	4167	3756	3682
239618	0	0	0	0	0	0
19725	45	56	60	30	46	26
71156	0	0	0	0	0	0
56314	101	79	100	105	107	111
103554	1993	1945	1922	1733	1895	1844
210544	669	808	697	726	696	691
12824	1	1	0	0	0	0
77809	388	465	480	394	411	361
11634	0	0	0	0	0	0
22040	1034	866	1125	987	787	840
70433	1	0	0	0	0	0
22026	1218	1048	1197	913	1025	995
215653	2930	2537	2971	2544	2501	2650
72023	366	343	392	349	342	336
100503361	2	0	2	2	0	2
66120	14	10	13	13	16	14
67529	1756	1778	1662	1494	1612	1628
15218	0	0	0	0	0	0
102640775	0	0	0	0	0	0
14084	774	1000	868	793	910	836
56384	778	1046	990	935	978	1007
231583	0	0	0	0	0	0
233081	0	0	0	0	0	0
11423	7	0	7	1	2	7
68995	735	608	616	502	597	569
217463	1564	1442	1329	1321	1446	1345
394433	0	0	0	0	0	0
66925	2286	2302	2333	2246	2300	2117
75465	0	0	0	0	0	0
320302	0	0	0	1	0	0
16199	2	4	6	3	2	1
15507	3	3	1	2	3	1
234311	502	323	410	395	388	433
68011	806	799	794	715	642	641
381339	0	0	0	0	0	1
268656	915	958	927	878	995	970
67374	10	8	7	12	14	15
67847	181	149	159	176	168	186
11758	1727	1975	1873	1705	1812	1599
74901	23	10	16	20	16	10
29846	0	0	0	0	0	0
386463	0	0	2	3	0	2
66901	0	1	0	1	1	1
70661	778	813	882	773	725	680
18405	0	0	0	1	1	1
55932	251	173	222	191	189	217
83395	4	2	1	1	5	2
66407	585	772	665	636	668	695
18991	6	3	9	7	10	8
56198	1	0	0	0	0	0
214601	378	351	348	373	396	410
16552	0	0	0	0	0	0
227644	289	353	335	369	313	315
12224	0	0	0	0	0	1
235036	228	279	292	333	305	291
257962	0	0	0	0	0	0
433492	0	0	0	0	0	1
12023	1	0	0	2	1	0
229534	892	1017	953	682	701	599
78787	196	222	191	179	167	193
20878	724	1149	894	649	635	601
20229	7968	6545	7114	6968	7394	7846
12608	816	1006	1431	1207	1020	807
110749	518	772	638	526	586	503
16439	546	514	546	532	576	541
114564	2	2	6	4	1	5
15450	1	6	6	9	1	5
12630	1	0	0	0	0	0
75578	378	329	393	341	385	372
171567	245	237	220	238	224	241
18823	2	2	1	5	6	4
76483	393	447	485	495	497	470
54126	2935	3022	3082	3321	2763	3004
52840	495	450	552	535	471	485
93873	0	0	0	0	0	0
75870	2	3	7	1	5	4
70650	1063	1178	1105	974	960	913
21384	2	1	2	0	3	1
101100	78	84	74	85	82	104
213019	503	577	632	484	484	419
22083	848	807	854	663	717	796
64297	34	50	33	31	25	23
270066	1791	1990	1855	1602	1707	1666
13404	1	3	3	1	1	1
67694	247	227	202	170	160	194
21886	87	71	83	117	118	105
329093	0	0	0	0	0	0
15980	2890	2573	2892	2580	2605	2710
78611	96	133	132	111	110	88
194655	107	146	116	137	116	124
27103	602	604	645	638	649	660
68552	2365	2161	2499	2582	2340	2465
67432	27	39	30	42	44	48
12263	20	8	8	17	11	15
231086	1779	1720	1699	1902	2032	2013
22259	269	224	249	351	344	355
11839	0	0	0	0	0	0
208638	274	296	293	266	256	273
319804	1	1	1	0	1	0
66609	631	564	581	575	597	563
434219	174	87	125	72	69	93
225055	1416	1324	1166	1002	1100	1134
16502	0	0	0	0	0	0
234594	2879	3209	3021	2838	2680	2855
22337	33	27	31	22	18	19
19349	11585	11039	11801	12411	12020	12129
229357	0	0	0	0	0	0
12169	22	20	11	6	7	6
208104	1695	1446	1645	1599	1478	1597
11695	0	0	0	0	0	0
12695	12	7	7	10	9	5
12561	0	0	0	1	0	0
433667	764	722	645	658	746	707
74996	1568	1860	1693	1652	1719	1671
16176	113	22	100	181	210	250
66661	2398	2375	2399	2212	2375	2475
67008	484	379	402	375	466	462
241764	0	1	0	0	1	0
54204	11	11	11	8	10	5
80886	1260	1494	1497	1557	1473	1466
630579	71	91	56	31	45	40
19329	1	0	0	0	0	0
69454	0	0	1	1	0	0
19744	1357	1558	1266	1304	1411	1354
102058	442	464	472	449	427	461
68895	0	0	0	0	0	0
20671	0	0	0	0	0	1
67171	2037	1658	1756	1872	1953	2033
12336	6675	7848	8350	7603	7373	7203
12675	987	900	888	774	984	899
72102	2651	2191	2323	2189	2271	2296
16594	218	240	263	255	283	267
236848	549	605	612	613	598	591
18938	682	886	881	779	810	754
15547	830	1038	990	969	942	984
24116	500	531	523	503	485	429
74123	185	187	219	248	215	191
69396	0	0	0	0	0	0
28185	1438	1431	1345	1251	1482	1409
67065	171	246	210	184	208	215
12778	0	0	0	0	0	0
98710	561	598	565	558	516	530
13007	3081	3608	3258	3093	3252	2913
67952	2807	2654	2843	2758	2971	2874
16579	682	651	631	590	689	621
330319	1	0	0	0	0	0
13646	0	0	0	0	0	0
105246303	3	2	3	5	6	2
338320	2315	2430	2204	2177	2374	2310
11536	0	0	0	0	0	0
229906	788	953	938	893	932	836
320873	1	0	0	2	0	0
27377	2021	2179	1907	1706	1903	1868
20740	3417	3797	3759	3542	3335	3589
66292	706	714	731	697	647	622
107035	1000	977	1025	982	1008	998
226154	248	285	302	339	272	264
19053	831	991	982	986	984	904
214162	1057	1042	1054	974	919	1004
55980	1006	1246	1033	880	928	864
231946	35	39	30	25	27	22
107766	53	55	66	45	40	30
19294	332	361	432	366	338	340
241327	1	1	2	1	0	0
67920	569	586	532	536	570	524
226153	165	152	189	177	171	203
11304	0	0	0	0	0	0
14228	1220	1530	1489	1597	1531	1502
104027	33	25	20	14	24	24
11600	1	1	2	1	2	0
56282	572	701	645	682	649	588
19982	3292	3215	3164	3066	3235	3158
230709	1647	1695	1467	1491	1611	1533
11545	2920	3772	3203	3059	2945	2999
18162	0	0	0	0	0	0
27373	780	803	844	847	788	781
16396	1593	1347	1388	1480	1452	1582
75580	1002	934	1043	1037	942	1060
12209	0	0	0	0	0	0
19718	896	1096	1082	988	982	931
108169000	0	0	0	0	0	0
192174	473	529	457	476	500	545
194219	0	0	0	0	0	1
381922	30	22	18	18	22	14
240038	253	217	187	182	154	152
227671	247	174	228	180	153	138
239188	0	0	1	1	0	0
272636	4	1	2	3	0	1
72607	0	0	0	0	0	0
78658	676	993	811	689	648	612
66190	1419	1236	1149	1254	1358	1372
71770	3604	3769	3725	3541	3657	3615
225745	260	333	265	245	261	218
118568683	4916	4416	3830	3098	2964	3156
232286	957	1040	887	696	712	764
238037	150	156	159	144	146	139
228839	4	5	8	3	5	3
170936	577	498	558	445	483	508
110350	129	119	124	98	111	106
15929	1485	1448	1696	1655	1615	1570
69478	86	82	80	93	84	91
65964	753	906	804	955	1006	976
239319	162	109	144	115	114	122
237433	1	3	4	2	4	3
238266	0	1	0	0	0	0
73181	1	0	2	1	0	0
208518	194	273	239	196	212	195
474156	323	285	278	318	275	302
109889	20	15	22	13	12	13
73420	269	347	312	414	435	378
629595	1556	1568	1672	1703	1519	1483
19377	406	466	498	552	569	506
54151	996	928	1093	1038	1006	1011
11658	4994	5279	4720	4197	4431	4718
108143	1125	1416	1247	1054	1140	1086
170765	2	1	0	1	0	1
12467	5	5	4	3	6	5
330177	2515	2508	2482	2470	2343	2371
237847	28	26	18	10	19	16
70166	120	243	161	221	286	279
20909	1833	1938	2096	2237	2099	2117
68859	9	7	4	12	7	8
72512	1092	1072	1156	948	827	939
12042	1660	1382	1578	1498	1475	1534
620631	0	1	1	0	0	0
270058	1079	1291	1386	1262	1164	1097
80288	269	267	295	313	258	238
319476	0	0	0	0	0	0
67473	0	0	0	0	0	0
319165	1	2	0	0	2	0
15939	2054	1922	2127	1810	1748	1733
12667	0	0	0	0	0	1
17169	630	687	692	627	647	635
102635357	0	0	0	0	0	0
70601	734	959	873	783	847	749
19250	2	0	3	4	2	3
22232	576	618	616	618	612	628
140488	131	82	98	83	74	97
69606	163	178	173	174	145	172
69125	1019	970	1072	1012	933	983
214105	0	0	0	0	2	0
209012	18	13	24	17	15	11
225913	239	276	261	248	277	239
227699	881	1215	1129	1062	1066	1021
18142	0	0	0	0	0	0
59021	2669	2700	2456	2425	2622	2364
242235	0	0	0	0	0	0
140481	1960	1615	1878	2072	2095	2042
432530	0	0	0	0	0	0
230649	313	313	293	308	318	324
12337	778	931	902	693	698	602
22228	16117	14141	17726	19674	17337	17618
192775	5	1	2	3	2	3
66166	0	0	1	2	0	1
333588	0	0	0	0	0	0
230837	11	11	12	9	9	9
118568047	0	0	0	0	0	0
16646	1308	1618	1316	1189	1503	1398
56771	783	759	739	690	668	690
13713	1809	1952	1856	1570	1498	1428
319352	139	74	149	160	116	152
72776	244	331	259	201	174	203
58522	0	0	0	0	0	0
14360	1191	1502	1304	1249	1197	1168
320209	250	339	300	227	217	190
100042773	0	0	0	1	0	0
330171	1844	1896	1940	1785	1710	1658
75607	9	7	10	16	12	10
52024	2	0	0	0	0	1
140721	217	286	247	273	174	205
270599	0	0	0	0	0	0
75894	172	178	185	175	175	187
17472	15	8	5	3	7	9
93675	558	269	377	273	255	257
269060	257	325	294	346	304	303
80860	393	410	377	418	364	393
75475	50	66	75	73	60	70
231821	1512	1635	1726	1559	1420	1357
76411	115	125	117	144	130	127
20692	58	13	39	85	45	68
11852	1552	1805	1996	2101	2010	1882
20371	0	0	1	0	0	0
140858	1138	1486	1170	1024	1056	1057
17129	507	548	540	452	477	546
73940	0	0	0	0	0	0
66521	914	1176	917	753	823	759
66420	529	586	584	560	537	551
114644	254	153	220	94	79	78
56380	263	306	267	330	296	283
74522	825	925	825	755	765	826
69065	35	83	64	122	133	89
170826	88	78	101	62	69	73
118568612	0	1	0	0	0	0
115490184	20	20	22	33	35	15
14231	56	54	41	40	40	32
118568032	1773	2289	1878	1233	1174	1162
18806	1128	1001	1101	1096	1014	1019
71405	0	0	0	0	0	0
93715	3	3	2	8	5	3
16870	9	6	8	5	3	1
626596	0	0	0	0	0	0
18021	1148	1280	1152	1084	1054	1100
12153	9	5	9	14	9	10
78444	1	2	1	0	1	1
19358	1178	1464	1403	1245	1315	1160
15254	2692	3304	3277	2882	3052	2636
26378	508	469	470	451	486	475
66170	226	246	260	227	205	201
19035	3396	3671	3483	3392	3255	3197
13639	0	2	0	1	1	0
69384	1	0	0	0	0	0
16326	1	0	0	0	0	0
237542	14251	13616	11922	11892	12751	12460
72425	720	738	660	566	591	543
18207	62	57	68	73	68	73
22225	2470	2974	2850	2862	2796	2656
433416	1	1	2	0	2	0
16453	556	514	638	563	495	518
16956	113921	68309	82335	160733	159564	174232
52626	950	1299	1129	1010	1139	992
213311	9	19	16	18	15	14
23912	472	510	547	576	539	521
223696	1701	1681	1600	1544	1637	1459
18432	1925	2523	2287	2402	2288	2268
105988	648	1031	877	577	543	481
225115	1050	1097	1079	1034	1040	1036
242700	1	0	1	0	0	1
381101	119	152	136	96	128	86
21389	11	1	8	10	8	10
52076	751	594	705	725	714	719
19018	314	328	465	455	382	333
269994	0	1	0	0	0	0
100042150	8	11	16	9	8	11
71854	25	21	37	32	31	36
381045	213	244	205	186	202	180
18223	220	246	291	227	213	193
53420	1	2	1	0	2	1
19342	912	1013	1149	1031	1010	918
71827	0	0	0	0	0	1
18685	365	413	379	365	322	347
56205	3047	2613	2787	3101	3140	3249
641361	0	0	0	0	1	0
67544	624	604	612	574	566	584
235442	6524	6399	6145	5154	5797	5510
546325	0	0	0	0	0	0
24046	0	0	0	0	0	0
102294	1681	1450	1466	1727	1658	1727
12507	2	8	11	3	6	5
12180	2	0	0	3	2	4
69860	676	801	698	700	748	692
381838	0	0	0	0	1	0
14791	778	957	908	809	887	739
66827	613	754	653	651	648	626
270906	1074	1345	1019	679	695	608
230584	729	730	723	722	819	746
216459	38	50	44	63	54	39
69440	43	57	47	55	42	58
381626	1113	1124	1079	1055	1003	1094
13358	1761	1677	1964	2394	2268	2118
231769	805	862	891	865	840	887
13411	3	1	3	0	1	0
14976	562	691	751	615	612	595
81500	608	581	634	666	647	703
234664	498	481	417	461	483	484
17294	1	0	0	3	1	3
58244	866	897	994	930	973	919
66425	2040	1091	1745	2448	2010	2237
70730	0	0	0	0	0	0
12062	0	0	0	0	0	0
18436	22	25	23	9	18	6
226691	4150	3508	3809	3306	3090	3247
56325	26	19	24	23	34	28
58231	2782	2632	2493	2328	2372	2350
29875	16101	17653	16533	16445	16687	16351
67291	164	194	211	171	173	179
15425	0	0	2	0	0	0
13211	2880	3205	2733	2663	2721	2850
67557	0	0	0	0	0	0
15519	5499	6932	5502	5857	6392	6370
218518	2	4	5	6	9	5
212989	0	0	0	0	0	0
74198	223	268	330	274	226	267
232790	0	4	0	1	0	0
67468	1505	1789	1573	1611	1802	1700
57267	471	462	553	608	515	489
71586	1079	924	1011	756	839	872
27204	4	1	0	3	2	0
107242	567	568	738	667	596	643
78523	787	671	751	688	683	681
77701	0	0	3	0	0	3
211548	1011	1492	1281	1349	1484	1320
231997	28	39	37	27	29	26
71862	136	142	142	81	94	98
230822	3	3	7	2	3	1
93722	28	18	32	33	34	29
11910	5416	4626	5328	8314	8222	8047
13559	238	240	220	213	230	222
230085	8	13	21	6	8	5
20195	4791	4485	4662	4047	3486	3388
18127	7	8	17	19	20	13
68778	596	552	620	632	568	624
76850	625	515	571	592	565	615
68151	2084	2060	2030	1930	1969	2059
101185	336	359	347	278	360	315
71398	564	508	436	399	360	421
68075	3	2	4	2	3	4
13875	540	651	575	604	634	586
97064	3	1	0	0	2	1
16407	2	0	3	0	2	0
269536	540	630	587	462	535	533
237422	247	269	272	254	255	248
21337	0	0	0	0	0	0
100163	375	444	443	398	380	373
100504180	0	0	0	0	0	0
102638541	0	0	0	0	1	0
66340	1093	989	1206	1140	1053	1066
74919	2297	2307	2482	2600	2600	2516
57373	489	496	474	482	491	454
66401	324	320	311	286	296	310
20303	556	653	667	1112	1081	972
100039672	0	0	0	0	0	0
72106	551	510	552	581	544	600
73991	16	25	25	34	19	25
78921	132	116	115	121	118	140
22272	1080	1313	1349	1542	1583	1360
66414	807	1162	976	889	1021	881
12864	2432	2832	2486	2364	2657	2235
56309	165	204	139	109	155	147
269823	2044	2274	1873	1534	1834	1815
22401	712	716	776	782	831	799
69168	110	125	143	146	120	121
76797	0	0	0	0	0	0
319901	188	207	193	160	190	171
667370	123	52	88	58	59	55
21336	0	0	0	0	0	0
238505	1039	1104	1015	832	849	931
244556	18	27	21	23	24	19
21356	5461	4864	5563	5682	5165	5234
66273	125	125	143	118	122	124
59008	3833	5178	4865	3981	3814	3628
217738	3	5	5	7	6	6
408065	101	85	93	68	71	83
12768	2624	2597	2297	1346	1461	1491
223649	34	36	32	27	31	22
234396	240	331	298	190	194	179
12162	0	0	0	0	0	0
19708	1462	1425	1550	1417	1381	1405
27801	476	565	637	624	522	537
78286	1007	1226	1151	1172	1166	1044
20496	86	98	64	71	114	81
67832	481	592	451	448	488	450
670211	0	0	0	0	0	0
58809	3991	4143	3922	2221	2296	2033
664969	0	0	0	0	0	2
18793	1526	1655	1687	1879	1773	1734
545655	0	0	0	0	0	0
78895	95	86	73	84	88	84
17285	1	0	1	0	1	0
213539	64	116	79	83	71	87
18423	0	0	0	0	0	0
30935	1655	1512	1653	1757	1753	1802
66873	0	0	0	0	0	0
114863	970	946	1091	1004	1005	1003
115489304	5	10	9	9	9	7
18107	3050	3592	3449	3317	3181	3299
68565	672	771	721	651	661	633
12814	0	0	0	0	0	0
69487	105	143	112	116	141	116
18040	0	0	0	0	0	0
223870	530	540	557	450	514	502
14547	443	448	405	362	384	374
226016	560	535	507	454	478	464
20425	81	150	114	90	67	83
75563	1	2	2	0	2	1
69930	860	831	719	709	743	793
73703	1	0	0	0	0	0
114886	0	0	0	0	0	1
77087	1956	2242	2205	1951	1921	1848
214791	0	0	0	1	0	0
171463	8	3	7	5	5	2
14661	6490	6866	6719	6791	6922	6751
226180	2	2	3	0	0	2
72114	371	434	479	344	388	358
54138	1911	2323	2164	1962	1991	2037
66375	814	948	897	821	931	825
106759	654	591	693	687	690	633
233876	487	723	588	478	456	426
252973	0	0	0	0	0	0
230161	0	0	0	0	0	0
78373	5	3	4	5	1	2
12421	943	726	732	548	552	601
218442	776	623	752	585	637	626
18983	790	838	745	725	715	820
22160	1	0	0	0	0	0
67603	1881	2524	2256	3588	3610	3425
68952	6	7	3	9	6	3
70461	478	469	561	496	490	507
19734	47	20	23	36	35	61
20410	201	119	173	151	114	126
232086	21	16	32	38	34	66
73988	1	0	2	1	2	0
11867	14585	14908	17680	19075	17216	16798
16589	3485	3232	3167	3085	3163	3146
70574	1	4	1	1	0	0
56470	1293	1318	1282	1238	1166	1096
54409	1	0	0	2	0	2
277396	82	108	98	66	76	78
21391	2321	1845	2316	2914	2824	2963
66260	0	0	0	0	0	0
241113	0	0	0	0	0	0
226419	59	76	64	55	53	55
21420	0	0	0	1	1	0
14423	1844	1926	1745	1644	1737	1728
620246	2	0	1	0	1	1
66865	1895	2286	2116	2019	2162	2038
69553	1	2	2	0	0	0
21825	4803	1816	3693	2427	2717	2797
74249	0	0	0	1	0	0
66419	588	529	549	526	555	538
72170	364	426	343	353	391	365
52683	2367	2879	2756	2315	2282	2089
17532	146	88	132	159	176	189
21803	6136	6496	7106	7777	7090	6933
71846	206	355	264	216	206	218
103537	633	435	517	500	494	567
668039	31	21	36	62	6	22
22268	0	0	0	0	0	0
277414	7	8	12	12	5	18
65970	1694	1961	1831	1716	1834	1747
218271	560	642	620	680	669	687
73916	303	331	356	223	305	261
17763	57	77	69	59	52	73
11532	1587	1755	1670	1637	1694	1600
14468	0	0	1	0	0	0
69556	222	274	235	192	256	208
14813	0	1	0	0	0	0
72614	5	7	5	3	9	9
108168740	17	18	16	18	7	19
78830	838	1008	952	859	851	812
27081	620	607	579	657	668	698
67138	551	479	478	410	436	469
434402	88	90	117	94	110	104
27362	701	648	682	665	742	747
101488143	6	1	8	5	2	1
69309	213	198	248	268	237	205
224405	0	0	0	1	0	0
242667	0	0	1	0	0	1
667214	998	775	824	811	700	765
14060	0	0	0	0	0	0
68948	181	217	179	162	154	141
229681	272	234	264	308	284	320
233902	436	433	486	429	429	387
20524	785	785	814	706	734	720
238252	0	0	0	0	0	0
67861	983	930	946	921	903	982
239037	0	0	0	0	0	0
12672	1	0	1	2	4	1
50755	1358	1259	1323	1314	1254	1297
69714	226	253	243	253	235	207
333329	8	11	7	2	2	6
14696	451	375	422	364	400	399
436440	10	7	3	12	12	10
18131	2	0	0	3	2	2
271508	0	3	4	2	3	2
333883	2	6	7	2	9	1
76429	345	423	406	333	353	300
16400	0	2	3	1	3	1
102639178	0	1	0	0	0	0
102635315	135	163	97	77	77	124
12769	0	0	0	1	0	1
13835	0	0	0	0	0	0
69159	66	112	79	60	82	73
668178	0	1	0	0	0	1
56418	2617	2965	2819	2670	2684	2584
239606	0	0	0	0	0	0
68549	585	850	636	363	403	402
22437	0	5	3	1	1	0
15248	5	8	2	0	4	2
71893	17	22	20	18	8	24
231659	1021	1199	1227	1238	1200	1147
675812	97	108	100	74	89	75
170776	4	5	6	2	4	4
353258	577	728	627	594	653	593
72017	1257	1238	1285	1485	1425	1419
66349	395	350	401	344	362	316
68701	0	1	0	0	0	0
22410	0	0	2	2	0	1
14621	0	0	0	0	0	0
70047	648	599	606	492	559	570
327992	0	0	0	0	1	0
320352	0	0	0	0	0	0
30951	95	70	96	77	80	77
225392	16	11	18	25	13	15
432720	0	0	0	0	0	0
320916	0	0	0	0	0	0
54219	124	103	116	139	143	124
71782	953	907	842	813	840	868
15267	105	67	98	189	207	247
78809	0	1	0	0	1	1
107652	600	620	614	529	594	543
56218	384	379	411	343	345	345
21955	11	22	17	15	16	11
244548	436	420	395	329	354	430
100043257	45	42	36	13	33	10
67948	947	851	808	915	886	961
75665	49	50	40	49	26	36
270328	0	0	0	0	0	0
93878	0	0	1	0	2	0
68379	924	984	1106	1024	1021	908
69721	62	77	80	71	84	87
11522	0	0	0	0	0	0
26384	3664	3226	3589	3113	3111	3153
237500	621	642	566	444	487	495
12912	1250	1077	1075	876	947	980
244416	574	624	582	470	510	488
67231	1956	1984	2022	1939	1970	2020
56637	1775	1717	1605	1491	1657	1700
118568301	2	2	0	1	10	6
22072	0	0	0	0	0	0
93880	0	0	0	0	0	0
56631	89	97	141	111	122	138
232539	237	223	253	214	239	245
20383	3512	3882	3232	3092	3201	3264
100043597	1449	1609	1571	1343	1268	1355
71101	265	218	228	216	246	240
22654	26	17	18	19	17	23
195733	12	9	9	4	3	6
74895	179	189	176	142	169	171
243753	2	0	3	1	2	1
56703	191	255	265	216	230	203
383435	1652	1305	1392	809	798	921
17831	19	12	7	9	5	9
13726	1293	1353	1401	1201	1224	1121
14378	0	0	0	0	0	0
60364	223	262	225	205	173	224
102462	445	426	500	454	449	436
11564	574	723	673	604	624	584
234413	200	151	164	154	155	151
12192	3560	2592	3229	2728	2807	2873
319181	3	11	7	10	13	4
16977	2	1	1	0	1	3
66050	390	347	378	347	354	369
100862383	0	0	0	0	0	0
11807	5	10	6	5	10	3
13982	142	101	125	99	109	98
56358	239	231	263	205	236	193
78784	1	0	1	0	1	0
67667	295	294	252	216	235	238
230103	2	0	1	0	1	3
59095	1	0	1	0	0	0
231571	302	313	298	243	256	272
231801	927	1081	1058	904	896	805
67801	0	0	0	0	0	0
381059	1	0	1	0	0	0
13418	605	622	580	584	651	598
66899	1262	1164	1138	938	1088	1009
13497	6	13	11	6	5	4
53314	54	57	62	74	51	49
319653	1312	1090	1198	1050	1078	1145
21953	46	59	72	42	60	42
11433	170	168	178	162	128	141
27027	692	588	646	515	509	456
69543	2	5	3	3	2	2
100040500	0	0	0	0	0	0
66618	521	534	443	361	477	417
100986	634	717	657	611	617	599
223593	2299	2600	2378	2228	2323	2307
75345	2717	2287	2576	2947	3188	3041
50766	132	125	146	181	189	188
278507	2	5	1	3	1	0
94227	0	0	0	0	0	2
68172	13	4	11	20	5	13
16372	0	0	0	0	0	0
12009	211	242	240	206	204	218
20637	3606	3752	3768	3774	3641	3726
74191	438	413	416	351	382	362
240549	0	1	0	0	0	0
51788	7930	9974	9589	7614	7322	6968
17250	4700	5254	5392	5025	4980	4731
111175	90	121	98	122	109	118
56743	4674	4508	4695	5946	5767	5927
20521	0	0	0	0	0	0
12532	206	293	224	130	156	139
215456	0	0	0	0	0	0
66853	1601	1613	1970	1882	1805	1657
13449	2229	2424	2407	2554	2334	2461
208836	282	455	339	233	219	234
353283	0	0	0	0	0	0
226849	1727	1827	1869	1692	1722	1751
100465	526	386	476	477	473	485
384061	1	0	0	1	0	0
268936	302	316	357	361	318	353
69816	0	0	0	0	0	0
108679	833	1026	1008	993	962	1022
66711	999	882	977	997	898	1040
433813	128	167	136	152	158	151
76233	399	406	454	418	408	396
14268	592	325	562	569	527	578
213491	2795	2805	2819	2702	2643	2552
14131	16223	13415	14876	13150	12963	13870
77619	69	94	56	58	69	53
15166	52	56	58	50	40	51
20874	3212	3310	3206	2589	2769	2644
330149	0	0	0	0	0	0
13549	313	279	341	352	288	287
23831	0	0	0	1	0	1
69694	154	148	152	141	165	170
100041579	0	0	0	0	0	0
23837	1078	1161	1054	928	966	971
26987	1780	1840	1824	1737	1822	1822
106564	124	144	142	164	166	155
22230	860	849	812	902	885	884
217337	1303	1450	1496	1333	1288	1286
76809	808	836	828	939	892	809
232714	4	3	2	1	0	0
103425	1129	1524	1604	1654	1417	1364
225609	62	67	69	52	61	39
207596	2	0	2	1	0	4
53881	102	82	85	123	105	121
71927	1751	1750	1675	1723	1740	1756
17528	8	5	2	4	4	7
11993	2905	2886	3421	3542	3194	3205
240479	0	0	0	0	0	0
237353	0	0	0	0	0	0
233893	204	218	222	196	201	174
22791	769	775	695	560	646	622
67500	1350	1381	1331	1128	1203	1221
76308	3000	3525	3793	3726	3489	3177
72749	207	273	232	186	170	154
103850	165	159	176	158	139	153
216188	15	27	13	26	34	17
216438	50	54	67	55	79	72
73333	6	3	4	4	4	6
11936	22	28	36	23	42	22
211948	364	438	403	358	386	363
15353	605	580	631	646	646	602
317758	5	2	3	6	4	5
232933	204	239	253	188	188	229
72433	15	15	16	15	12	17
72982	129	135	139	115	104	116
20841	398	400	391	338	338	332
619441	358	303	388	497	557	489
68828	0	1	0	1	0	1
171170	88	145	98	67	71	68
99696	598	703	682	641	662	619
233410	902	894	880	896	820	912
71715	285	242	250	291	279	229
320150	412	407	391	375	431	423
433016	1	0	0	0	0	0
15439	50	38	47	34	16	22
19729	376	372	415	450	426	416
105244006	796	764	711	579	567	639
71760	0	0	0	0	0	0
76400	0	1	1	1	0	0
18974	205	283	215	174	179	186
69982	1	2	0	0	1	2
238330	936	1096	1152	1217	1069	1036
260423	1	0	0	1	0	0
216877	462	473	421	461	478	495
278180	1	1	1	0	2	0
257963	0	0	0	0	0	0
79059	171	132	166	193	161	166
68339	26	17	19	9	9	10
93712	6	0	0	0	0	3
631584	0	0	0	0	0	0
13194	6156	7343	6845	6523	6568	6355
20905	72	57	108	127	95	85
16963	0	0	0	0	0	0
12705	0	0	1	0	1	0
27007	6	2	8	6	2	5
21810	9238	10201	9786	6753	6608	6046
13048	0	0	0	0	0	0
20438	40	71	55	48	39	45
100043684	0	0	0	0	0	0
73340	9	52	40	0	27	30
233016	3882	3223	3814	4112	3682	3737
66559	506	407	444	430	427	460
56722	5609	5023	5737	6592	6271	6133
66995	0	0	0	0	0	0
14389	1805	1649	1729	1798	1828	1867
66501	0	0	0	0	2	0
231380	681	574	522	495	483	502
55948	60	46	72	56	53	48
19044	343	326	325	326	322	281
104725	3988	3755	3474	3084	3487	3102
68917	148	152	171	164	151	133
26904	265	195	247	125	107	114
116873	538	604	545	487	515	484
70925	249	228	222	205	196	198
18019	1454	1465	1587	1169	1022	1128
15002	71	37	83	33	21	38
241303	626	651	614	727	692	669
66320	413	494	482	521	503	492
83997	1541	1447	1364	1278	1355	1391
67101	68	85	102	106	89	92
192176	21834	29092	25393	23008	21912	21782
20194	4437	5133	4431	3301	3396	3122
56398	2309	2276	2320	2099	2311	2292
80297	14	9	15	10	15	11
223267	124	156	140	131	127	123
100009600	2	0	0	0	0	0
214572	328	445	416	392	444	419
18701	166	188	187	162	159	173
117171	254	284	304	276	262	247
209047	2	1	3	2	1	0
241877	0	0	0	0	0	0
66467	741	854	757	790	767	779
217214	0	1	0	0	0	0
14945	0	0	0	0	0	0
232223	116	145	146	197	191	171
244646	1	3	3	2	5	5
69263	299	399	356	288	301	283
329738	0	1	0	0	0	0
73863	0	0	0	0	0	0
242248	100	140	102	51	74	79
60510	0	0	0	0	0	0
108687	1413	1365	1486	1484	1493	1406
66352	337	374	327	301	316	321
14186	0	0	0	0	0	0
64242	0	1	0	1	4	3
14121	1	1	1	0	0	0
67216	0	3	0	2	1	2
28113	389	454	394	370	371	360
77318	61	61	62	79	75	58
72662	362	429	393	342	371	321
212398	94	57	111	93	83	80
14420	2606	2015	2318	2695	2632	2912
380714	0	1	0	0	0	0
211064	138	142	142	175	183	171
75302	1167	1133	1055	1063	1130	1190
276891	0	0	0	1	0	0
68058	251	302	301	249	262	279
232854	66	50	50	43	55	49
51796	2798	3170	3024	2508	2664	2547
74467	513	507	430	435	430	425
66098	104	148	187	132	175	138
15064	527	461	480	518	606	503
381983	2	2	3	1	0	0
17921	1358	1885	1801	1414	1368	1374
52830	2278	1840	1881	1670	1675	1819
223693	1464	1635	1630	1789	1586	1453
233103	555	626	628	523	551	564
103677	541	503	580	531	479	508
66242	432	455	488	431	428	391
329375	0	1	1	0	0	0
100039252	0	0	0	0	0	0
240025	0	0	0	1	0	0
434437	44	48	40	35	55	54
234730	146	158	168	151	151	158
217887	60	72	74	67	64	70
381218	11	15	2	14	11	12
108155	3536	3019	3208	3327	3342	3676
56469	1416	1320	1368	1225	1273	1268
246196	626	571	607	501	550	506
73254	103	137	91	44	51	52
56619	1623	1879	1569	1028	1150	1044
15405	8	5	3	6	3	3
22290	0	1	0	0	0	0
18000	4832	4660	4481	3883	4502	4509
12611	1722	1743	1585	1548	1774	1650
83431	1157	1300	1259	1281	1136	1298
353187	961	706	699	680	759	743
13627	166569	160411	164965	166959	162281	162708
102640327	0	0	0	0	0	0
76670	1	0	0	1	0	0
54601	673	616	634	588	594	615
16447	0	0	3	1	0	0
16564	2	3	2	0	0	2
75695	192	240	235	364	393	344
278304	6	1	6	8	5	3
69051	389	453	427	427	358	371
432770	23	26	24	25	35	30
107971	32	22	27	24	32	26
67095	1235	1263	1380	1379	1270	1216
12724	13	9	19	15	10	6
107751	0	0	0	0	0	0
269954	1	1	2	1	1	0
12984	3199	2521	3182	5007	4683	5117
14934	0	0	0	0	0	0
104759	10306	9932	11007	10340	9516	9226
100039795	0	1	0	0	0	0
100039789	0	0	0	0	0	0
58800	2068	1847	1737	1474	1459	1540
668588	0	0	0	0	0	0
54652	32	33	25	13	17	19
93695	197836	178277	198508	234692	229149	232574
72057	951	1066	1012	929	989	856
93760	2272	2558	2465	2278	2131	2106
12369	658	785	748	579	572	582
57815	141	192	147	184	174	168
21943	0	0	1	0	0	1
100037278	10	8	9	14	13	8
20868	1028	1180	1229	1218	1188	1102
227867	514	466	452	425	394	407
50909	369	318	366	277	254	276
11845	5484	6003	5581	4667	4770	4599
218865	5	2	5	5	1	1
71710	492	478	429	297	297	290
105243	0	0	0	0	0	0
53322	915	1011	888	754	898	803
329831	0	0	0	0	0	1
12035	2	7	3	3	9	4
71949	1316	1493	1510	1295	1318	1367
22417	0	0	0	0	0	0
68312	11	9	18	10	14	10
240660	97	171	115	103	110	112
171281	0	0	0	0	0	0
67980	444	420	382	378	409	393
233011	219	209	212	196	208	233
13481	479	443	538	547	468	464
268396	3870	3916	4119	3908	3804	3860
236193	258	184	183	159	204	210
233781	164	203	199	228	217	193
23966	6	4	3	8	0	8
77596	2	0	2	3	1	1
68307	0	0	0	0	0	0
70129	0	0	0	0	0	0
209018	685	739	758	770	795	793
269702	133	181	128	116	115	102
105278	831	827	898	625	549	588
13041	0	0	3	1	0	0
15245	0	0	0	0	0	0
235661	904	1014	937	937	937	925
109246	29	31	17	32	18	18
239827	90	87	106	108	108	99
76773	343	297	296	348	352	317
18618	26	28	35	36	32	30
30057	459	440	434	462	452	391
15118	0	1	1	0	2	1
16842	0	1	0	2	0	0
100502825	61	53	23	40	57	39
77652	220	238	188	160	208	201
14579	3	3	4	0	4	0
53945	4115	3762	3767	5584	6881	6537
29805	184	215	249	238	200	198
56808	1	0	0	0	0	0
171531	2	4	5	6	2	7
20516	222	277	291	303	253	260
74718	204	250	193	180	189	194
17850	815	802	693	746	824	745
15976	3280	2941	3320	3714	3722	3780
12616	5987	6891	6854	6498	6494	6087
69757	186	242	258	222	216	207
18563	108	123	109	90	102	74
108934	682	530	533	535	544	527
380705	0	0	0	0	0	0
212168	649	692	813	736	627	602
78514	1624	1804	1789	2027	1974	2053
17859	974	1005	1095	808	807	796
14055	1199	1077	1226	1219	1072	1038
117197	241	247	267	301	288	266
320720	167	189	177	158	145	178
104662	491	587	479	523	548	566
26362	6317	3412	5392	7615	6742	7213
50932	2174	1751	2132	2177	1957	2010
117600	0	0	1	1	2	1
210741	15	18	25	22	12	9
22368	2415	2593	2690	2710	2619	2356
13655	102	47	92	82	56	65
11670	0	0	0	1	0	0
20024	1678	1505	1481	1467	1537	1521
12345	8253	9546	9400	8745	8823	8440
59058	0	1	0	0	1	0
108168371	0	0	0	0	0	0
104383	14	30	12	11	14	16
68047	1019	1084	1120	1026	1015	987
26400	960	1028	1046	907	890	977
19659	3	0	2	2	5	4
75015	0	1	1	1	0	1
109820	0	0	0	0	0	0
77048	631	768	665	484	490	548
20619	2492	2309	2359	2038	2302	2433
319832	0	0	0	0	0	0
19049	0	0	0	0	1	0
212127	506	571	571	469	464	481
21937	3632	3732	3707	3792	3539	3649
70296	2278	2249	2499	2257	2251	2157
11677	2982	3436	3427	2958	2976	2678
93689	0	0	0	0	0	0
59052	958	1038	974	830	881	867
22022	887	992	1165	1113	987	972
70484	210	251	235	199	200	205
72729	4039	4077	4090	3874	3861	3849
320435	913	963	925	821	895	791
99929	852	653	622	684	803	717
433745	0	1	0	0	0	0
77352	8	7	10	4	6	4
232201	3062	2143	2769	3266	2925	3299
93892	0	0	0	0	0	2
102633424	31	30	21	20	24	13
22346	499	465	527	458	443	437
211978	956	935	984	994	967	976
213012	279	281	262	249	246	255
17084	3041	1810	2585	2569	2554	2665
14105	1674	1799	1422	1318	1449	1521
277463	1854	1795	1797	1907	1781	1747
74094	314	382	386	343	313	320
22393	169	173	196	270	252	235
108956	38	10	42	12	13	13
216635	0	0	0	1	0	0
13722	668	648	702	613	670	630
227707	983	1031	1056	913	1005	986
232664	0	0	0	0	1	0
14536	66	65	64	68	49	67
16598	351	489	473	270	252	221
13650	111	100	136	112	108	99
27225	1636	1788	1868	1823	1769	1799
74585	1031	977	1079	888	961	913
67264	1930	2314	2165	2101	2198	1942
433638	337	382	326	268	287	288
213002	99	68	94	120	111	121
55983	1	0	1	0	0	0
19671	368	428	470	409	386	367
108960	1111	888	1128	1016	1006	940
224903	1215	1387	1401	1174	1153	1099
234825	425	511	496	459	493	449
102635181	0	1	1	0	0	0
15469	1057	1401	1276	1220	1135	1079
15529	26	29	30	49	71	72
21353	909	804	763	721	754	787
66185	1060	1212	1130	1057	1064	1041
620419	95	74	82	79	72	88
218506	375	431	437	450	422	403
235047	116	114	90	76	118	96
68625	0	0	0	0	0	0
71458	666	649	717	535	510	553
74165	0	1	1	3	2	1
56612	2194	1600	2122	2215	2035	2275
17160	3151	3278	3731	3781	3611	3313
66333	7	6	9	10	10	7
233813	0	0	0	0	0	0
71448	159	167	169	200	204	210
17993	792	794	799	684	701	737
330577	7	8	5	6	5	7
12774	8535	6906	7675	5347	5477	5509
226162	365	473	452	320	357	385
20723	443	456	392	357	371	356
83771	9	9	11	5	5	8
207165	1398	1474	1427	1300	1301	1312
68742	747	767	838	805	749	701
225010	474	471	426	514	520	515
71913	4	6	5	9	12	5
104271	3	2	6	0	1	2
18749	3900	3828	3633	3146	3277	3217
245536	7	4	5	4	5	3
69802	147	126	144	121	143	149
26409	1152	1161	1100	1017	1072	1089
381759	0	0	0	0	0	0
230770	165	194	225	188	182	177
101831	128	180	182	152	147	113
329003	1058	990	1102	1022	989	997
102443350	190	249	231	202	205	208
213027	365	390	375	323	348	290
70363	2	0	0	0	0	0
59003	1987	2147	2281	2094	1982	1935
12648	1282	1344	1214	1014	1134	1131
67912	1055	806	858	863	875	873
224045	857	982	981	893	897	869
217127	1573	1787	1725	1574	1534	1480
66799	779	810	693	613	756	652
241589	0	0	0	0	0	0
252870	2102	2418	2153	2038	2040	2205
101867	392	387	372	388	447	418
76612	375	495	434	620	643	719
79235	0	0	0	0	0	0
66645	438	488	420	425	444	487
17936	1707	1755	1575	1488	1589	1600
19116	0	0	0	0	0	0
333639	182	174	166	240	228	235
29819	252	318	295	257	281	266
93836	1170	1063	1164	1041	1108	1031
244152	187	177	209	235	228	201
628705	16	13	14	13	9	11
66568	18	21	7	13	20	13
223604	0	0	0	0	0	0
17000	1299	1450	1444	1397	1386	1320
214627	952	908	790	712	741	801
98238	3199	4193	3707	3594	3723	3533
18148	9117	9119	8588	6331	8134	8026
319997	314	356	371	336	306	336
66911	711	653	759	687	647	633
105245406	0	0	0	0	0	0
14709	0	0	0	1	0	1
57321	291	284	293	309	288	330
73182	7	3	6	3	4	5
67281	5502	5193	5525	5042	4845	4855
213438	494	382	422	490	445	484
269023	309	323	308	399	350	397
234358	179	181	146	158	142	159
54637	396	480	385	397	372	353
100504689	0	1	0	0	0	0
211347	2239	1916	1880	2051	2102	2197
270685	371	615	474	508	531	466
328108	653	574	560	474	559	595
17974	480	582	551	574	594	481
235339	906	990	874	962	974	1013
68095	2823	2884	2816	2746	2947	2619
234199	0	0	0	0	0	0
504186	0	0	0	0	0	0
73293	1	1	2	2	0	1
18949	1630	1804	1699	1299	1344	1403
223666	534	507	584	581	525	515
56542	198	222	248	256	248	232
12931	0	0	0	0	0	1
223773	737	812	786	721	703	732
77286	103	123	103	95	133	111
211323	1	1	1	0	3	1
19262	6902	7276	7207	7438	7215	7108
56736	1186	1173	1185	1164	998	1159
105785	0	4	5	4	0	5
18573	0	0	0	0	0	0
71722	4510	4820	5391	5593	5091	5084
21975	462	489	464	457	419	408
227695	397	529	458	457	419	416
70387	806	759	713	659	697	720
66813	6	1	1	1	5	2
14367	134	197	174	177	172	158
238455	0	1	0	0	0	0
100952	1826	2140	2310	1796	1736	1535
78703	31	13	20	8	21	20
100041621	71	93	70	74	53	60
23885	356	426	360	308	322	346
67874	1	0	0	0	0	0
52398	950	1250	1037	804	851	845
18393	518	578	499	421	476	493
381835	0	1	0	0	0	0
546752	5	3	6	2	4	1
74414	951	969	979	891	855	797
56176	233	211	209	193	244	216
241576	321	260	251	289	268	340
75062	959	1168	1011	913	808	894
114874	353	263	348	313	365	347
73102	5	12	13	15	11	19
68295	641	594	624	654	589	597
78754	3	0	0	1	1	1
118568702	5	6	9	8	7	9
72415	309	408	323	197	214	195
109054	238	297	215	172	259	214
26939	468	570	527	524	578	482
69955	304	271	291	330	327	308
20624	1451	1990	1768	1626	1644	1491
68514	1398	1384	1331	1223	1332	1220
20747	3092	3023	3038	2550	2860	2765
56320	8	17	14	7	7	9
69702	222	231	205	219	253	240
98366	933	974	982	903	873	896
231103	0	0	0	0	0	0
12051	370	273	416	317	302	325
67224	194	204	232	262	210	215
11610	1451	1451	1469	1346	1377	1371
381820	770	603	622	587	632	572
14773	388	429	390	300	324	308
18105	1266	1341	1210	1069	1203	1121
76117	803	759	671	507	498	569
16985	6326	7126	6269	4738	4552	4255
12047	93	91	85	94	92	86
21648	906	989	1048	785	787	835
18472	3697	3609	3230	3215	3496	3485
74653	403	439	388	462	475	436
26464	10	3	7	7	6	9
268595	0	0	0	0	0	0
140483	482	443	391	352	392	403
110880	0	1	0	1	0	0
17319	2024	3378	3151	3370	3221	2727
74637	97	93	130	117	113	108
76265	179	204	264	236	211	202
56044	1228	1226	1157	1014	1097	1093
66682	370	398	442	339	328	355
18158	0	0	0	0	0	0
108098	330	419	377	329	379	277
231699	0	0	0	0	0	0
240667	17	12	16	14	10	16
100504112	0	0	1	0	0	0
80796	0	0	0	0	0	0
19684	2228	2543	2206	1942	2061	2031
234086	177	174	162	177	154	170
666504	0	0	1	0	0	0
68395	15	8	8	12	7	14
109232	213	310	223	218	257	261
72039	304	326	370	391	377	368
72750	1275	1196	1110	967	1107	988
19224	145	202	204	125	126	136
242662	26	28	27	32	34	26
20084	11272	11141	11179	11196	11015	10884
17134	2486	2692	2746	2854	2666	2731
68133	703	976	832	772	914	887
75178	1	0	1	0	0	0
223989	1629	1483	1482	1275	1289	1311
232333	0	0	0	0	0	0
216848	2449	2140	2286	2535	2405	2538
115486880	0	0	0	1	0	0
23986	725	776	750	685	663	660
72098	724	653	619	572	662	681
12831	16	7	8	21	8	18
53413	770	870	905	860	806	850
69191	0	0	0	0	0	0
54217	2208	2098	2396	2373	2232	2068
17196	1655	1731	1756	1648	1615	1556
11857	8006	9583	9136	7979	7927	7787
102633783	0	0	0	0	0	0
240396	824	688	722	696	711	749
71130	25	22	21	12	16	24
14700	859	780	717	693	687	705
69590	2	0	1	1	0	1
72027	106	70	112	109	95	122
14067	17	13	16	6	7	6
110355	5136	5399	5820	5331	5077	5155
68981	446	687	567	482	565	485
17248	1761	1627	1551	1445	1546	1641
79555	17595	16981	16797	15265	15144	16223
65103	332	397	320	292	307	249
76608	1094	1068	1206	1121	1086	995
66628	250	254	196	182	204	192
231070	3540	2393	2977	5039	4907	4667
234463	677	681	715	691	707	809
102634532	0	0	0	0	0	0
242083	31	18	24	18	20	27
20658	4728	4726	4754	4289	4470	4533
625328	10	5	9	11	14	10
66078	744	842	872	799	779	702
17966	2286	1908	2198	2124	2126	2176
20719	12554	11722	11946	12208	12833	12756
56486	7189	6640	6963	6736	6837	6838
23806	2417	2261	2094	2335	2401	2448
67610	637	605	606	619	700	645
11979	1	0	1	3	1	4
57436	2826	2201	2639	3144	3141	3174
668382	0	1	0	0	0	0
14810	3	1	0	3	5	2
67036	664	652	664	594	546	576
240514	199	236	227	229	199	178
272643	0	0	0	0	0	0
17079	6560	6449	6389	9771	9329	9952
216749	0	0	0	0	0	0
54608	1150	1313	1254	1130	1147	1129
73363	8	10	5	3	3	4
328949	0	0	0	0	1	1
50794	2559	2491	2670	2258	2268	2202
16601	396	357	335	411	461	428
56878	3765	3888	3573	3054	3293	3170
319930	68	54	51	31	37	41
66226	257	278	244	195	240	210
22033	219	207	218	210	200	226
68267	533	610	654	619	557	553
56758	10750	8635	8606	8443	8528	8869
229715	156	173	147	158	150	142
231503	2	1	0	0	0	0
13688	738	694	775	739	656	683
64058	0	0	0	0	0	2
66530	835	747	914	932	925	855
242259	0	0	0	0	0	0
14857	0	2	0	0	0	0
103466	384	370	396	577	566	599
83924	4124	4786	4507	6180	6409	5929
320139	2491	2824	2747	2351	2248	2301
242960	1056	1046	1045	966	1012	1001
67840	266	323	335	349	303	281
20201	419	73	209	125	48	114
12096	0	0	0	0	0	0
22329	21	5	16	13	17	16
16431	13	12	11	8	5	11
56517	109	85	82	74	100	88
24051	738	695	699	682	698	682
53417	0	0	0	0	1	1
330814	16	14	15	21	13	13
12974	4774	5281	5092	5158	5307	5177
217306	81	241	117	19	43	26
18783	652	1044	698	633	679	634
269181	849	899	871	675	807	711
57376	1636	1734	1549	1387	1437	1454
67420	2447	2297	1975	1629	1802	1817
215723	3	7	9	7	9	6
80985	1489	1479	1432	1552	1587	1631
73449	3	3	0	4	3	1
224109	5880	5917	6545	6945	6330	6451
16153	64	29	50	37	30	39
93882	0	0	0	0	0	0
15211	20955	17639	21077	23006	21640	22115
115488169	0	0	0	0	1	0
321022	2677	3101	2789	2667	2824	2833
94180	8	17	10	28	21	22
68453	0	0	1	0	0	1
319259	1	0	0	0	0	2
381633	25	23	44	21	26	21
11484	2	1	2	1	2	3
16468	778	686	854	757	679	730
11690	8018	8990	9696	7530	7273	6715
66938	9	11	10	13	10	17
170574	4	0	3	4	2	0
66673	0	0	0	0	0	0
83398	1	0	0	0	0	0
70231	1645	1991	1771	1787	1914	1778
13209	5115	4167	4173	3937	4173	4195
17901	0	0	1	0	0	0
74176	0	1	0	0	0	0
16351	205	207	190	196	154	165
212772	658	697	639	678	657	698
69748	837	818	939	883	854	777
22377	286	286	317	289	289	262
71169	317	375	375	350	401	336
18740	0	0	0	0	0	0
18515	1497	1267	1386	1415	1352	1333
67687	0	0	1	0	0	0
667772	3	1	1	3	0	5
16193	0	0	0	2	1	0
67666	4	2	5	10	4	4
18596	14	10	10	14	16	7
56079	0	0	0	0	0	0
19084	6845	6651	6670	5779	6021	5868
17349	10	28	6	3	8	6
64706	0	0	0	1	0	0
320634	819	907	904	791	836	942
19687	1355	1661	1438	1230	1242	1309
75646	303	442	367	432	539	496
68509	0	0	0	0	1	0
112405	1085	1269	1084	982	1122	1079
216019	0	1	0	0	2	0
12752	1523	1647	1738	1795	1712	1747
51875	352	371	380	361	351	306
76709	15425	19065	17905	14725	15620	14558
51786	1313	1497	1274	1158	1225	1257
16553	688	766	700	651	660	676
107993	0	0	0	0	0	0
320655	185	181	208	206	174	190
12663	428	345	317	239	249	225
107271	911	1282	1126	1366	1271	1338
75597	154	166	170	142	153	133
18100	394	506	511	461	401	446
20620	2349	1960	2204	4196	4420	4250
26405	1100	880	873	764	890	835
109979	1	1	0	1	1	1
109729085	25	0	4	10	5	5
68041	2911	3072	3225	5580	5366	4941
15108	715	822	860	944	917	937
241794	0	0	0	0	0	0
118567987	0	1	0	0	0	0
271981	392	378	382	338	379	349
69456	981	1052	946	938	913	876
547176	14	5	8	7	8	6
240442	460	471	463	443	435	450
22320	2492	2401	2587	2382	2233	2394
14816	0	0	0	0	0	0
242253	6	1	3	3	3	0
234023	618	788	730	557	578	580
224585	410	338	282	239	284	263
73442	2	0	2	3	2	1
20226	2746	3516	3155	3342	3686	3291
56195	291	270	251	223	247	250
72832	0	0	0	0	0	0
27207	7137	6876	8036	7994	7525	7370
381785	27	14	15	10	11	14
53375	443	579	509	489	482	517
66054	9103	8925	9215	9290	9221	8992
219103	277	330	268	201	215	225
54375	4419	5348	4328	4806	5502	5344
105638	302	326	310	301	289	320
232408	7	1	12	4	6	6
18391	1015	1204	1129	1274	1221	1199
268739	229	282	252	184	147	135
228662	192	183	168	196	196	182
11820	13242	15303	15539	13357	13201	12794
225724	1	0	0	0	0	0
66124	251	256	309	280	276	254
217203	7920	7210	8083	7998	7558	7741
70394	153	155	130	116	134	159
76582	518	613	557	446	534	484
15465	12	15	14	17	12	6
232784	310	272	292	257	213	258
14467	1145	1066	1105	1094	1082	1150
24109	2660	2547	2768	2553	2574	2658
229011	88	84	92	108	97	84
242443	2	0	0	0	0	0
29812	1069	1134	1160	1176	1165	1148
108907	1487	1749	1314	980	976	906
74144	1	0	0	0	0	0
18588	0	0	1	3	2	0
14479	1615	1869	1645	1430	1455	1483
12794	1	0	0	2	0	2
252830	0	0	0	0	0	0
20778	3609	3266	4045	4926	4369	4193
69288	529	407	517	408	397	424
20459	0	0	1	0	0	0
67884	237	227	236	235	218	194
29815	636	581	660	847	701	747
66282	132	151	102	115	136	150
329244	0	0	0	0	0	0
108911	2931	3593	3213	3144	3065	3036
71986	507	479	554	488	448	483
212167	768	648	680	718	662	710
319157	0	0	0	0	0	0
115489972	0	0	0	1	1	2
14870	812	683	765	614	512	477
67680	2054	2266	2260	2241	2228	2142
624855	0	0	0	0	0	0
71166	0	2	0	2	1	0
170823	221	264	201	145	184	176
72462	256	393	331	282	298	328
66610	764	720	960	1488	1516	1560
64292	54	66	61	55	54	43
67495	1167	1061	1029	1028	1034	995
11549	450	449	425	905	854	824
270210	35	26	30	34	39	33
55947	313	401	340	313	342	324
71648	271	276	277	282	330	321
211914	118	166	124	124	121	139
14349	33	43	31	28	27	30
83922	156	238	192	165	170	143
17988	1961	1855	2013	2482	2322	2342
107503	614	615	626	888	883	920
83396	27	17	31	19	19	22
72692	1312	1524	1461	1190	1223	1255
73225	258	260	207	218	240	230
381538	0	0	0	0	0	1
66079	42	56	35	44	30	37
50773	315	455	435	403	360	317
791303	0	0	0	0	0	0
54215	0	0	0	0	0	0
235415	0	0	0	0	0	0
320632	2633	3016	3084	2806	2686	2629
16429	0	0	0	0	0	0
320407	1	2	0	0	0	1
20402	3328	3350	3319	2962	3128	3041
329659	104	85	79	89	92	99
16434	531	607	561	505	512	515
223254	3	7	8	11	6	11
71999	904	1056	907	872	867	879
277328	0	0	0	0	0	0
50793	718	714	671	638	664	620
63857	1	1	0	0	0	0
77041	441	419	368	381	372	401
106757	0	0	0	0	0	1
15950	1964	1476	1677	1208	1220	1200
108096	0	0	0	0	0	0
11443	6	2	2	9	3	4
235527	331	319	355	344	360	375
104479	782	704	690	637	687	643
231506	485	642	454	356	399	420
20378	0	0	0	0	0	0
216443	1010	1430	1264	1454	1627	1413
73132	436	397	418	413	447	426
73061	40	35	27	42	32	29
17342	1920	1537	1730	1532	1524	1540
107522	16	17	8	15	15	13
66648	418	592	529	425	500	374
69089	1238	1249	1414	1247	1244	1229
70807	311	217	294	304	264	311
66875	278	251	186	196	213	218
11975	6441	5344	6893	9384	8734	9380
13628	70	147	102	82	79	82
625662	0	0	0	0	0	0
66246	662	702	683	702	703	610
234729	1226	1402	1449	1515	1430	1467
320790	260	265	230	227	218	205
269152	3	4	3	1	4	5
71653	2168	2122	2093	1894	1863	1898
58203	472	323	438	324	273	302
19346	1882	1895	1769	1692	1932	1895
99349	133	156	175	141	139	136
277345	0	0	0	0	0	0
66695	0	0	0	0	0	0
14853	106	96	114	96	89	86
13110	172	141	116	170	170	205
19156	222121	179461	227443	287057	265858	278044
102640165	56	53	33	24	36	35
71675	603	618	523	469	506	510
110094	1932	1947	2066	2029	1971	1967
66194	288	365	335	340	336	292
57349	134	78	102	64	34	44
72515	721	879	677	693	783	762
12021	183	296	202	150	159	147
21983	1	0	1	3	0	0
67923	1233	1401	1186	951	1159	1098
26754	1251	1503	1245	1239	1302	1276
231327	376	459	384	371	356	379
74127	213	213	203	118	111	83
27393	763	824	712	693	739	714
229277	0	0	0	0	0	1
70123	377	302	382	325	340	286
71340	381	409	395	323	373	347
100040531	759	932	961	687	694	631
209027	23	32	21	41	48	42
67710	822	857	890	936	896	952
13684	1924	2539	2170	1957	2225	2113
20947	2583	2211	2466	2170	2166	2182
56330	555	603	590	477	560	566
238384	0	0	0	0	0	0
70233	1509	1441	1365	1362	1351	1297
14859	113	170	147	74	109	59
229007	199	247	255	244	223	241
269180	855	769	881	647	598	633
101055983	0	0	0	0	0	0
22325	656	615	590	743	694	737
75507	0	0	0	0	1	0
74533	691	636	667	742	675	716
217143	0	0	1	0	1	0
16427	0	0	0	0	0	0
54610	488	353	415	425	397	416
78473	0	0	0	0	0	0
545527	0	0	0	0	0	2
230075	584	764	673	658	611	609
78052	0	0	0	0	0	0
17913	4631	5355	4898	4790	4772	4659
214804	3	6	8	6	6	7
12258	2	1	3	6	2	5
208440	255	264	222	337	328	323
67845	1862	1890	1780	1582	1745	1680
380967	863	842	877	939	959	911
94281	29	24	24	28	25	25
230721	932	1142	1092	1061	1077	996
243339	0	0	0	0	0	0
620480	0	0	0	0	0	0
14422	29	25	23	31	19	18
217866	1712	2116	1931	1977	1957	1815
57437	2356	2310	2309	2231	2263	2181
71720	859	950	1051	774	746	794
26908	0	0	0	0	0	0
74648	776	729	710	706	712	696
18173	7542	6626	8345	8666	7928	8209
59007	482	418	441	364	376	422
19415	22	22	34	33	29	45
17292	0	0	0	0	0	0
20821	622	569	604	540	471	496
56541	356	375	354	365	411	386
319169	1	2	2	1	0	0
100678	181	269	189	216	322	240
12954	0	0	0	0	0	0
20897	0	0	0	0	1	0
107375	1632	1543	1670	1673	1573	1732
56741	1	0	1	1	1	0
14608	0	0	0	0	0	0
57340	0	0	0	0	0	0
23991	569	620	688	621	600	559
80838	1	0	0	0	0	0
233870	1283	1402	1430	1418	1300	1388
73121	0	0	0	0	0	0
12125	1702	1470	1695	1514	1398	1562
16580	192	244	206	174	161	161
18639	30	67	49	38	48	41
57740	4	17	6	9	5	7
72315	0	1	1	0	2	1
60594	0	2	0	0	0	0
229791	0	0	0	0	0	0
14255	14	5	14	8	10	12
236794	783	787	788	735	780	831
14675	2	0	0	0	1	0
109801	946	928	846	827	876	829
70737	2	0	3	6	2	5
13353	240	261	296	304	276	321
226151	1117	1001	972	930	925	977
72807	239	224	225	179	196	192
24055	3135	3208	3393	3289	2958	3062
17057	4	1	3	1	3	2
108812	0	0	0	0	0	0
52118	395	474	406	420	447	421
77521	37	35	40	27	36	34
19155	1827	1706	1752	1640	1612	1758
74762	52	56	48	40	33	48
83766	0	0	0	0	0	0
107371	952	996	965	795	882	842
70466	1099	1478	1109	755	797	742
230098	341	431	338	266	231	237
52609	182	137	214	176	190	201
52592	309	395	344	293	318	301
319482	0	1	0	0	0	0
105372	554	573	518	536	568	547
18632	488	524	510	484	520	516
100039596	1	1	1	1	3	1
14430	308	353	362	299	319	311
106618	248	341	295	287	290	228
57355	0	0	0	0	0	1
12406	28	10	10	26	15	18
83485	258	247	265	255	260	228
52020	0	0	1	0	0	1
56455	1648	1946	1730	1472	1587	1501
83602	1185	1090	982	999	1093	1120
268780	7	10	6	4	9	6
54128	814	920	888	776	767	800
192192	817	914	981	869	820	795
26388	0	0	0	0	0	0
667250	102	84	55	77	61	86
71567	311	370	338	323	289	264
264134	34	49	31	24	43	31
52686	272	295	264	253	307	297
56787	1	1	0	2	0	0
50723	571	706	630	344	369	334
106042	2	3	1	1	3	0
13401	253	419	351	487	581	425
216867	0	0	0	0	0	0
14811	0	0	0	0	0	0
15466	54	43	43	45	30	43
171211	13	21	15	10	15	9
228607	1266	1281	1380	1494	1380	1461
56506	201	123	192	185	152	144
72421	119	119	124	103	121	132
70118	194	232	220	211	184	185
56807	1579	1505	1541	1563	1539	1600
17713	828	989	886	899	880	838
50933	259	375	270	207	284	231
14534	810	959	952	855	813	871
80708	25	18	34	23	34	31
66251	673	703	716	674	659	630
52389	0	0	0	0	0	0
546160	0	0	0	0	0	0
68240	186	246	199	151	179	156
64082	0	1	0	2	1	2
106248	127	173	180	147	147	169
19245	292	322	372	321	279	250
14103	0	0	0	0	0	0
70683	558	681	555	547	619	594
546336	77	52	46	51	50	57
13804	27	32	42	42	28	37
210148	266	378	334	305	323	335
209773	304	261	328	247	225	204
231874	1138	1141	1112	981	1090	1104
14916	0	0	0	0	1	0
22200	1342	1376	1113	1084	1120	1158
71643	162	248	138	124	137	139
407821	96	137	83	84	96	105
66052	2616	2704	2720	2823	2809	2655
333605	0	0	0	0	1	0
20613	0	0	0	0	0	0
105833	1	2	0	0	1	0
245886	662	711	696	678	625	617
109910	2894	2910	2597	2523	2730	2579
69754	450	427	430	414	426	393
83675	1	0	1	3	1	2
16898	21720	24586	26992	22536	22594	20420
69547	0	2	1	0	1	0
19335	122	156	127	127	150	120
72277	0	0	0	0	1	0
85305	1592	1822	1730	1668	1720	1562
244183	21	12	7	5	3	13
27220	0	0	0	0	0	0
21981	495	554	552	554	528	521
84036	20	23	30	18	21	21
68404	2	1	1	0	1	0
67252	0	0	0	0	0	0
75483	0	0	0	0	0	0
230027	204	207	184	245	219	227
620499	0	0	0	0	0	0
69865	0	0	0	0	0	0
22209	1190	1239	1102	1053	1179	1052
244667	217	208	212	179	158	186
65256	3	4	3	5	2	4
74154	237	179	199	212	206	225
75064	0	0	0	0	0	0
66354	1789	1592	1721	1551	1629	1592
18811	4	8	3	1	0	0
100037283	1931	2051	2178	1926	1941	1973
71751	4	3	3	7	3	4
15168	5	3	6	7	2	5
68743	1474	2201	1689	1073	1127	1060
243833	101	91	85	89	79	106
211577	0	0	0	0	0	0
233905	709	745	803	787	751	725
102640594	0	0	0	0	0	0
109006	301	352	350	348	345	333
75732	10	3	5	3	3	4
258381	0	0	0	0	0	0
237221	50	77	54	51	54	37
66766	0	0	0	0	0	0
237636	1	2	0	1	2	1
381337	0	1	0	0	1	0
72290	277	308	320	281	247	252
74071	0	0	0	0	0	0
22379	1095	1542	1405	1322	1172	1158
211228	1847	1652	2026	2510	2471	2355
52563	670	813	755	720	641	690
382406	520	589	496	479	541	480
13482	14	4	5	12	7	5
71713	690	652	671	611	603	601
108958	200	200	191	220	169	210
26360	3057	4897	3851	3656	3807	3255
109115	176	191	176	185	178	185
68033	250	261	260	277	244	258
76784	604	572	616	482	585	520
15894	1729	1358	1635	1438	1360	1425
544922	17	10	11	16	23	11
69234	106	109	100	116	95	101
12654	10	1	8	2	1	3
75458	358	460	446	434	498	440
93708	0	13	2	2	2	3
14276	4691	3904	4848	4872	4351	4479
55942	394	361	416	362	362	383
21947	0	0	0	0	0	0
23937	0	0	0	0	0	0
20930	663	603	651	702	663	671
72568	326	383	344	265	331	315
234814	305	320	361	361	350	354
214579	46	39	54	34	36	45
11947	11448	14069	13177	13139	13172	12678
110417	293	305	275	278	301	278
70572	2891	3697	3350	3840	3941	3785
26457	3366	3999	4360	4202	3729	3581
667962	0	0	0	0	0	0
225028	1742	1986	1689	1882	1988	1847
17346	1609	1447	1649	1567	1514	1545
74137	427	462	462	424	432	388
239833	149	208	197	138	113	120
68925	476	540	549	482	443	468
270152	29	12	21	19	14	24
22629	8844	9149	9739	10240	10011	10092
234733	618	653	643	570	608	632
17138	0	0	0	0	0	0
100041151	0	0	0	0	1	1
225164	1977	1853	1751	1578	1796	1768
338359	210	262	275	250	255	286
68059	3954	3898	3594	3490	3655	3646
105246572	21	37	20	22	17	17
12043	348	507	364	409	424	447
80906	1	0	0	0	2	1
433632	0	0	3	2	1	2
66795	159	180	171	166	158	162
80287	1332	1149	1385	1291	1201	1195
20418	0	0	0	0	0	0
218989	682	731	703	727	693	686
68501	806	801	785	713	724	677
72935	942	1096	1111	967	921	950
115486489	0	0	0	0	0	0
383592	0	0	0	0	0	0
76775	665	778	697	700	720	629
26563	0	0	0	0	0	0
67808	1455	1173	1443	1448	1409	1315
52065	927	821	1008	1038	957	967
52874	782	868	883	814	818	817
67287	306	273	299	273	267	290
16363	1297	1138	1231	1191	1089	1204
67099	347	319	339	330	337	327
93681	284	279	249	226	256	263
235631	0	3	3	1	5	3
18242	2514	2772	2555	2535	2532	2495
73836	1168	1255	1336	1274	1210	1133
14128	1	0	0	1	0	0
381308	1869	1612	1649	1312	1369	1385
18979	0	0	0	0	0	0
270097	0	1	0	0	0	0
59033	9	14	9	9	10	14
67790	0	0	0	0	0	0
17089	239	312	294	254	283	275
216516	64	93	102	102	112	86
67211	793	773	763	721	704	691
70362	0	0	1	0	1	1
81630	794	867	928	789	856	814
208098	0	0	0	0	0	0
55990	0	0	0	0	0	0
100043721	0	0	0	0	0	0
52710	345	403	388	452	392	407
381213	1	0	0	0	0	0
77097	742	673	633	725	825	835
78772	0	0	0	0	1	0
100554	0	0	0	0	0	0
74732	214	264	217	181	203	185
118567464	0	0	0	0	0	0
382427	0	0	1	0	0	1
12516	5	0	5	11	3	10
432582	5	7	7	9	9	5
21933	38	71	41	42	42	46
69137	0	0	0	0	0	0
105504	1416	1332	1202	1078	1132	1100
26949	10853	11178	11974	18468	18191	17380
59057	682	497	547	541	563	584
69270	260	371	300	229	232	219
79565	170	111	141	156	155	147
242894	15	26	19	23	32	17
332110	0	0	0	0	0	0
58996	496	511	589	510	503	410
99650	872	892	898	872	885	909
68839	842	856	844	722	795	742
14182	237	312	293	117	144	112
108167848	129	108	114	99	81	100
18536	1001	981	924	679	686	724
239546	25	35	26	41	34	27
74117	16867	15678	15388	14729	15281	15960
74469	1	0	0	0	0	0
108011	479	460	436	439	433	460
77065	521	647	620	564	545	518
66818	1672	1630	1656	1644	1671	1499
72053	915	846	885	875	821	855
71592	721	842	771	807	880	890
622404	180	241	249	223	279	237
20965	0	1	0	0	1	0
98403	362	372	335	327	385	340
227733	0	0	0	0	0	1
399566	233	232	276	245	212	231
67027	555	572	532	483	507	476
12803	13	10	5	8	5	13
223664	288	368	389	404	368	346
59038	468	416	441	429	433	407
83434	0	0	0	0	0	0
69596	393	340	409	634	593	584
232970	122	113	137	116	102	103
67200	185	257	183	123	149	139
84544	0	0	0	0	0	0
217218	1396	1458	1473	1510	1480	1430
214663	7	13	7	3	10	6
80290	1043	831	1013	1279	1194	1232
214498	730	725	629	577	617	604
228960	1575	1372	1434	1509	1440	1568
50876	1	0	1	0	0	0
12925	2994	2589	2380	2572	2401	2370
27405	389	269	326	274	266	291
19052	4207	4535	4107	4326	4527	4417
12297	27	28	21	20	18	19
75568	7	6	5	1	2	1
14313	0	0	1	0	1	1
118568468	1	0	1	0	3	1
381022	1298	1306	1476	1252	1236	1096
14573	0	0	0	0	0	0
246190	0	0	0	0	1	0
56323	246	212	238	265	244	244
213053	525	726	622	537	505	503
26965	1593	1995	1683	1631	1747	1759
17274	2364	2639	2834	2375	2529	2405
101197	117	97	128	91	106	130
118568308	11	2	26	23	5	20
19653	228	294	246	235	223	204
83379	0	0	0	0	0	0
102607	606	664	632	697	676	682
320051	1	0	0	0	0	0
217328	0	1	1	2	3	0
52838	410	345	462	495	423	447
50880	544	670	614	641	615	638
21379	490	597	602	588	594	541
14056	848	1046	911	629	663	634
67062	13	16	13	16	16	13
75723	26	65	24	13	20	19
69876	140	141	175	162	141	135
75767	274	256	319	288	281	243
230661	212	205	211	176	161	191
72154	345	252	269	228	225	259
192173	501	462	635	607	546	523
12555	0	0	0	0	0	0
212391	423	431	395	332	362	359
320472	6	18	10	11	5	5
100169864	105	235	186	159	121	109
242406	898	930	869	897	796	944
12323	17	15	12	2	17	6
66979	571	577	574	551	604	543
68526	408	242	330	339	337	365
17537	160	126	157	183	143	175
72580	353	322	355	283	285	348
20299	112	58	108	53	29	36
68420	3223	3492	3471	3079	3036	2997
28105	231	162	183	144	171	154
381406	320	382	325	325	340	294
244962	940	938	880	789	913	881
71207	1413	1489	1286	1125	1320	1187
68942	1426	1332	1308	1161	1341	1328
13043	94	78	79	71	78	81
22143	17945	27459	23181	19771	19069	17236
24014	2253	1906	2069	1756	1887	1808
668548	0	0	2	3	2	2
381058	1	0	0	0	0	1
211484	106	82	96	60	83	72
21916	51	24	46	54	59	57
67797	331	274	280	251	269	287
12567	2277	2753	2410	2416	2368	2199
68015	1096	1194	1231	1349	1308	1310
667103	1	0	0	0	1	0
74954	0	0	0	0	0	0
218343	410	464	457	449	460	468
66753	792	686	749	653	745	708
99899	195	96	127	82	76	118
22164	7	7	4	6	9	5
228778	0	0	0	0	0	0
67607	185	134	137	111	157	146
70099	2709	3428	2620	1588	1791	1593
72297	1076	1242	1249	1045	1031	968
320981	18	10	13	15	4	5
68904	605	583	575	525	610	592
18828	1	0	0	0	0	0
109032	1209	1163	1218	1049	1025	988
17523	265	51	198	37	27	33
20538	0	0	0	0	0	0
11932	3	5	0	2	5	3
217708	190	211	194	165	191	166
12537	1284	1319	1284	1185	1311	1302
21427	618	653	704	612	564	572
51791	513	629	646	540	467	461
66497	64	118	75	75	80	98
14225	3619	3954	3976	3551	3662	3479
68152	401	383	388	292	328	308
76933	7014	4478	5680	5252	4379	4789
78619	81	61	88	87	80	92
666048	1	0	0	0	0	0
68196	1494	1617	1600	1568	1688	1654
26448	29	25	38	35	33	42
67834	609	888	693	710	719	671
69024	412	386	409	410	384	371
12310	0	0	0	0	0	0
12577	81	78	78	114	106	85
27979	2952	3769	3500	3556	3615	3357
207740	1007	949	1168	1169	1041	942
20725	661	556	562	409	386	434
17191	2232	2494	2294	1935	2075	2102
12763	113	83	96	53	35	43
20520	263	273	283	273	263	286
170952	0	0	0	0	0	0
209032	107	169	135	92	99	93
67736	217	232	237	215	226	216
71838	159	149	170	141	180	152
16182	2	2	0	2	0	0
70083	268	350	339	304	297	239
100039532	1	0	0	0	0	0
207592	400	387	387	326	351	339
20527	372	362	345	318	320	293
75565	292	394	347	317	301	303
319899	185	184	250	196	190	196
67109	338	333	363	397	341	336
74287	1364	1415	1293	1294	1436	1328
19011	1	1	1	0	0	1
72431	0	0	0	0	0	0
11364	1403	1319	1357	1460	1444	1550
415115	162	138	129	268	192	208
69301	0	0	0	0	1	0
12235	858	1390	961	617	709	608
226123	77	76	91	88	71	81
12759	9	7	7	2	4	5
219022	751	754	776	706	686	653
103142	13	10	8	14	15	15
386753	0	0	0	0	0	0
18845	267	251	239	286	292	274
101985	681	648	744	797	774	719
242726	0	0	0	0	0	1
67150	1220	1434	1272	1055	1128	1112
229595	34	28	43	39	49	48
19024	467	386	502	498	498	497
110599584	0	0	0	0	0	0
16189	0	0	0	0	0	0
240064	226	182	182	188	181	215
66970	122	122	123	85	105	114
22695	2345	1688	2205	2917	2626	2776
20713	12	11	17	8	15	13
102640809	0	0	1	2	0	0
207818	467	425	480	486	482	470
106572	5508	5868	5864	4853	4817	4857
72107	62	105	78	68	73	79
320495	23	27	17	24	14	21
102636931	0	0	0	0	0	0
193452	2	3	4	3	0	4
103583	1730	1908	1883	1929	1957	1972
73332	0	0	0	0	2	0
70675	1799	1454	1434	1372	1285	1392
20912	1502	1194	1270	1074	1180	1167
319196	0	0	0	0	0	0
22690	207	211	220	203	225	259
67509	110	114	120	105	105	92
67513	259	226	320	319	299	266
11666	2168	2110	2366	2504	2147	2292
320365	197	383	276	150	182	174
101148	1859	1495	1523	1405	1464	1498
268288	0	0	0	1	0	0
66268	186	244	250	221	194	189
217837	622	568	620	543	545	556
77128	906	539	764	644	600	685
73713	2	5	4	0	3	2
71183	0	0	0	0	0	0
15277	940	1293	1075	935	988	926
319618	158	144	156	151	132	149
403395	0	0	0	0	0	0
56215	2742	2724	2759	2499	2413	2319
13498	803	991	1013	965	865	841
338467	1866	1766	1797	1682	1690	1735
67674	765	909	896	929	810	815
94219	312	302	319	314	274	296
269346	857	1008	915	822	871	840
100862203	108	110	91	62	56	79
105418	0	0	0	0	0	0
272396	242	302	266	261	283	230
226791	41	39	43	61	55	39
320506	710	690	609	589	652	642
545486	5	2	5	7	5	6
13003	63	53	49	27	18	22
20871	1	1	0	1	1	0
216725	5	0	4	9	4	3
18626	462	453	479	497	457	443
12933	0	0	0	0	0	0
52502	991	1113	1113	939	952	883
56417	2221	2154	2340	2154	1966	1927
104859	449	428	453	713	658	669
11576	54	69	66	80	82	73
65086	1	0	0	1	0	0
76464	745	977	664	469	440	428
217125	3	8	2	2	6	2
102639650	0	1	1	0	0	0
19374	0	0	0	0	0	0
69612	854	798	897	854	856	891
19039	12489	12965	14251	14026	13029	12815
193740	38	39	45	87	95	68
74182	821	861	735	611	852	704
215690	2692	3210	2883	2353	2454	2387
56410	1	1	0	0	0	0
73919	72	54	65	53	52	61
68836	290	311	319	269	278	252
101602	1071	1104	1179	998	915	882
433864	483	613	555	552	590	564
52864	472	559	556	470	424	477
215243	362	318	339	247	215	258
108167961	0	0	0	0	0	0
319530	4	2	1	0	0	0
14829	0	1	0	0	0	0
217558	717	731	661	428	435	423
107586	0	2	0	0	0	0
208777	5	2	2	4	1	3
18005	551	779	725	486	472	412
229687	0	0	0	0	0	0
210145	3	2	7	4	3	0
118568050	5	10	11	8	6	6
319710	579	557	558	415	441	426
22673	0	0	0	0	0	0
66365	395	370	329	345	368	316
14862	3900	3558	3847	4201	3997	4042
118567336	0	0	0	0	0	0
83921	345	394	370	334	332	316
319430	261	271	245	221	233	211
19769	1043	1038	1098	1054	1007	1008
100702	71	49	62	52	47	48
70891	7	5	6	2	0	2
75316	660	582	612	528	584	498
14000	411	571	493	440	455	472
17972	2546	2136	2568	2171	2137	2154
234854	292	303	315	319	332	307
27078	20	40	34	21	26	16
74159	1721	1515	1462	1322	1332	1439
27366	1140	1255	1344	1414	1353	1289
24074	208	181	177	145	181	177
23833	6613	4479	6193	6890	6643	6778
67855	1	0	0	0	1	0
239463	0	0	0	0	0	0
12550	6	14	15	10	5	4
71409	406	492	373	328	405	417
74464	0	1	0	0	0	0
22275	595	658	671	639	592	622
71947	756	880	884	905	808	689
381476	1	0	0	0	0	0
74616	335	363	404	337	301	306
140476	0	0	0	0	0	0
74409	0	0	0	0	0	0
71702	1422	1542	1514	1337	1251	1397
18389	2	1	0	0	1	1
11468	1	0	1	0	0	0
52897	0	0	0	0	0	0
330222	3	4	3	6	2	2
68119	2578	2151	2594	3045	2814	3011
624224	0	0	0	0	0	0
67088	34	33	39	33	29	29
110611	5091	5715	5774	5387	5700	5418
101700	129	124	107	125	127	88
13866	1	0	1	0	0	1
76863	937	1093	971	873	1029	881
26434	0	0	1	0	0	1
68842	1447	1895	1532	1333	1578	1462
436336	0	1	0	0	0	0
71817	4033	3702	4076	4169	4177	3974
74120	1343	975	1099	1081	1045	1233
68655	0	0	0	0	1	0
26397	1635	1901	1895	1614	1615	1533
51798	1148	1074	1257	1248	1233	1186
74199	0	0	0	0	0	0
78308	1344	1363	1507	1439	1446	1364
76205	1203	1142	1216	1171	1248	1105
192656	366	397	381	303	392	332
66701	145	153	178	153	162	164
80744	579	631	610	537	523	534
319178	0	0	0	1	0	0
270109	0	0	0	0	0	0
19739	13	32	11	16	22	16
68545	12	16	12	3	3	3
54613	48	42	51	74	48	80
234258	497	718	586	330	365	371
104015	2385	2120	2265	1912	2007	2072
19352	737	721	694	732	794	722
74052	45	39	47	18	30	18
72193	1955	2304	1990	1693	1790	1773
665563	54	60	67	97	68	74
140484	862	883	877	859	937	901
209540	0	3	0	2	1	2
110893	1	0	0	0	0	1
23980	1985	2118	2220	2407	2362	2282
16973	1182	1375	1443	1440	1380	1263
243813	71	54	69	75	54	55
382207	146	155	140	127	118	124
381319	42	28	40	39	32	45
11732	1515	1492	1513	1460	1321	1263
21957	8	17	15	16	23	11
102502	2	1	3	0	4	1
77053	862	1080	961	909	905	893
67225	298	213	242	204	191	213
78928	1562	1766	1835	1706	1513	1499
11991	2934	3619	2826	2301	2503	2538
546643	28	4	20	7	2	7
94064	547	640	630	450	529	494
14904	906	1042	1060	919	852	860
74440	2364	2502	2619	2268	2225	2103
259277	0	0	0	0	0	0
60455	1407	1417	1542	1266	1147	1095
101861	605	669	625	599	646	584
20005	10253	8809	9348	9204	9191	9011
545085	538	573	595	573	566	519
14151	1142	1113	1122	1139	1060	1187
26878	0	0	0	0	0	0
75610	1	0	0	0	0	0
14766	126	159	170	154	185	117
110082	0	0	1	0	0	0
244219	232	231	261	223	228	200
69723	271	281	263	193	227	247
93697	208	185	179	197	200	199
27387	584	737	830	698	600	604
338354	252	181	180	173	160	195
214704	0	0	0	0	0	0
100039953	0	0	0	0	0	0
234663	2128	2099	2036	1924	1946	2025
381062	604	485	598	532	543	571
57256	0	0	0	0	0	0
239845	2	0	0	0	1	0
68024	331	405	418	455	500	507
66413	1469	1628	1520	1408	1487	1425
74374	825	818	806	752	701	772
76889	414	397	453	443	391	390
14370	1	5	7	5	3	1
56040	7939	8072	8057	6907	7282	6946
11629	1500	1156	1441	1195	1265	1259
13877	1191	1509	1282	1205	1227	1102
76166	3	7	10	8	7	8
15567	5	1	1	4	2	4
70054	2	4	6	4	4	9
72350	0	2	0	0	0	0
19300	297	326	308	313	301	295
68966	419	463	410	405	409	423
73673	1	1	0	0	0	0
20340	5398	5652	5598	5730	5482	5539
14622	1	0	1	0	0	0
228980	482	539	624	451	479	455
445007	582	831	730	645	627	579
13728	1100	1231	1248	1125	1110	1028
74007	18	8	15	24	16	28
208968	221	257	238	201	209	224
57316	1002	943	871	749	808	813
360013	1573	1655	1684	1810	1725	1760
19197	0	0	0	0	0	0
18777	1276	1306	1141	1014	1066	1129
14594	3978	4200	3679	2788	3022	2945
109225	13845	9139	12295	9454	8619	9911
68721	266	239	254	265	238	250
218793	121	149	131	110	125	106
106894	508	646	589	695	662	644
69241	276	358	361	309	295	261
72508	780	716	655	613	646	638
59047	815	900	894	768	774	725
72823	10	13	15	17	12	12
170771	108	105	122	91	106	133
546024	0	0	0	0	0	0
67789	320	370	390	358	395	424
12835	18	7	17	25	12	10
226604	0	0	0	0	0	0
434203	0	0	0	0	0	0
53869	2657	2729	2600	2226	2424	2208
74338	22	34	35	31	35	31
23794	1	0	1	0	0	0
16480	338	218	347	299	295	311
18109	0	0	0	0	0	0
244091	14	10	12	6	12	10
233812	445	381	317	334	360	375
18053	0	0	0	1	0	2
16211	5260	6654	5617	4979	5265	5010
66046	1051	1099	1071	998	1067	1019
328783	0	1	0	0	1	0
110862	2	4	1	1	3	4
66964	860	1042	874	750	886	840
104886	0	1	1	0	0	1
20595	256	338	299	270	312	254
14489	8761	8719	7722	7213	8116	8050
22029	178	117	145	142	125	112
13427	3561	3794	3394	3089	3494	3378
19732	1943	1881	2072	2023	1906	1901
625591	0	0	2	1	0	1
207728	283	375	357	294	262	262
57080	365	409	396	347	344	314
22138	0	0	0	0	1	0
14659	41	53	36	55	59	50
268481	0	1	0	0	0	0
14260	784	707	685	1011	1021	1107
13086	0	0	0	0	0	0
18213	0	0	0	0	0	0
54648	59	62	58	35	49	41
70757	552	698	645	606	602	603
78906	8	3	3	0	2	2
22764	819	789	661	608	605	666
66377	425	460	483	324	425	311
57170	456	540	551	505	486	424
171284	0	0	0	0	0	0
13870	257	286	309	290	277	267
50868	1365	1601	1680	1482	1334	1263
107197	354	313	408	359	348	347
54524	0	1	1	1	0	0
102632739	0	0	0	0	0	0
67358	2	3	3	1	3	0
118568424	249	294	325	301	259	250
97031	258	271	298	289	272	264
16832	257	310	323	312	306	290
23963	0	0	0	0	0	0
118567439	87	107	131	88	126	91
72042	10149	13409	12587	12031	12166	10561
140904	0	0	0	0	0	0
66712	0	0	0	0	0	0
243168	0	0	1	0	0	0
107823	2233	2975	2369	2036	2071	1906
18947	0	0	0	0	0	0
109264	44	32	34	34	29	28
57275	10	13	10	11	12	14
67136	478	475	457	433	409	448
55925	71	66	70	65	51	53
20557	172	176	153	132	139	114
58239	167	137	176	173	138	130
64074	0	0	1	1	0	1
12455	1042	918	959	823	967	965
68067	58	75	73	68	57	53
433287	0	0	0	0	0	0
223827	1083	1268	1213	1003	932	981
15901	36	90	62	55	73	47
23897	1500	1818	1663	1897	2077	1901
50764	0	0	0	0	0	2
12894	2562	2748	2589	2579	2588	2569
56443	1200	1127	1279	1302	1158	1214
103784	232	251	222	220	244	204
118568281	4	0	4	0	0	1
16401	3485	3266	2932	2190	2358	2519
52615	1613	1681	1532	1258	1455	1401
66343	179	177	195	165	184	166
20892	636	743	833	811	677	649
66832	347	364	370	383	308	345
214359	718	545	695	966	850	896
71099	16	19	23	16	18	19
228005	1905	2048	1659	1237	1406	1339
66153	52	60	57	54	64	55
64385	0	1	0	0	0	0
13178	2566	2686	2487	2041	2172	2044
225791	913	882	900	819	916	920
21822	0	1	1	0	1	3
78937	772	672	626	658	684	675
78832	2970	3025	2942	2768	2860	2812
56462	2863	3316	3321	2987	2918	2726
67205	604	658	680	606	638	597
71779	1414	1554	1465	1404	1498	1449
66131	472	636	452	386	416	369
225825	7	1	5	0	1	2
69944	106	122	107	95	100	94
83490	11019	10233	11191	11177	10707	11126
13171	403	419	410	402	414	433
231464	2043	1628	1628	1399	1489	1582
21673	0	1	0	0	3	0
14281	2224	1388	2116	2485	2349	2674
56013	7	3	3	7	6	5
245857	1246	1207	1357	1351	1291	1324
272359	400	428	541	481	412	378
12182	725	761	697	558	563	605
14261	2	1	1	2	3	3
102193	1039	1030	1220	1080	1025	1044
67943	1413	1485	1455	1414	1430	1402
78912	432	487	513	443	384	399
66861	2098	2475	2238	1621	1787	1734
56036	1611	1452	1560	1493	1534	1597
15925	1943	2010	2018	1938	1982	2085
77110	1173	968	1040	1030	986	1042
70101	577	611	624	575	525	561
72668	1	0	1	0	0	1
20618	1	0	0	0	0	1
19260	994	1043	1053	1031	1072	1054
215193	314	294	290	308	310	340
545205	143	138	129	149	150	179
396184	0	0	0	0	0	0
108079	29	28	22	33	30	26
235320	52	49	56	47	29	36
216036	0	0	0	0	0	0
100198	1611	1912	1974	1860	1672	1665
19647	1435	1543	1465	1265	1210	1277
71313	8	7	7	2	10	13
14200	1	1	0	0	2	1
231863	291	310	342	325	308	301
70325	100	79	95	92	94	91
56371	879	1066	1054	886	793	771
216873	971	992	1058	975	884	878
223918	838	1095	1027	949	918	847
23954	29	33	34	31	27	46
17120	334	487	487	391	369	332
75605	343	299	392	350	378	342
97122	0	0	0	0	0	0
677156	3	0	5	2	0	1
269997	218	178	203	193	187	184
12748	476	523	541	543	506	529
75739	212	234	199	179	191	170
66634	168	222	157	146	137	122
241688	1	4	6	3	6	4
72927	0	0	0	0	0	1
233865	555	574	578	513	570	551
28200	455	505	471	449	399	415
381695	973	989	880	792	903	843
319582	0	0	0	0	0	0
22420	35	32	42	40	35	33
73699	684	836	721	704	656	702
171207	1717	1731	1883	1640	1616	1598
30923	1	0	0	0	0	0
21399	1777	1842	1605	1378	1698	1619
238328	81	123	95	64	59	54
239719	892	905	800	879	862	809
67003	2241	2153	2146	2244	2345	2253
54137	72	51	84	82	60	82
74103	0	0	0	0	0	0
57274	0	0	0	0	0	0
19359	2940	3623	3048	3149	3352	3257
13841	2	3	2	2	2	4
246317	1	1	2	2	1	0
70377	1	3	8	1	4	0
242702	0	0	0	0	0	0
232798	2395	2770	2816	2816	2645	2607
18430	0	0	0	0	0	2
67370	132	116	129	131	102	117
229302	0	0	0	0	0	0
71365	103	131	117	103	115	114
13494	1463	1581	1494	1314	1364	1376
330890	1	8	6	1	5	2
240518	91	72	77	83	77	75
76161	0	0	0	0	0	0
68877	1682	1599	1865	1748	1628	1582
246707	4181	6721	5426	3439	3619	3078
381113	6	7	3	1	4	9
241197	30	15	31	19	11	4
78796	263	326	293	304	310	270
11461	79546	97879	95362	86689	85706	78774
70821	1	4	0	1	3	2
21340	297	309	270	227	268	293
84092	2893	2879	2866	2891	2861	2935
18220	4985	4870	5589	5249	5124	4988
74202	1980	1763	2078	2355	2223	2193
66869	460	479	466	436	462	478
66277	0	0	0	0	0	1
213498	1171	1335	1259	1181	1159	1202
668257	0	0	0	0	0	0
11789	1181	1040	1059	986	986	1056
272411	1	5	6	2	7	4
226089	600	526	593	599	657	636
433022	80	65	59	76	59	75
23972	272	375	299	297	319	295
30931	696	747	751	731	775	654
73666	489	657	559	524	523	469
11863	1176	1183	1220	1113	1103	1163
50927	1052	1469	1156	817	971	910
67896	10	4	12	11	10	13
210757	0	0	0	1	0	0
277898	0	0	0	0	0	0
329324	2	2	0	2	2	4
17150	1	0	2	1	2	1
16826	0	0	1	1	0	1
70986	0	0	0	0	0	0
67149	227	347	305	343	263	301
225363	3042	3275	2900	2751	3139	2917
240328	70	46	58	66	45	57
67489	324	366	368	325	302	352
105886298	59	61	50	50	43	57
55988	1555	1688	1761	1651	1653	1627
210029	3308	4055	3808	3818	3701	3537
56353	774	771	666	679	737	681
16191	0	1	0	0	0	0
20409	4139	4818	4745	4471	4336	3978
14756	2	2	2	2	1	4
170718	2045	1959	2122	2055	2107	2090
20239	644	756	757	762	752	708
14761	0	0	1	0	0	0
77772	0	0	0	0	0	0
54563	326	533	466	376	332	322
69987	44	55	62	50	51	33
243197	167	151	198	160	149	146
27413	1	1	1	0	1	1
16520	0	0	0	0	0	0
66406	111	139	151	148	133	110
216119	84	78	78	62	60	63
68511	1	5	1	2	2	2
68350	401	420	485	455	419	426
69605	629	708	563	472	533	515
85030	0	0	1	1	1	0
67785	726	646	634	546	585	563
13423	1798	1717	1867	2203	2112	2070
224705	1107	1120	1109	1088	997	1024
216505	62	17	35	51	52	49
217664	1811	1824	1640	1649	1661	1637
269587	2989	2988	3041	2832	2897	2874
13601	2449	2459	3008	2239	1967	2031
21647	155	138	161	117	125	107
320024	6023	6181	5685	6585	7080	6619
227613	2914	4964	3905	3057	3209	2764
15485	4	2	2	3	4	1
50760	10	10	7	5	15	7
68936	285	273	257	216	221	216
71735	536	487	600	538	480	462
80334	2	4	3	3	1	2
233405	323	351	300	327	313	301
26412	817	987	904	816	820	750
381085	483	477	484	510	489	500
74838	1401	1617	1401	1212	1236	1225
26371	747	787	804	797	771	770
50701	57	13	46	4	4	2
67916	72	120	104	226	266	240
20431	12	10	9	11	8	8
66967	1310	1192	1105	1098	1213	1143
21856	755	808	832	672	774	741
14173	1	0	0	1	0	0
20592	0	0	0	0	0	0
68559	617	564	545	611	643	725
77117	55	84	50	36	42	31
21888	835	894	802	863	859	858
245050	0	0	1	0	0	1
72469	33	35	38	20	36	33
83945	788	885	846	901	993	927
230810	0	0	0	0	0	0
229615	567	632	569	462	476	468
52690	2588	2880	2714	2482	2619	2465
328370	464	489	453	540	475	454
74387	2	0	2	0	1	1
170752	69	86	83	42	65	64
408059	8	1	3	2	2	2
78653	132	169	138	166	172	150
107260	1248	1224	1422	1334	1219	1230
107515	9	11	13	8	11	13
234797	911	927	1022	1061	1029	1020
11303	4149	2231	3324	33042	33130	36097
233887	274	275	288	276	292	271
214489	332	343	384	349	340	351
76138	44	59	45	30	38	41
14296	43	33	39	57	47	48
57913	133	178	169	132	123	113
14114	0	0	0	1	0	0
18570	1444	1645	1446	1516	1463	1468
11984	17830	17566	20484	20416	19519	18612
20321	1092	1213	1150	1278	1418	1333
17938	6668	6191	6192	5755	5914	6054
72699	173	114	163	160	149	160
22129	507	426	456	487	491	451
18575	78	60	52	120	120	123
53867	3	3	3	6	1	7
20377	0	0	1	0	0	0
76383	1	3	1	0	2	0
243499	0	1	1	2	0	0
66921	1995	1919	1979	1632	1648	1699
233871	3536	3944	4030	3887	3665	3567
56369	318	356	342	299	311	312
76365	0	0	0	0	0	0
170711	0	0	0	0	0	0
71003	0	0	0	0	0	0
13845	5	10	5	3	7	3
20018	1906	1819	2089	1783	1766	1863
27401	358	415	366	336	333	318
381510	1002	899	726	727	816	776
13067	0	0	0	0	0	0
20677	63	54	61	53	38	50
110821	535	563	569	646	634	638
19895	344	405	379	441	398	366
71997	545	556	632	582	540	519
103080	348	450	382	288	361	323
212670	17	9	11	8	8	10
317677	6	7	7	3	6	5
12175	2973	2721	2756	2524	2654	2753
56362	0	0	0	0	0	0
75590	48	70	70	68	84	92
52552	657	461	541	744	791	900
56748	631	797	750	717	727	663
260408	0	0	0	0	0	0
50786	0	0	0	0	0	0
72388	0	0	0	0	0	0
58799	946	845	917	756	775	831
30795	598	685	499	549	580	558
320557	2	2	1	1	1	1
12462	2078	2594	2407	2282	2369	2296
208595	58	45	38	35	40	46
257936	0	1	0	0	0	0
22334	4822	5064	4758	4796	5046	5028
73149	1726	871	1259	1221	1474	1515
76487	0	0	0	0	0	0
12942	0	0	0	2	0	0
225887	720	821	876	867	779	744
72324	922	1044	1054	909	882	853
12511	1	0	1	0	3	0
268281	572	581	522	490	501	542
105247207	0	0	0	0	0	0
234740	79	83	75	71	59	76
75210	163	198	182	204	181	192
26889	3654	3404	3455	3611	3476	3612
12796	3	0	6	4	2	1
17775	6953	6480	6812	6519	6502	6689
21425	675	650	792	864	728	704
102902673	0	0	7	4	0	0
70699	1222	1690	1527	1362	1406	1272
78249	1	0	0	0	1	0
12816	13	2	11	23	9	13
231655	337	256	364	278	229	234
70497	2361	2258	2583	2366	2238	2385
107221	3	5	2	4	3	4
110877	35	28	39	67	65	91
20660	681	440	679	635	566	569
21968	1610	1843	1756	2081	2049	1934
103724	276	267	335	326	269	261
264064	495	541	512	510	535	466
107723	3161	2956	2935	2809	2916	3002
67070	2440	2386	2325	1988	2191	2162
170767	298	249	310	277	299	291
228355	1292	1286	1457	1268	1190	1176
12287	22	28	32	21	27	31
72961	0	5	6	2	1	1
18970	426	407	427	404	413	434
110959	336	324	328	325	374	407
104175	252	279	291	197	181	189
75002	0	0	0	0	0	0
17748	1656	1770	1637	3024	2687	2988
217166	125	150	163	134	121	118
68458	0	0	1	0	0	0
66588	3854	3610	3313	2917	3396	3101
216161	1713	1914	2065	1930	1677	1719
105445	21	39	32	23	29	35
70646	475	448	426	405	405	456
64009	1171	1433	1293	1399	1401	1391
19229	4869	5590	5500	4744	4670	4544
11761	31	30	37	32	51	34
66148	580	637	565	536	574	547
72238	1317	1379	1329	1471	1482	1458
67311	235	256	231	177	170	175
210135	444	443	446	393	391	420
21991	6990	10816	8955	9462	9436	8852
227648	1879	1880	1863	1871	1815	1786
11797	540	458	506	394	411	452
216011	560	577	582	620	608	550
243308	74	85	81	76	74	74
269643	0	0	0	0	0	0
14612	0	0	0	0	0	0
72284	456	448	427	427	449	466
11603	615	557	620	629	594	580
109904	0	0	0	0	0	0
67532	1103	942	771	641	773	738
19714	359	422	387	307	304	352
217431	261	311	308	267	288	271
381798	4	3	5	8	7	8
408193	0	0	0	0	0	0
68083	924	957	966	797	842	804
76905	4	1	2	1	0	0
16450	86	78	95	69	68	52
76113	0	0	0	0	0	0
70967	0	1	0	1	0	0
56200	1522	1981	1686	1682	1880	1730
68272	761	892	763	763	828	793
235130	0	0	0	1	0	1
66222	52	95	65	34	45	52
320429	1	0	0	0	0	1
217843	0	1	0	0	0	0
217653	692	828	641	392	388	377
236573	499	382	430	375	373	411
18024	5908	4997	5522	5300	5291	5437
102637366	6	5	8	11	7	0
71988	393	459	327	201	249	201
108043	0	1	0	0	0	0
66494	5187	6620	5829	4997	4971	4657
70478	246	304	286	236	277	255
57895	124	114	145	84	122	124
78283	0	0	0	0	0	0
56707	286	274	271	232	204	239
67102	56	48	64	32	37	46
69189	25	20	25	15	11	15
23844	0	0	0	0	0	0
66960	710	831	730	605	674	647
107686	555	637	623	580	565	527
383787	1	2	0	0	1	2
16649	1729	1948	1619	1487	1786	1610
77951	611	719	634	621	589	611
231474	64	80	63	59	66	62
235534	94	104	104	119	96	82
319822	129	163	149	128	124	136
70405	0	0	0	0	0	0
232370	9	3	10	5	4	2
80982	2	0	0	3	2	5
20182	930	808	914	793	824	829
107701	1221	1473	1492	1194	1414	1269
211660	269	332	286	234	266	247
215436	294	324	320	294	283	294
54140	0	0	0	0	0	0
78749	516	536	466	345	385	410
66948	566	534	530	530	490	458
224171	717	933	667	485	463	444
58193	362	409	391	312	337	361
16592	16105	13058	14769	28260	29341	28982
319160	5	6	10	3	7	3
140742	4662	3342	4405	3619	3325	3634
12490	88	176	113	55	67	60
65099	43	54	51	51	36	51
15183	955	1128	1040	925	941	957
269629	2	1	0	1	1	1
19167	2232	2718	2437	2311	2583	2385
231986	79	103	108	89	104	65
70430	531	501	546	482	520	502
115487437	0	1	0	0	0	0
52377	12	15	12	14	21	14
69994	184	208	69	129	275	99
94093	891	792	827	743	815	757
73233	301	277	213	179	177	209
66687	1492	1579	1424	1259	1392	1315
56089	3	1	4	1	3	0
52705	529	527	456	443	520	498
213573	414	365	427	373	327	335
18854	1462	1567	1584	1335	1263	1338
66296	397	395	381	339	390	378
68192	1602	1554	1526	1572	1542	1533
22628	5994	6861	6885	7083	6665	6768
50873	48	36	33	29	47	41
20811	2	0	1	0	0	0
73873	66	64	74	51	62	52
71990	1206	1313	1427	1568	1373	1265
379043	143	248	186	119	152	142
11656	1	0	1	0	0	0
105005	0	0	0	0	0	0
23888	1	1	1	1	0	2
14719	2738	3665	3321	3344	3237	2945
75420	340	397	356	360	386	305
27756	372	577	465	397	377	381
74016	351	517	426	357	365	326
12499	559	562	537	518	515	529
68214	17	9	20	9	11	15
381077	1	1	1	0	0	1
118568645	8	8	4	4	4	5
66461	523	647	586	603	578	514
110557	140	83	140	99	77	111
12053	1544	1646	1661	1712	1524	1507
208768	578	607	573	553	569	583
66810	755	766	785	711	717	756
207785	69	67	68	72	70	75
320438	200	255	228	163	229	198
16529	4	5	3	3	1	3
102641752	0	0	0	0	0	0
17131	90	116	123	115	101	94
72727	688	733	805	770	726	672
68832	943	936	940	872	883	919
22362	1	1	2	0	4	2
232236	281	331	276	258	294	296
13018	1470	1618	1494	1214	1274	1256
23876	13	13	11	20	19	26
67144	427	508	422	397	437	386
237073	320	278	257	185	248	216
66822	335	316	348	316	327	287
216853	189	215	194	166	167	184
12563	0	0	0	0	0	0
216543	401	423	378	344	357	353
333670	0	1	0	0	0	0
230125	1551	1585	1575	1478	1496	1549
56838	8	2	6	6	2	2
213081	264	255	261	269	239	230
108655	1186	1130	1104	891	829	792
242819	38	38	30	23	20	19
209225	3101	3002	3298	2959	2640	2827
100340	305	386	367	256	266	241
17876	722	972	801	608	697	672
211187	1	0	0	0	0	0
320923	33	31	46	26	36	30
68634	301	374	386	342	315	359
56488	333	418	411	375	337	350
258300	0	0	0	0	0	0
66845	753	815	740	670	693	636
29807	211	195	189	178	200	221
75530	21	31	24	10	25	20
20720	50	90	85	37	38	22
210582	426	431	415	557	413	493
19047	4378	4570	4497	4109	3799	3866
17281	546	560	546	474	503	564
17476	74850	62683	66803	80928	81518	86215
320299	110	108	88	101	99	91
78354	0	0	0	0	0	0
239217	6790	4564	5220	5768	6208	6669
67897	674	708	680	645	698	714
107303348	24	73	42	0	26	28
239081	2	1	7	4	5	2
68477	2199	1780	1910	1839	1953	1995
68735	721	673	594	538	608	611
73094	2	2	3	2	0	6
50782	71	116	95	124	113	126
60597	0	1	0	0	0	0
66306	1031	983	1025	1110	1013	1080
72267	1	0	1	1	0	1
118567918	136	131	130	120	90	93
73338	656	653	634	593	566	570
79221	387	486	388	259	273	301
66904	567	573	624	743	757	717
68097	2399	2459	2535	2340	2494	2530
75617	8293	7975	8131	7855	7653	7693
14287	129	167	158	173	150	121
22044	0	0	0	0	0	0
71919	266	273	251	222	259	261
20220	422	350	362	362	322	353
75388	0	0	0	0	0	0
225348	752	949	842	764	859	802
233899	24	15	28	15	29	28
12366	826	817	870	626	595	592
259097	0	0	0	0	1	0
18160	6	9	8	6	10	2
21351	7676	7768	8456	7747	8070	7776
26411	590	542	628	517	462	451
29859	2	2	4	1	0	1
407786	138	149	151	129	140	143
52850	1	0	0	2	4	3
68528	0	0	0	0	0	0
69903	1	9	5	14	6	5
68992	59	56	63	75	58	49
13731	1067	1485	1237	1064	1136	1008
102632554	0	0	3	1	0	0
108169063	9	9	6	4	4	11
629499	1	3	3	0	1	1
98660	0	0	0	0	0	0
63913	2114	2317	2118	2116	2264	2222
68002	191	214	207	168	189	196
73656	6578	4483	5226	3329	3222	3391
19298	1208	1215	1175	1302	1120	1210
13180	0	0	0	0	1	0
118568793	1	1	3	0	0	2
11958	904	1019	736	524	677	572
20744	102	142	110	122	114	107
65961	1363	1426	1455	1195	1284	1271
57750	380	500	412	394	381	448
67890	1271	1245	1212	1151	1230	1143
56792	2374	1509	1795	1798	1690	2011
104416	1197	1247	1284	1137	1171	1125
59090	1019	1196	1214	1503	1269	1235
73569	0	1	0	2	1	2
56055	1956	1957	2051	2011	1898	1847
22370	0	0	0	0	0	0
19384	4907	7082	5692	5347	5623	5207
94112	1895	2155	2461	2317	2120	2024
105244833	25	26	37	5	34	18
231130	461	456	443	470	438	473
118567386	0	0	0	0	0	0
11305	965	1131	1153	1133	1068	1076
217039	1438	1446	1417	1304	1481	1336
12828	0	0	0	0	1	0
114841036	96	65	106	83	77	87
11593	548	548	573	578	624	585
58184	1343	1583	1463	1292	1344	1311
237730	0	0	0	0	0	0
213391	10353	7037	9066	8860	8458	9535
71943	88	119	99	93	95	82
103236	1932	1990	2187	2263	2099	1988
19090	356	382	353	279	316	351
329877	3486	3288	3300	2797	2946	2948
217721	1	0	0	0	1	0
102339	750	744	859	810	729	762
623121	217	106	159	121	102	122
68053	172	163	160	148	161	175
20887	188	88	131	118	131	167
11429	3731	4432	4114	4272	4361	4026
12283	4396	4340	4286	4089	4157	4283
19326	2464	2599	2797	2712	2399	2453
76589	0	0	0	0	0	0
72672	513	501	419	288	320	321
20198	17025	19312	14469	10083	10149	9808
100041581	0	0	0	0	0	0
30054	25	13	21	11	27	18
52132	707	731	742	694	630	666
227674	300	302	328	297	305	326
239554	654	765	727	779	792	823
268882	566	535	501	455	477	471
71223	2	1	1	0	0	1
667277	0	0	1	0	0	0
381677	0	0	0	0	0	0
16625	0	0	0	0	1	0
77578	479	527	477	487	492	432
66488	360	427	439	512	469	508
55935	1146	1058	1115	1080	1032	1035
212427	147	196	179	133	139	125
329795	189	225	205	188	191	183
13032	7876	7580	7247	6545	6296	6726
69528	26	20	17	16	26	26
192190	0	0	1	0	2	0
17386	1967	2934	2061	1070	1408	1171
235312	0	1	0	0	0	0
26940	171	230	195	196	216	186
97130	1384	1469	1601	1845	1682	1512
226841	67	45	60	88	92	68
24070	1079	1103	1262	1257	1194	1162
54376	0	0	0	0	0	0
66480	10111	9984	11172	11021	10327	10580
67369	249	309	309	298	303	249
76454	340	327	396	394	313	351
545428	1	2	3	2	2	3
66958	1335	1546	1481	1399	1559	1449
14240	0	0	0	0	0	2
75422	120	112	115	110	123	120
115489748	1	0	0	1	0	1
73754	139	126	127	105	111	125
77090	230	215	244	248	202	198
110253	560	657	703	663	567	509
74670	313	236	221	168	220	232
14470	1639	1603	2076	2349	1998	1898
12780	19	12	17	12	15	9
20020	4067	4566	4285	4089	3898	3975
242646	13	21	19	14	19	13
55992	535	539	671	648	548	524
64085	0	0	0	0	0	0
76976	1	2	1	0	0	1
66622	773	908	912	801	826	807
108927	2	4	7	7	3	4
69923	395	391	402	418	407	365
27354	376	509	414	350	363	360
237930	0	0	0	0	0	0
235406	401	422	423	446	375	409
433700	1	1	2	1	0	1
100039763	0	0	0	0	0	0
16201	1171	1438	1300	1228	1180	1106
66629	2359	2419	2346	1944	2167	2174
24087	0	0	0	0	0	1
19696	940	780	838	681	793	805
78294	16902	14312	15334	14418	14080	15143
258938	0	0	0	0	0	0
14588	24	44	32	11	11	10
100041294	0	0	0	0	0	0
74450	1078	1071	993	909	1002	975
56045	5574	4445	5154	4561	4411	4770
378431	71	55	66	26	39	29
21341	200	203	274	247	243	206
52679	240	389	338	248	236	208
13643	8	5	4	4	1	4
11502	4820	5501	4867	4211	4416	4203
118568028	0	3	1	1	0	0
93966	0	0	0	0	1	0
100504285	0	0	0	0	0	0
240028	671	703	606	606	582	658
213121	1	3	3	0	2	0
231252	0	0	0	1	0	0
26365	529	610	597	401	489	397
432940	1013	1064	1042	1042	1038	1056
72125	1	2	0	2	1	0
17826	1430	1490	1748	1706	1600	1517
240753	1	0	2	1	0	0
209378	2	1	0	0	2	1
83409	1487	1436	1485	1341	1285	1350
225908	16	27	29	29	25	15
79362	1591	1881	1689	1733	1924	1646
66789	316	310	286	239	255	255
74320	1163	1171	1167	1134	1106	1115
16525	0	0	0	0	0	0
104001	36	12	22	33	29	27
24068	805	920	884	879	894	826
93896	0	0	0	0	0	0
11736	3328	3458	3439	2959	2888	2997
210711	1530	1687	1467	1398	1408	1416
217030	735	790	803	754	738	730
12034	1892	2378	2334	2409	2352	2231
114674	136	132	139	144	126	135
140629	187	225	202	216	214	205
259172	0	0	0	0	0	0
12227	985	606	880	892	822	1011
329727	362	439	419	289	298	272
235712	0	0	1	2	0	1
22284	3609	3428	3235	2985	3124	3151
18451	2203	2952	2412	2342	2618	2593
320661	1082	1128	1172	1087	1012	1109
118568632	9	9	5	15	9	2
18767	3	2	3	2	1	4
19210	1455	1627	1593	1608	1544	1568
329679	4655	4692	4654	4559	4746	4719
16185	1	1	0	2	0	3
27055	562	658	599	638	665	617
67379	253	261	279	256	224	229
210992	1084	1078	1125	1005	1090	1075
115488119	0	1	0	1	0	0
243874	0	0	0	0	0	0
54127	4004	3613	3787	3368	3721	3107
12836	14	14	7	10	16	18
69660	2443	2604	2623	2515	2290	2266
100534273	1	2	1	2	0	4
18642	491	570	559	551	560	511
68170	232	321	206	220	262	230
68117	348	306	330	291	307	289
14687	4	4	10	5	2	5
67615	1608	1586	1647	1494	1639	1494
101056017	0	0	0	0	0	0
56404	596	609	537	504	555	527
74600	183	213	169	150	165	143
242747	274	237	218	204	248	220
12959	18	8	10	4	11	14
108167412	1	2	1	1	1	0
77031	525	627	593	594	617	611
319734	7	8	13	7	5	4
106869	2373	2141	2063	1796	1876	1862
76687	2556	2800	2631	2392	2828	2557
16497	4	3	3	2	1	2
78303	4	0	2	1	2	1
21755	1	1	1	2	0	0
170725	2	2	1	0	0	1
69706	64	106	71	44	55	49
75763	374	396	373	314	345	382
74519	4	3	10	1	3	9
193813	2303	2546	2406	2345	2491	2448
17954	20	17	7	12	17	15
117592	80	106	94	117	116	106
619597	0	0	0	0	0	1
71027	0	0	0	0	0	0
108167700	16	20	13	13	5	8
70771	0	0	0	0	0	0
270624	15	15	16	11	10	11
230088	1032	1069	1223	1228	1311	1185
67628	5522	6980	6249	4952	5541	5090
207921	2	4	2	0	3	4
319480	0	1	1	3	3	2
272158	24	22	28	23	20	11
436008	0	0	0	0	1	0
76251	290	353	310	279	242	282
259104	5	3	1	4	1	1
245607	0	1	0	1	0	0
75311	5	7	14	6	5	3
20358	0	0	0	1	0	0
22213	1250	1240	1446	1423	1401	1386
227120	16	15	13	9	12	8
105513	892	924	927	962	989	973
68147	310	306	253	217	268	244
18132	75	129	104	72	74	76
20586	2517	2934	2808	2509	2560	2327
71772	2468	2488	2942	3327	2876	2911
108912	689	944	779	486	553	486
211623	0	0	0	0	0	0
432800	0	0	0	0	0	1
380702	0	0	0	0	0	0
53356	1180	1267	1307	1200	1212	1149
242594	1	0	1	1	0	1
227937	724	995	888	792	903	866
52206	957	1013	986	858	907	881
11689	533	794	673	255	230	198
54153	2879	2248	3077	3346	2952	3169
11541	88	115	123	79	68	79
237411	112	132	112	95	98	91
207393	1	1	0	0	1	0
214932	196	209	213	179	172	183
217026	559	592	596	561	451	512
66359	238	221	162	164	193	184
20304	66	43	66	53	22	43
16998	649	627	760	877	794	848
236366	4	1	2	1	3	3
14234	0	0	0	0	0	0
67013	370	424	372	374	402	373
101056240	0	4	1	5	1	3
56436	1256	1476	1531	1514	1389	1295
67196	189	271	253	174	202	166
272347	265	240	219	209	210	224
100271882	0	0	0	0	0	0
67851	244	239	217	233	247	230
12660	371	354	385	389	370	386
22063	0	0	0	0	0	1
223922	1291	1304	1305	1152	1180	1237
71833	3230	3440	3444	3221	3246	3260
107831	0	0	0	0	0	0
595136	540	711	642	706	656	614
26423	0	0	0	0	0	0
228545	1801	1981	2186	2112	1871	1793
53621	667	646	629	573	571	599
228994	949	1019	1000	970	918	922
243372	101	85	119	133	129	126
272465	0	1	0	0	0	0
208043	726	689	803	660	591	673
69770	83	93	64	73	93	76
20324	3	0	7	4	0	5
56843	0	0	0	0	0	0
52250	2	0	1	0	1	0
14682	2638	2353	2222	2157	2308	2280
233489	7588	6830	6625	5930	6773	6647
17220	1671	2591	2146	1733	1552	1583
66676	3261	3087	2741	2736	3003	2891
216987	1149	1179	1090	969	1075	1066
72135	0	0	0	0	0	0
68775	0	0	0	0	0	0
228714	850	1005	955	871	826	856
19981	7621	7114	7829	7621	8095	7127
235674	0	0	0	0	2	0
12332	17109	18285	18603	18490	17343	16925
66471	2938	3627	3009	2529	2734	2562
99138	1100	1155	1112	1052	1077	1076
239559	1	3	2	0	0	1
67220	3482	3665	4145	3917	3855	3503
171180	0	1	0	0	0	0
70873	75	62	52	52	56	58
67005	660	558	539	523	580	598
544696	242	236	189	192	192	181
229543	1017	1048	1108	1060	960	1004
74488	0	0	0	0	1	0
140887	235	272	221	205	210	188
66830	1981	2167	2196	2140	2014	2007
207209	0	1	1	2	0	1
66985	89	118	111	101	92	103
17112	2	1	1	1	1	4
100040048	8	24	15	9	11	8
71275	8	7	8	3	5	8
11636	178	160	177	105	92	116
104079	1	0	3	3	2	0
18301	15102	16278	16430	12894	13055	13078
226178	2009	2019	2193	2274	2188	2294
14063	0	0	0	0	0	0
208628	577	866	709	507	558	485
100041420	150	171	138	91	89	87
217351	626	597	608	569	584	577
434233	560	711	507	484	675	680
18550	2413	2698	2816	2614	2351	2221
75292	1226	1325	1181	1145	1085	1117
11694	0	0	0	0	0	0
67708	249	324	264	259	307	270
381546	0	0	0	0	0	0
66889	4291	4228	3970	3898	4430	4239
101320	1	0	0	0	0	0
19063	3053	2877	2827	2690	2702	2718
14086	41	16	29	23	10	10
56527	3	3	3	3	1	2
71764	768	912	920	885	820	802
110854	3863	4296	4291	3768	3583	3315
433926	527	693	571	475	529	501
192950	0	1	0	1	0	1
15382	7509	8637	7715	6195	6502	6253
11744	2434	2557	2581	2360	2330	2137
21887	1082	1067	1247	862	804	795
67902	393	458	369	462	461	428
74455	203	171	182	136	145	155
76899	367	358	344	354	325	372
71602	5943	5099	5583	7767	7522	7783
83454	7	10	5	8	9	11
13206	5	2	5	7	7	7
259302	187	274	222	192	233	182
22042	2342	3102	2340	2082	2467	2488
18295	1	0	0	0	0	0
101055670	3	0	3	2	4	0
23890	690	263	509	183	156	235
22422	0	0	1	0	0	0
21416	197	238	215	179	194	198
218335	2647	2870	2824	3084	2955	3073
20148	5118	4472	5313	6363	5788	6025
103806	689	715	772	649	621	618
101095	476	447	470	490	427	420
18755	1673	1724	1712	2125	2021	2033
13885	7483	8303	8319	8515	8648	8283
19691	472	563	513	461	484	471
99045	287	352	307	398	391	352
13370	0	0	0	0	0	0
140795	325	251	279	222	207	216
75051	25	13	11	9	22	13
76917	21	12	14	11	17	16
19275	33	49	72	42	40	41
19921	10961	10668	11005	11323	10946	10368
209707	558	499	451	336	395	377
12715	1	1	0	1	1	1
67528	153	173	184	149	163	156
72701	82	125	92	98	114	115
69719	448	700	593	568	580	544
78586	391	393	342	295	301	297
270627	1219	1229	1158	1182	1244	1237
67440	566	659	595	464	547	494
223754	2027	1935	2103	1972	1920	1930
21372	1701	1748	1604	1625	1653	1703
100862066	1	1	0	0	1	0
225608	0	1	1	0	0	0
214158	0	1	0	0	0	0
209966	7	6	4	8	6	9
66440	551	509	526	473	520	541
18015	736	779	788	667	662	727
13486	1677	1379	1259	1167	1245	1287
218210	1341	1603	1456	1271	1393	1274
56459	2001	2659	2205	1933	1892	1891
406218	0	0	0	0	0	0
74246	257	277	327	397	369	305
67760	2539	2963	2554	2900	2901	2885
75625	18	22	20	13	20	13
242800	0	1	0	1	0	0
208177	2	1	0	1	0	0
51897	1083	947	1115	990	1017	976
68364	993	796	867	833	836	867
18186	9051	9735	8809	9824	10636	10419
18546	0	0	0	0	0	0
67630	1111	1025	948	928	1089	1016
16728	442	769	640	455	463	398
75089	1298	1392	1225	1185	1178	1193
20605	0	0	0	0	0	0
118567551	2	6	4	2	3	5
213248	2	3	1	0	1	1
170760	1374	1275	1272	1203	1254	1290
330657	5	6	9	7	1	6
74855	0	1	0	0	0	0
67673	1416	1659	1584	1500	1427	1314
69195	0	1	0	0	2	0
11770	941	770	865	1692	1939	1838
16874	0	0	0	0	0	0
226139	907	881	904	896	930	848
21766	2245	2274	2419	2156	1955	2135
93716	12	17	16	12	25	16
79043	424	424	479	470	410	395
67880	873	828	1033	858	771	749
11534	721	853	855	684	673	659
14615	1	2	0	1	0	1
630077	1	0	3	1	1	2
83984	14	14	22	18	14	11
109077	554	695	737	664	563	584
320706	1391	1561	1549	1496	1445	1499
67040	7585	7313	7736	7391	7531	7572
67888	6	1	8	7	6	2
68718	952	713	872	908	807	814
240354	864	654	702	899	923	938
77252	143	139	140	129	130	136
97387	1339	1491	1470	1418	1381	1355
20218	3179	3180	2868	2670	2758	2633
65113	3798	3336	3565	3200	3551	3523
71874	0	0	0	0	0	0
70355	70	23	59	67	106	96
66748	0	0	0	0	0	0
64933	448	443	473	437	407	408
100047671	1	0	0	0	0	0
114602	4	1	5	3	3	4
54351	760	848	752	868	822	785
328424	2	0	0	0	0	0
19094	41	40	34	32	44	28
66881	4029	3647	3844	5465	5511	5751
193385	48	84	73	32	23	26
260297	13	26	9	13	16	17
229055	40	21	19	29	27	27
432860	0	0	0	0	0	0
94230	1450	1624	1717	1563	1510	1485
231290	0	0	0	1	0	0
58860	0	0	0	0	0	0
15368	8622	15197	11740	16710	18048	16630
380654	2	1	1	0	1	0
21454	4390	4967	4654	4355	4642	4380
216705	2354	2368	2397	2180	2292	2145
16007	2	2	3	5	5	13
239368	0	0	0	0	0	0
209478	172	153	160	142	154	147
102570	1	0	1	0	1	0
241639	0	0	0	0	0	0
207683	8	8	14	4	4	6
233067	4	11	5	10	7	3
18674	8738	8438	9286	9412	8858	8893
12487	2032	1518	1615	1982	2331	2401
217302	0	0	0	0	0	0
58249	513	626	660	680	574	609
15203	3	3	1	0	1	1
19301	37	41	35	44	38	40
207839	2262	2623	2466	3222	3310	3106
28077	654	672	684	567	649	581
628746	0	0	2	4	0	0
110796	401	444	477	396	366	413
20440	1631	1079	1523	1062	985	1058
73737	285	337	347	400	379	373
70417	2	3	1	1	0	0
18417	2	0	0	0	0	0
108707	579	646	655	626	525	526
215001	7	6	2	9	2	12
98733	0	0	1	0	0	0
54160	1166	1150	1105	1066	1114	1093
171429	211	210	228	297	274	293
17750	228	245	203	582	608	581
212547	276	337	302	300	318	321
240641	859	1132	917	567	622	536
14245	563	424	533	648	656	702
319594	817	773	811	823	819	843
67457	1602	1608	1845	1767	1543	1530
245269	64	90	93	55	70	58
71233	4	9	7	2	5	5
72886	128	126	155	133	106	138
22241	914	773	994	891	820	867
20981	12	4	6	10	4	10
27050	14431	13718	15381	14723	14208	13399
24128	2209	2277	2241	1884	2037	1930
16164	371	323	320	335	365	355
117109	170	232	199	199	208	163
17064	16765	16131	15598	14600	14669	14840
230603	43	72	65	66	75	66
54447	483	456	397	398	422	425
67949	677	749	672	697	715	682
81535	1786	1405	1416	1420	1343	1537
105247050	840	1363	1044	967	970	873
246277	319	257	306	370	328	346
105844	3	0	1	0	0	1
93834	849	602	798	675	659	660
245827	0	0	0	0	0	0
53607	1120	1270	1231	1253	1141	1115
17126	1027	1142	1168	1056	1136	1148
60440	71	25	41	25	30	20
12305	0	1	0	1	0	1
212999	1507	1624	1627	1517	1512	1524
14561	2	0	0	1	2	1
20360	15	6	12	14	10	12
66431	44	29	57	65	67	67
245666	775	817	827	782	774	737
404634	4	11	6	12	9	8
17863	25	9	12	9	10	5
18759	600	470	509	492	492	516
110616	1347	1192	1184	1078	1124	1181
69082	1067	1174	971	952	956	998
230734	264	318	289	293	327	286
211147	0	0	0	0	0	0
227720	1019	1193	1227	1261	1168	1140
66315	421	350	333	323	343	319
72587	1037	948	969	825	826	902
66615	931	872	910	921	866	896
240068	140	116	93	97	112	126
664987	9	23	22	16	18	14
72344	349	436	387	384	395	377
380718	99	115	132	137	131	115
16000	18607	14520	15300	18695	20401	20270
16510	0	0	0	0	0	0
232156	12	11	9	7	7	5
74868	1760	1595	1465	1534	1685	1597
214305	0	0	1	0	0	0
67773	277	274	312	302	309	319
56491	3006	3154	2984	2882	3097	2933
276905	468	380	475	430	398	442
319293	0	2	4	0	0	2
101943	2270	2736	2575	2392	2326	2320
18260	0	0	0	0	1	0
56533	0	0	0	0	0	0
66592	694	779	750	694	747	694
629378	21	9	19	17	14	11
21815	1242	1106	1197	1394	1326	1343
71472	2416	2469	2661	2563	2399	2341
11810	10248	8576	9435	10433	10361	10296
68499	207	240	213	223	226	214
101056084	0	0	0	0	0	0
99890	190	157	168	199	206	231
103534	1515	1445	1638	1469	1448	1363
73830	2104	2027	2403	2326	2189	2133
20688	178	155	141	152	128	158
67139	891	1055	848	728	763	865
16515	0	0	0	0	0	0
237615	1215	1472	1441	1454	1449	1418
14775	5957	6627	6905	6159	6410	6280
21897	1266	781	1038	1054	1017	1217
75965	2189	1981	1839	1585	1749	1737
20750	103226	132658	114073	157143	159304	158920
216578	334	298	326	274	291	277
280645	2	0	0	4	2	1
233724	941	933	813	981	1041	996
58992	2	2	1	0	2	0
213402	28	16	36	28	33	23
385643	0	0	0	0	0	0
230904	3	1	2	4	3	2
66525	513	701	618	561	530	534
93690	0	0	0	0	0	0
56173	0	0	0	0	0	0
238023	261	244	277	253	253	238
230379	5	9	11	13	16	20
329559	448	519	539	498	487	491
69635	1661	2002	1803	1768	1848	1682
77733	400	362	351	315	343	359
71860	0	0	0	0	0	0
226407	891	1018	947	988	1011	932
59012	1	0	0	0	0	0
118567927	15	9	6	6	8	4
670558	2	0	1	0	0	0
19056	1428	1391	1275	1103	1202	1196
102632427	2	5	2	1	1	1
23938	629	615	663	672	701	649
234373	393	466	460	427	448	416
56421	1897	2879	2304	2657	2698	2462
68929	711	778	919	852	705	819
19679	4	11	5	5	10	9
14919	0	1	0	0	1	0
666060	0	3	0	0	0	0
11488	2	1	5	1	0	0
17463	1641	1793	1583	1516	1701	1558
217830	794	915	910	740	761	681
240614	318	304	293	285	267	290
78405	0	0	0	0	0	0
170740	129	99	101	99	110	119
21936	8	5	5	1	4	2
69228	438	431	514	439	461	426
13560	233	268	273	289	278	309
319909	0	0	0	1	0	0
13611	15	12	16	15	18	18
54722	443	536	484	416	401	405
93874	0	0	0	0	0	0
225995	201	213	164	160	190	157
320714	1150	1213	1139	1060	1104	1122
71682	0	0	0	0	1	0
83768	1261	1388	1372	1664	1573	1529
67742	644	636	541	481	489	515
12156	1	0	0	1	0	1
238323	0	0	2	0	0	0
69581	31	22	20	35	33	32
22775	53	65	63	46	44	41
545652	0	0	0	0	0	0
11872	0	0	0	0	0	0
66538	214	241	275	287	242	252
100503085	74	99	85	88	84	84
321006	279	299	284	282	281	263
233328	795	830	803	729	681	730
57780	1	0	0	0	0	1
75689	0	0	1	0	0	0
20133	3438	4988	3729	2828	3064	2925
72416	957	1115	1013	1020	1123	1074
56150	1173	1644	1232	957	1065	946
70310	948	1038	1127	970	897	900
68393	0	0	0	0	1	1
14199	5	0	2	3	1	3
74222	0	0	0	0	0	0
208820	15	12	5	9	7	5
66175	0	2	2	4	2	1
209588	1	2	1	5	3	2
353025	0	0	0	0	0	0
103733	498	824	630	587	586	534
15932	1081	1036	1197	1181	1190	1237
15446	589	231	332	249	253	293
574428	150	92	131	140	133	198
68764	5	5	2	1	2	5
56077	270	355	291	343	399	336
54199	172	167	168	169	213	202
207806	691	671	718	640	643	667
67279	94	97	102	86	74	85
73707	0	0	0	0	1	0
21780	521	561	502	435	484	456
73827	413	397	412	401	348	395
245650	0	0	0	0	0	0
15387	10235	11316	10316	10071	10384	10648
22117	34	37	21	37	52	49
58208	0	0	1	1	0	1
20844	678	692	588	609	665	613
19206	106	96	133	127	125	129
59040	861	923	854	815	864	869
14156	940	1436	1209	971	972	921
432467	339	430	367	342	365	390
11287	1	1	1	0	0	0
105244034	159	116	88	112	102	93
108138	229	211	218	222	216	204
14178	2	3	3	1	1	3
22635	8	2	9	12	8	7
544864	80	89	77	93	64	66
71706	1331	835	1279	1206	1199	1296
109685	5	10	3	6	4	4
59028	147	179	219	176	178	180
66808	3	7	3	1	2	3
76406	0	0	0	0	0	1
216742	1839	1553	1499	1284	1412	1396
102638918	0	0	1	0	0	0
17688	699	1020	836	631	655	700
434484	1291	909	1040	954	951	1005
67392	724	647	735	650	608	618
22710	599	522	507	345	346	401
12398	44	49	64	40	36	35
54427	9	32	15	18	16	9
11350	1921	2156	2302	1805	1710	1673
76279	0	0	0	0	0	0
13807	129	107	130	184	156	178
98488	520	535	477	481	486	486
15562	0	0	0	0	0	0
16911	840	860	884	968	924	897
11519	0	0	0	0	0	0
14049	1	1	0	2	0	0
235542	143	152	167	111	144	163
13435	2632	2200	2413	3033	3025	3167
22404	573	663	665	717	605	597
16855	18	13	18	16	12	12
233810	0	0	0	0	0	0
30843	211	207	242	187	209	217
16155	5461	5150	5176	5595	5674	5896
58867	7	9	8	8	7	2
231803	755	755	806	780	678	725
100039284	0	1	0	0	0	0
381280	2506	3188	2941	2134	2082	2041
383491	0	0	0	0	1	0
17173	1	0	0	0	0	1
242570	0	0	0	0	0	1
56086	3783	4934	4068	3588	4114	4078
66336	73	96	91	52	51	57
66255	0	0	0	1	2	0
619605	528	624	638	530	508	508
668727	0	0	0	0	0	0
98758	11080	12809	11870	10877	10874	10578
102423	579	632	544	563	522	645
72323	503	528	583	513	482	475
239650	0	0	0	0	0	0
76936	3594	4116	3964	3375	3284	3284
216001	968	1061	1161	1067	1014	1097
18744	642	712	668	753	675	710
100043508	60	93	100	41	65	53
233532	800	710	765	606	684	698
67204	2949	3432	2936	2936	3518	3241
14814	2	8	7	10	10	9
216856	218	172	230	246	212	233
56739	1	0	0	0	1	0
12238	873	908	841	859	896	953
54198	4152	4686	4682	4286	4013	3950
109218	0	0	0	0	0	0
67769	424	309	382	397	347	363
66142	2117	2314	2180	2009	1990	2053
67023	1086	860	1129	1117	1070	1132
50525	1	0	1	1	0	0
12777	1	0	1	0	3	1
60532	1840	1786	1554	1520	1675	1619
15526	4455	5949	4825	5318	6191	5525
217893	2493	2575	2850	2570	2540	2438
227659	439	416	515	867	726	784
74205	981	766	842	2025	2176	2114
12488	1298	1301	1068	947	965	981
225912	573	506	643	549	499	532
234736	1660	1909	1740	1410	1380	1291
19249	4	1	0	0	1	1
328563	0	0	0	0	0	0
101739	776	1095	870	520	566	634
18163	177	148	145	177	125	144
227197	1471	1680	1592	1605	1662	1703
68523	357	381	454	397	409	364
320118	0	0	0	0	0	0
80294	1076	1205	1276	1332	1189	1237
107767	1165	1087	1074	1002	1103	1142
17354	690	808	819	703	715	689
108168770	2	0	2	12	0	4
75751	602	735	730	825	802	718
13405	0	0	0	0	0	0
77358	2	1	1	1	0	1
19656	991	1175	1083	1039	953	989
57814	0	0	0	0	0	0
208982	0	0	0	1	0	0
268395	193	175	188	173	183	193
76895	1665	1966	1774	1675	1654	1682
239510	1057	1008	890	760	756	788
72373	0	0	0	0	0	0
21354	2299	2242	2626	2185	2004	1847
70802	373	378	371	277	328	339
71785	0	0	0	0	0	0
68371	0	0	0	0	0	0
17996	1	3	1	3	0	5
52430	0	0	1	0	0	3
27054	1253	1689	1438	1456	1482	1463
67973	491	598	451	424	508	504
15415	3	3	0	4	3	1
74008	107	107	118	97	108	113
236312	1582	1120	1250	909	769	866
13445	954	1139	1103	1069	1057	1006
77591	587	616	527	483	512	563
107889	9	10	5	2	4	5
60321	1717	1937	1961	1653	1755	1619
240215	1	1	0	2	1	1
13143	1	0	1	0	0	0
239706	48	81	71	67	81	65
57778	4643	5180	5348	3986	3547	3551
17286	0	0	0	0	0	1
73467	273	284	238	213	244	237
326623	26	14	20	11	16	21
12904	1	0	1	1	0	0
27361	2058	1933	1943	1954	1925	1847
68291	324	430	370	407	449	407
228366	0	0	1	0	0	0
212326	51	67	59	63	78	57
235048	3	2	1	1	3	2
319757	90	64	72	96	87	81
381287	25	15	19	31	13	14
23881	3455	3242	3422	3208	3321	3400
104771	449	468	495	501	464	503
213556	137	221	173	163	179	151
68298	2326	3185	2861	1827	1766	1631
319263	1186	963	840	872	912	950
56451	938	1025	991	1062	1026	954
56480	1817	1807	1845	1498	1595	1583
14962	21	16	17	7	8	11
107566	770	863	762	771	840	761
67074	1951	2049	2013	1781	1832	1864
77044	717	752	754	720	687	748
102638674	0	0	0	0	0	0
20511	0	2	1	1	1	0
68591	1854	1682	1928	2237	2050	2206
69641	437	548	515	510	504	552
170947	0	0	0	0	0	0
71279	1795	1600	1832	1985	1841	1958
114663	380	468	475	385	407	356
108124	2584	2817	3157	3493	3301	3326
100177	384	339	362	325	379	362
436090	0	2	0	2	0	1
76131	333	334	251	140	155	172
67469	1093	1173	1111	1076	1172	1154
219148	0	0	0	0	1	1
54369	134	170	179	169	141	140
105837	196	285	209	187	193	176
207375	107	95	89	91	132	101
74711	0	1	0	0	0	0
74574	0	0	0	1	0	0
13345	0	0	0	0	0	0
224824	629	656	743	737	740	733
269700	609	636	678	759	657	613
71703	1164	1070	1070	1072	1186	1186
67164	72	98	81	92	87	85
66451	0	0	0	0	0	0
12402	4087	3611	3746	3574	3586	3710
20510	0	0	1	0	0	1
219026	0	1	2	1	0	0
71062	0	1	0	0	1	0
216760	1740	1703	1579	1452	1539	1563
545366	0	0	0	0	0	0
118451	636	720	665	649	655	629
231326	183	167	164	191	179	177
328573	0	0	0	0	0	0
107250	8	13	4	10	10	12
69774	3057	1966	2513	1302	1168	1293
53378	16794	15294	16288	17652	18322	17648
407785	464	509	498	484	500	486
330463	42	39	42	34	35	31
54169	225	220	228	214	208	231
71544	0	3	1	1	2	0
13169	1769	2011	2016	1920	1819	1713
109050	44	40	41	48	30	56
66464	310	355	329	331	341	308
239102	280	285	293	286	244	273
14106	0	0	1	0	0	0
225579	11	3	2	3	5	1
226744	321	320	323	307	303	334
81906	0	0	0	2	1	0
225432	754	764	649	553	621	626
74685	2	2	1	1	1	2
65019	17192	13881	15845	15335	13874	16116
27224	2110	1902	2124	1952	1972	1957
15402	6	2	6	2	5	4
80890	76	100	85	62	74	71
14763	0	0	0	1	0	0
80978	0	1	0	0	0	0
242474	1033	1158	999	970	1084	1038
380850	114	101	69	40	51	57
18654	3	4	7	6	2	2
52064	476	503	527	503	583	483
15979	5695	4282	5028	6425	6513	6790
73635	112	109	114	84	104	84
68304	563	577	536	406	472	428
69281	0	0	0	0	0	0
50790	2316	1872	1821	2822	3208	3285
77579	7	3	4	9	10	7
207607	13	19	22	16	13	7
244216	125	141	177	190	148	134
12494	13	8	8	125	103	146
76179	454	535	442	465	462	515
319180	0	0	0	0	0	0
74276	0	0	0	0	0	0
319150	1	0	1	0	1	0
72058	0	0	0	0	1	0
228564	0	0	0	0	0	0
70223	5541	6148	5515	5833	6060	6020
192196	4050	3808	3508	3124	3440	3403
68505	802	811	921	843	742	793
19332	209	148	184	219	213	204
381417	8	8	4	1	6	6
12409	1836	958	1672	1147	940	963
71755	405	403	401	373	404	434
16865	578	560	560	536	542	524
72931	1963	2156	2071	2143	2011	2023
68165	305	329	322	343	341	316
70163	0	0	0	0	0	0
109648	927	1697	1267	841	1031	780
18789	3184	3462	3119	2910	3163	3097
71069	3	1	1	4	1	0
66997	1273	1593	1413	1363	1391	1394
27409	0	0	0	0	0	0
12512	13913	12292	14484	14130	13662	14093
66854	2577	3024	2788	3120	3248	3018
268903	337	320	292	271	272	309
64050	861	817	850	842	810	765
66234	4033	3336	3400	3683	3926	3971
18247	1233	1031	1087	1013	1012	1055
14714	5	2	1	3	6	1
99633	810	880	797	688	758	761
26408	553	721	623	463	462	477
212111	356	347	387	370	359	339
353155	0	0	0	0	0	0
21769	1681	1792	1879	1752	1757	1597
54678	34	34	38	32	40	39
218100	473	399	390	316	362	367
65971	0	0	0	0	0	0
107527	97	99	111	83	81	70
102644	67	63	81	85	66	66
330216	74	65	64	77	77	71
12617	746	853	736	544	562	528
72128	234	170	198	170	153	177
57255	0	0	0	0	0	0
116872	0	0	0	1	1	0
76779	199	188	229	172	173	184
259063	0	0	0	0	0	0
28109	1050	939	977	966	994	1003
67994	256	311	290	312	290	270
72293	0	0	1	0	0	0
19188	3172	3197	3543	3077	2913	2885
58801	354	192	249	252	268	265
94212	618	656	594	477	506	527
118568304	7	2	2	5	0	2
108168101	328	309	264	207	212	239
20193	1296	1034	1156	1238	1177	1263
18117	704	785	771	749	763	718
216136	576	655	690	711	757	653
17085	4305	3819	4172	4472	4588	4706
208666	0	0	0	0	0	0
67161	131	151	152	91	123	128
78257	1	4	1	3	1	3
93841	0	0	0	0	0	0
73456	0	0	0	0	0	1
52637	295	437	352	373	363	325
442801	0	0	0	1	0	1
234407	4188	4072	4298	5100	4986	4965
231440	0	0	0	0	0	0
19944	5756	6008	6872	6334	6152	5038
66300	80	105	165	147	108	67
57745	9	8	12	8	4	9
20493	0	0	0	0	0	0
75740	0	0	0	0	0	0
12593	247	305	262	255	251	237
226412	1857	2325	2057	1845	2001	1895
240873	4	2	3	5	7	6
72828	1668	1912	1747	1695	1802	1755
17082	47	70	61	34	48	41
12671	1	0	1	3	1	2
319955	448	493	500	580	640	639
71718	197	234	200	253	242	202
26901	152	106	118	126	150	148
68090	485	635	628	681	646	629
14731	690	889	910	908	812	787
108075	3	8	5	9	4	3
78016	2	1	2	0	1	0
109689	4954	4650	4931	4510	4283	4556
106672	636	636	688	709	621	629
11911	4008	4802	4261	5646	5755	5714
74150	1184	1069	1142	1149	1274	1226
21960	1	0	0	0	1	0
12501	0	0	0	0	0	0
11875	0	0	0	0	0	1
77057	39	40	42	49	38	30
72480	175	206	200	159	201	169
229714	0	0	0	0	0	0
71670	20	25	10	16	13	7
11783	1420	1366	1405	1199	1174	1226
238799	1407	1648	1398	1307	1414	1415
19418	8	4	8	3	2	3
67684	2170	2072	2040	1545	1675	1660
50911	621	723	642	587	680	634
12696	559	548	567	514	473	523
55960	393	362	339	316	344	366
55944	2371	2553	2616	2439	2476	2317
668553	1	1	2	1	3	1
319191	2	1	0	1	3	2
223672	1	0	1	0	0	0
93757	21	20	23	17	29	30
18104	261	341	248	130	200	135
320127	6	5	5	4	4	6
56321	346	370	337	343	341	364
14251	933	841	1018	889	703	779
269003	931	1029	1004	941	923	855
66483	2327	2620	2253	2433	2380	2172
104080	0	0	0	1	0	0
320265	0	0	0	0	0	0
66094	254	274	256	239	248	243
71609	316	353	417	366	314	331
27421	0	0	0	0	0	0
234138	240	301	323	324	311	265
55963	45	81	54	109	116	121
56863	0	0	0	0	0	0
24017	4241	3881	3841	3950	4033	4082
64138	13732	13855	15441	18307	16946	16575
78070	12	9	12	13	9	10
75180	2	4	3	2	2	4
74307	0	0	0	0	0	0
68318	1341	930	1230	1330	1367	1425
72504	30	48	52	60	56	65
107227	174	202	183	224	214	186
69296	2	3	2	4	2	3
72097	12	9	18	23	20	16
13047	3385	3818	3758	3189	3227	3145
20672	0	0	0	0	0	1
73229	141	119	112	129	123	136
100504089	151	154	174	200	183	197
20668	2	2	2	3	4	4
17904	9050	9864	10310	10155	9700	8986
77407	1780	1837	1951	1710	1582	1632
20851	1328	1245	1424	1271	1272	1256
231931	8	8	11	1	8	8
68089	6799	6717	7107	6481	6321	6108
213522	1	1	3	1	1	0
21419	0	0	0	0	0	1
73712	5	11	19	6	5	1
100039674	3	3	2	0	0	0
11657	0	0	0	0	2	0
110265	695	683	680	681	682	650
53414	322	397	381	359	384	373
68472	285	271	282	220	250	223
66660	937	984	966	796	835	886
16175	4	0	6	43	68	61
73327	107	144	126	109	98	84
270091	1	3	0	2	0	0
213673	3871	4097	4131	3837	3932	3851
227715	282	376	310	242	263	236
234593	20	16	11	15	16	18
319817	911	710	705	617	686	684
72103	186	262	202	187	196	171
26894	635	745	769	772	733	739
75296	404	441	352	337	355	368
338348	1	0	0	3	1	1
213980	39	35	34	29	21	23
66121	478	579	491	491	521	483
105244402	0	0	1	0	0	0
72022	0	0	1	0	0	0
207565	1276	1543	1360	1225	1311	1210
434171	0	0	0	0	0	0
53890	778	986	879	732	770	702
77532	321	293	293	210	259	252
67375	4	1	2	2	3	0
21987	1	0	1	0	0	0
66167	2145	2381	2401	2167	2100	2010
22171	381	569	454	349	354	307
110446	1142	1325	1307	1045	1028	954
71955	1994	1964	2075	1974	1792	1870
71436	10	6	3	3	2	4
75847	323	298	284	268	241	291
231855	596	659	689	645	632	646
27999	1133	1288	1099	1668	1784	1749
20741	4	15	11	7	9	5
72310	2	0	3	0	2	0
66663	847	903	811	841	901	869
378937	0	0	0	1	0	0
12790	0	0	0	0	0	0
110351	31	21	33	43	25	27
209815	201	241	226	234	192	177
630836	321	266	261	218	238	307
64095	93	123	98	146	171	155
75593	170	157	193	144	152	148
270110	3179	2838	3203	2801	2912	2891
13656	0	0	0	0	0	0
382423	1802	1711	1668	1444	1544	1538
13685	674	980	944	1035	894	873
383103	6	2	0	1	1	2
666747	0	0	0	0	0	0
387565	10	4	1	3	6	2
56199	341	358	438	400	408	376
67307	9	4	6	8	9	10
66965	226	276	245	236	243	234
12807	951	1094	922	874	897	920
214459	1328	1010	1180	1056	987	1154
94045	4	3	5	3	9	6
622675	9	5	5	6	17	14
76915	29	51	30	25	17	16
93702	20	35	29	25	14	32
11856	724	607	624	542	563	630
20908	605	727	606	641	694	678
76566	7	7	9	5	8	3
115487375	1	0	0	2	0	0
16159	1	0	0	1	0	0
433791	418	361	302	211	279	285
11546	682	711	739	622	692	716
20848	2380	2178	2377	2132	2044	2034
74325	629	862	852	814	755	756
28015	1603	1767	1796	1684	1677	1623
544971	730	634	604	524	564	656
667823	291	217	230	184	174	206
277939	515	527	584	470	497	486
66138	463	560	569	613	589	482
22025	306	296	279	288	282	259
101513	430	508	524	463	434	420
280408	84	86	91	80	78	81
72584	865	861	731	637	711	711
12223	0	0	0	0	0	0
381845	2	5	4	3	3	7
66408	266	267	329	310	294	315
27428	0	0	0	0	0	0
11535	0	0	1	0	0	2
208677	14	13	21	17	25	24
66089	763	756	776	683	601	588
70918	2	3	4	1	2	2
193043	70	61	53	52	64	56
12728	1055	973	1003	893	917	990
22084	1097	1214	1279	1265	1220	1189
212124	1	0	0	0	0	0
108115	186	387	307	258	250	205
224143	598	624	626	611	617	693
338366	1920	2170	2058	1758	1857	1874
26465	732	729	611	670	698	718
12830	129	91	103	105	80	83
22295	7	0	3	3	3	1
70237	118	97	98	93	93	94
319183	1	4	2	1	4	1
20937	865	1181	1028	770	766	740
13162	0	0	0	0	0	0
12168	1228	1022	934	859	913	957
20452	2424	1985	1912	1466	1450	1467
64296	191	225	286	276	276	259
665155	1552	1746	1576	1647	1733	1765
22343	2012	1906	1671	1457	1622	1633
207854	0	0	0	0	0	0
626359	2	1	0	0	5	2
26561	0	1	3	3	2	1
19378	2	2	2	0	0	2
215705	1136	1105	1257	1083	971	1026
66070	1793	1767	1680	1346	1557	1519
13433	4329	5982	5392	4601	4357	4103
194126	330	293	327	304	271	260
331491	0	0	0	0	0	0
69131	812	786	766	663	730	717
71566	29	27	21	15	16	23
17448	2676	3211	2967	3239	3318	3061
319370	1113	1294	1326	1144	1153	903
18619	100	102	87	33	33	33
433365	0	0	0	1	0	0
414069	150	126	144	172	159	178
73137	1064	1202	1186	1147	1121	1090
228094	27	17	16	18	18	13
208266	1544	1809	1898	2428	2307	2295
381091	6	6	4	5	0	1
108664	1987	2184	1987	2270	2334	2263
233875	652	756	804	709	703	723
329421	0	4	1	0	1	0
18143	42	36	43	45	51	44
12562	10	9	10	15	6	9
20430	5926	7051	6653	7117	7174	6937
27397	513	651	597	661	571	568
74253	4	5	8	5	3	3
105298	32	34	19	18	23	21
14874	342	400	363	356	383	359
546886	0	0	0	0	0	0
207182	2	4	3	6	6	2
320452	1	0	1	3	0	1
20863	0	0	0	0	0	0
56334	6848	7741	6639	6496	7154	6543
66291	179	140	141	141	139	118
13396	0	0	0	0	0	1
19142	0	0	0	0	0	0
19179	2740	3104	2903	2675	2793	2667
208643	6501	7800	7115	6748	6493	6750
108735	3236	2520	2832	2890	2956	3138
19411	484	436	498	495	438	441
268512	899	723	918	901	832	878
19364	316	314	333	308	329	284
56277	1	0	3	1	1	0
15478	0	1	0	0	0	0
17909	681	587	661	858	764	784
75604	15	14	17	15	14	17
67077	0	0	0	0	0	0
12819	44	39	33	24	30	24
211429	17	26	14	16	18	7
29856	145	236	229	156	165	134
67849	454	586	528	382	383	335
18584	1044	1249	1111	1005	1073	1071
14426	564	617	511	498	539	515
16424	0	0	0	0	0	0
23877	469	553	572	555	493	488
68797	2	1	2	1	0	1
75823	0	0	0	0	0	0
11370	1086	1133	1201	1131	1187	1074
19217	366	431	390	396	389	347
68027	17	13	14	23	28	25
110304	0	0	0	0	0	0
66199	565	652	720	678	702	642
54396	1296	995	1093	847	764	844
108169072	0	1	1	5	2	0
140489	1	0	0	0	0	0
12217	523	606	692	618	525	540
68219	783	785	813	678	673	618
18044	2371	2707	2470	2535	2530	2539
77411	0	0	1	0	0	1
13680	1221	1350	1270	1182	1173	1234
75826	1527	1439	1427	1344	1525	1496
18140	1563	2512	1837	1511	1362	1383
74075	12	9	10	15	6	10
72780	0	0	0	0	0	0
17772	599	568	551	711	785	840
233836	0	3	3	1	2	4
77877	506	557	483	482	486	496
108167918	1368	1478	1366	985	872	906
214403	0	0	0	1	0	0
217944	866	861	853	794	830	850
319486	6	9	6	16	9	8
13828	0	0	0	0	0	0
268697	1217	1846	1530	940	1098	949
71679	2050	2005	1900	1748	1843	1762
102414	1142	1162	1125	1132	1134	1130
110606	156	202	185	183	156	166
71843	235	261	254	252	248	196
100041273	387	449	502	420	368	345
232334	1017	1032	1002	732	818	738
19889	1584	1323	1235	987	1037	1061
69617	1074	1344	1178	1150	1268	1145
70294	430	597	572	512	525	478
407831	9	1	5	1	2	3
74055	0	0	0	0	0	0
227619	1951	1903	1923	1817	1824	1789
625098	914	868	855	731	909	845
15983	188	297	235	220	226	238
67341	0	0	0	0	0	0
192986	108	124	124	142	134	144
22590	222	193	248	184	193	170
72843	452	549	482	511	434	415
212974	236	252	253	291	250	268
93762	1625	1868	1581	1229	1320	1391
12124	5	27	11	10	20	14
103963	5402	6163	5788	6589	6623	6547
18771	421	448	464	441	431	440
67299	1122	1288	1144	1100	1149	1143
103712	0	0	0	0	0	0
16679	0	1	0	0	0	0
229776	140	140	171	135	116	138
668173	99	105	109	107	103	114
226518	0	0	0	1	0	0
319934	2118	2213	2278	1982	1895	1985
235072	3858	3872	3178	2530	2939	2856
67337	585	690	706	662	646	642
68564	1680	1435	1366	1245	1376	1345
26874	619	485	534	572	531	566
64945	92	83	88	100	114	95
12642	27	93	32	17	21	9
102635566	0	0	1	0	0	0
75991	1204	1270	1144	1203	1315	1263
64659	681	773	692	631	724	661
14991	873	785	858	837	713	763
328417	1246	1132	1241	1015	1052	1102
19265	1	1	4	3	2	2
54644	1660	1548	1793	1535	1610	1650
241850	0	0	0	0	0	0
70078	670	758	687	571	623	542
67573	4	0	0	2	0	3
26466	779	710	678	587	576	600
77744	295	397	312	247	215	225
71863	0	0	0	0	0	0
72117	4357	4580	3532	3416	3687	3668
14706	2	4	4	2	3	3
329954	0	0	0	0	0	0
73176	0	0	0	0	0	0
14660	2178	1951	1790	1875	1896	1951
57279	574	556	598	682	746	664
69066	7	8	12	6	10	5
330192	423	506	486	436	398	414
108902	546	560	623	616	593	540
252974	1	0	0	0	0	0
385674	57	42	80	63	66	65
112418	2	6	5	2	3	1
78287	789	820	738	737	807	753
13082	0	2	2	0	1	1
56471	1	1	2	0	2	1
66290	3584	3591	3518	3880	4008	4001
18764	695	713	709	646	701	680
102141	316	384	349	347	357	373
98711	124	126	118	104	101	149
69151	250	296	301	262	274	234
67290	182	178	164	152	185	196
72355	98	138	126	127	141	133
12286	465	620	598	652	668	606
230674	1140	1209	1220	1284	1252	1239
52915	2286	2408	2728	2413	2251	2141
19700	1	0	0	0	0	4
233833	1523	1774	1617	1501	1587	1550
20610	2408	2599	2521	2248	2411	2204
238377	47	35	48	48	43	49
66593	374	447	437	482	450	449
69190	788	821	777	792	771	779
16492	1	0	2	0	1	0
11465	56055	65645	67987	64396	64720	57863
57914	762	724	972	1053	968	790
70510	624	561	621	594	488	532
101543	78	67	91	95	59	66
20439	299	313	313	376	348	344
67154	2706	2592	2385	2479	2517	2627
22151	2674	3101	3183	3263	2964	2877
56221	18	19	21	5	6	7
15107	1113	1168	1170	1138	1155	1194
14590	1594	1413	1455	1250	1299	1396
622976	127	134	87	182	190	198
66366	2132	2116	2337	2326	2208	2242
209645	0	0	0	2	1	0
242466	21	13	24	15	20	16
17118	7948	5058	5812	4901	5266	5762
12856	619	605	584	610	647	592
237256	1153	1081	1257	1048	977	1082
76793	423	463	451	461	419	456
93723	22	10	2	12	17	10
99371	1079	1207	1210	1234	1228	1203
19672	162	173	187	166	182	164
30877	450	609	432	495	569	569
70784	1	0	0	1	1	0
234683	20	20	27	25	27	24
217995	863	991	933	842	933	852
18208	9	9	17	16	20	15
99167	315	400	305	291	293	269
19330	2365	2332	2213	1954	2055	2103
75173	2	0	0	1	2	2
76459	1	2	0	0	0	0
76561	238	337	306	306	269	287
442827	45	18	35	12	10	6
170677	0	0	1	1	0	0
226539	350	409	369	351	359	305
360216	424	424	397	361	376	406
112694759	0	7	2	9	5	13
19765	1715	1713	1762	1460	1532	1478
16978	3217	3892	3333	2630	2821	2855
78250	0	0	0	2	1	0
233168	394	352	366	303	308	311
30927	0	0	0	0	0	0
102866	665	1056	729	583	661	594
19205	4411	5534	5174	4597	4528	4413
72612	1069	1237	955	809	931	860
56349	240	305	238	182	220	165
73710	102	29	69	151	138	123
22761	198	279	281	230	212	182
56177	1515	1329	1483	1270	974	1087
319172	0	5	0	1	1	2
72392	422	414	466	454	498	487
13638	0	0	0	0	0	0
74427	1882	2084	2051	2186	2139	2242
56315	0	1	2	0	1	0
15530	8	2	13	17	12	10
109275	161	186	191	173	177	174
272382	5	6	6	6	3	5
18591	1643	1646	1922	2325	2130	2057
106064	1500	1141	1223	1207	1353	1421
269116	0	0	0	0	0	0
626048	0	0	0	0	0	0
56016	7	9	3	10	7	23
115488789	16	15	17	11	17	12
102093	604	607	562	637	649	644
57278	13	11	8	6	4	5
74754	1698	1661	1785	1874	1764	1673
22625	0	3	0	0	0	2
109082	505	498	546	508	483	474
233490	973	942	888	779	864	873
380728	0	1	0	0	0	0
170625	1152	1305	1241	1093	1175	1103
13874	0	0	0	0	0	0
72536	331	246	312	255	210	259
21677	2	0	1	1	1	1
53610	5238	5564	5650	4728	4549	4805
118568312	8	9	11	13	15	10
14265	822	820	713	566	610	614
76718	3	0	2	1	2	2
102637087	681	582	569	451	465	517
18951	18	7	21	25	23	22
51812	593	659	664	588	581	550
53619	511	545	582	598	679	677
100040671	0	0	0	0	0	0
320244	162	200	178	215	212	162
74568	376	444	426	302	372	314
68114	632	741	736	629	598	592
218975	2539	2560	2381	2189	2367	2248
68479	499	677	663	578	633	543
13175	1	0	0	2	1	1
68183	649	825	904	692	788	660
171388	0	1	0	0	0	2
239570	288	285	302	319	261	308
73261	24	31	31	18	12	26
13491	0	0	0	0	0	0
20462	2490	2673	2522	2470	2514	2414
381867	0	0	0	0	0	0
98828	1120	1247	1192	1043	1111	996
66156	1215	1429	1557	1310	1207	1120
115488470	4	8	10	6	12	7
114643	192	189	205	165	154	155
230991	37	33	33	38	48	51
269473	413	445	361	372	346	350
15377	0	0	0	0	0	0
16763	1	0	3	0	1	1
14204	50	31	57	44	29	27
101568	524	512	580	550	564	522
22720	832	735	691	538	653	638
22158	164	199	194	175	224	202
105727	1980	2064	1970	2011	2133	2098
81840	0	0	0	1	0	0
100126226	1	0	1	0	0	0
53332	654	627	586	549	591	634
66839	403	500	513	472	422	387
78541	654	720	731	716	743	690
17686	188	250	210	163	181	175
19128	1372	958	1175	1064	1067	1080
12504	111	21	83	171	121	195
103220	19	10	11	10	15	13
76787	26	20	39	24	21	21
14236	828	767	718	772	716	791
109267	55	71	72	66	53	53
54390	0	1	0	0	0	0
269514	261	278	298	288	296	281
71775	1	1	0	0	1	1
56552	0	0	0	0	0	0
320484	592	637	675	585	466	534
12847	6766	6857	7289	6877	6851	6773
112415	28	25	24	25	21	28
432442	201	180	198	161	176	197
50997	2	2	1	1	1	3
102640707	1	2	1	2	0	0
19355	187	197	206	179	185	177
18439	1741	1427	1716	1530	1476	1502
17423	1269	1241	1360	1347	1315	1347
214292	0	0	0	0	0	0
77803	0	0	0	0	0	0
217305	3841	3702	3821	3767	4303	4221
216166	0	0	0	0	0	0
73670	0	0	0	0	0	1
623131	1	0	0	1	0	0
100043059	0	0	0	0	0	0
57837	321	364	365	318	276	309
103135	271	285	361	315	289	277
67184	1280	1465	1468	1414	1311	1147
50769	2	1	4	1	1	0
17279	525	739	588	407	411	405
80909	275	331	299	334	292	289
68724	2015	2162	2122	2103	2101	2081
21802	0	0	0	0	0	0
12048	2207	2713	2518	4228	4000	3891
14456	9048	9437	10443	8448	7716	7639
13078	29	6	21	30	20	19
80861	1072	1084	1171	983	967	951
108168358	0	1	0	0	1	1
232089	245	254	242	205	201	223
75735	264	224	241	397	411	367
13595	1157	1214	1255	1257	1238	1274
327957	48	10	24	61	59	72
13797	0	0	0	0	0	1
20682	0	0	0	0	0	0
14599	0	0	0	0	0	0
320162	193	213	169	159	210	184
244551	0	0	0	0	0	2
17768	1396	1934	1509	2276	2437	2290
80902	132	123	137	106	123	135
229933	0	0	0	0	0	0
66254	173	163	155	175	177	192
216198	712	431	646	537	476	506
211945	2	2	2	6	4	1
73748	0	1	0	0	0	0
16438	305	379	349	321	311	330
11769	2309	2755	2682	2309	2324	2184
102635802	0	0	0	0	3	0
14325	317641	345512	342699	355441	338068	335467
107770	1	2	2	0	1	2
107815	32	35	23	19	21	24
217882	414	587	468	449	466	423
268749	682	697	862	733	695	710
99526	100	87	80	70	55	67
83410	955	857	860	744	839	835
20922	974	811	967	913	859	858
15361	7385	7361	8361	10092	8926	8716
108903	1152	1413	1269	1280	1309	1270
70012	327	434	388	333	299	307
72167	125	105	116	121	122	101
110208	12470	12264	13094	14673	13562	13815
66421	179	208	181	189	188	222
235106	0	0	0	0	0	1
72446	208	260	237	191	170	140
18986	715	717	719	590	644	632
219132	316	278	316	249	248	242
20481	2474	2918	2886	2636	2548	2437
71538	295	312	278	332	363	346
66895	32	22	22	32	32	21
68910	588	467	638	582	563	528
100502766	860	1203	1046	722	649	558
13821	1639	1641	1625	1398	1391	1458
17864	140	151	127	70	91	85
100503659	30	32	38	42	20	35
22694	426	424	401	361	365	404
71834	377	397	359	427	374	435
56219	2	2	4	5	3	7
381110	118	123	106	96	93	108
268973	334	268	292	315	276	309
60425	7	4	11	13	5	3
244882	1	5	7	5	4	4
73852	117	119	91	65	80	68
105559	2379	2313	1969	1985	1993	1974
67117	2562	2104	1911	1814	2086	2074
19290	1103	901	922	864	857	794
268935	5	2	2	2	0	3
73729	69	58	50	59	59	51
84004	11	6	12	7	7	7
72565	195	260	257	163	178	191
69697	42	31	43	33	30	24
227696	231	231	228	195	214	194
240869	302	254	278	226	290	291
223978	699	713	716	554	606	539
20187	14	30	24	29	35	36
102638555	1	2	4	0	0	0
232816	216	229	260	239	207	217
67800	18	13	13	11	7	3
245866	1036	965	938	882	925	938
12396	452	436	421	361	406	403
20729	897	804	831	899	882	885
243923	0	1	1	2	0	0
19087	1075	1320	1233	1440	1332	1366
66520	1699	1569	1693	1560	1655	1586
18126	1	0	4	2	1	0
20523	102	109	107	112	98	99
431706	1	1	0	1	0	0
224022	123	138	120	110	101	98
67306	202	234	186	207	193	214
73598	0	3	3	1	1	0
76890	1058	1227	920	917	992	993
107702	5257	6172	6374	6577	6108	5781
224792	2	0	0	2	2	6
22192	1350	1599	1563	1658	1634	1565
67838	2646	3182	2751	2796	2916	2812
53857	0	0	2	0	0	0
54218	190	212	231	180	201	198
19724	419	455	487	420	367	386
54393	3	1	2	2	4	6
67739	8239	9489	9488	8850	8973	8521
105245580	2	0	2	1	2	0
21390	0	0	0	0	0	0
15399	2	1	1	1	0	2
214593	1	0	0	1	1	0
16506	14	7	9	11	12	7
232358	0	0	0	0	0	0
99152	2195	2509	2627	2568	2356	2344
385024	0	0	0	0	0	0
20266	196	113	206	222	173	210
18041	692	659	693	723	698	687
109299	622	600	637	632	632	660
109095	467	487	502	505	493	472
64817	0	0	0	0	0	1
70997	90	116	134	98	91	116
13121	3506	2880	3136	3711	3759	3982
107321	2974	2855	2914	3083	2864	2888
67422	1088	1150	1105	1078	1098	1080
71952	309	435	404	364	369	318
319433	0	0	1	0	0	0
109270	13	4	10	18	10	7
72747	336	400	404	347	363	321
331063	0	0	0	0	0	0
192287	1661	1342	1425	1364	1336	1419
229521	442	589	533	461	528	433
20499	1495	1631	1720	1562	1479	1408
66058	338	74	241	444	415	539
381107	0	0	0	0	0	0
18736	0	0	0	0	0	1
26444	2051	2279	2331	2262	2261	2191
192897	2	5	5	5	2	2
234549	515	585	524	514	577	588
72016	149	168	155	144	148	150
170758	217	155	189	175	183	192
11830	0	0	0	0	0	0
19773	0	0	0	0	0	0
236920	1776	1746	1841	1378	1437	1348
20104	16632	13963	15253	15165	14790	15196
214230	0	0	0	0	0	0
73902	0	0	0	0	0	0
16906	1543	2311	1710	1163	1169	1111
228139	3	8	4	6	3	3
665119	1	0	1	0	0	0
239167	1	1	0	0	0	1
11432	4218	3435	3993	4053	4052	4245
269831	3	1	0	2	2	2
217430	2180	2300	2196	2410	2392	2261
12589	36	41	33	32	33	36
211651	328	504	409	270	339	286
73677	43	35	36	39	31	30
229488	0	0	0	0	0	2
170833	191	194	236	202	203	217
21762	5112	6181	5889	5628	5660	5466
213389	107	95	85	76	103	70
269224	187	272	216	184	201	180
319192	0	0	0	0	0	0
108151	0	0	0	0	0	0
66361	284	285	268	236	253	274
331401	1402	1251	1137	893	983	995
81006	0	0	0	0	0	0
109042	1	9	2	5	6	0
69920	155	157	173	166	162	163
192734	0	0	0	0	1	2
51795	0	0	1	1	0	0
237387	5	3	8	4	4	2
230259	80	73	70	64	81	71
115488020	7	9	9	8	4	5
235472	1	0	0	0	0	0
387510	0	0	0	0	0	0
102640376	0	0	2	0	0	0
320500	0	0	0	0	0	0
115488671	1	8	0	4	4	1
108083	1620	1780	1814	1720	1678	1758
54189	1448	1287	1305	1213	1310	1262
625638	0	0	0	0	0	0
70423	1	0	1	0	0	1
240595	0	0	0	0	0	0
70884	0	0	0	0	0	0
328330	59	55	64	61	68	52
320183	4	2	2	6	0	3
117160	1574	1565	1752	2069	2134	1943
50496	557	680	593	571	559	604
319520	384	538	442	721	720	650
66374	843	813	851	807	761	792
102632483	0	2	0	1	0	2
14789	151	135	186	252	210	214
76703	0	0	0	0	0	0
16408	2005	2269	2269	1590	1733	1629
69870	593	491	541	467	502	459
99889	949	912	830	688	841	818
232811	786	739	866	795	683	691
23832	1	0	0	1	0	0
192652	2125	2118	2469	2438	2147	2171
237858	0	7	4	3	1	3
114713	365	401	328	313	334	307
78625	6	4	8	9	12	8
53601	1	0	0	0	0	2
22068	3	0	0	2	0	1
69256	801	664	659	562	662	672
17755	4	4	3	4	6	4
268291	205	216	185	156	155	187
433486	0	0	0	0	0	0
333433	1012	1054	1030	966	1106	1057
59053	61	84	92	85	69	78
73167	0	0	1	0	2	1
98766	378	425	401	419	408	399
319583	111	136	105	108	171	124
76653	0	0	0	0	0	0
24060	300	330	314	290	341	319
14695	4	0	4	4	4	7
12554	0	0	1	0	0	0
12319	0	0	0	0	0	0
67826	507	646	625	672	615	600
327942	168	212	174	166	214	193
115488807	13	7	9	13	8	10
114255	107	128	124	118	106	99
14221	0	0	0	0	1	0
64176	0	0	0	0	0	0
69981	3663	3613	3133	2868	3189	3123
53626	0	0	0	0	0	0
21826	1	0	5	2	6	2
11568	17	5	18	15	7	7
434178	235	184	182	161	170	192
212996	0	0	1	0	0	0
102634841	0	0	0	0	1	0
666731	0	1	0	0	1	1
338350	118	105	128	116	104	102
56632	1765	1624	1998	1772	1765	1673
14841	262	391	301	263	253	256
216963	1063	1393	1387	1296	1136	1148
77035	66	87	85	58	62	61
68202	514	621	479	390	410	388
72046	546	577	580	574	561	567
23942	2689	2848	2853	2462	2433	2386
15273	81	99	77	91	94	87
15115	1089	1233	1106	1131	1127	1127
225845	247	255	225	238	198	224
71790	183	187	235	193	181	212
76826	226	206	206	208	196	200
105244925	2	0	0	0	0	0
67859	0	0	1	0	0	0
26424	0	0	0	0	0	0
68262	438	477	489	500	497	496
24018	680	727	655	611	616	695
102637839	0	0	0	0	0	0
108671	800	1051	917	694	746	682
231727	0	0	0	0	0	1
15552	0	0	0	0	0	0
241624	13	21	10	26	17	22
68281	178	195	149	138	161	147
18802	0	0	0	0	0	0
18113	0	1	3	2	2	0
110175	55	71	69	50	66	56
20344	2	1	1	1	1	1
235459	419	405	419	345	346	353
66705	20	16	18	14	21	24
115489454	31	64	55	38	41	33
68277	144	136	124	141	141	133
68703	1910	1713	1986	1689	1559	1608
100043914	3	0	1	1	1	1
20465	0	0	0	0	0	0
17258	4115	4535	3659	2929	3294	3297
108961	640	1072	843	574	577	544
72772	216	223	190	147	177	168
68385	22	13	29	72	45	47
23969	0	1	2	2	2	0
66066	103	107	125	119	133	123
18997	0	0	0	0	0	0
229927	0	0	0	0	0	0
233575	1180	1075	1166	1160	1146	1099
66870	5623	6498	5968	4970	5478	5048
105501	1565	1473	1721	1752	1546	1544
328274	6	19	8	7	12	7
407243	3043	3474	3435	3568	3554	3334
22142	2200	2513	2681	2824	2641	2373
109652	43	47	47	41	26	33
109929	154	183	150	160	146	128
212892	0	0	0	0	0	0
192231	1099	787	1068	1086	958	1052
328779	0	0	1	0	0	0
408066	0	0	0	0	0	0
216820	323	360	361	330	343	320
71354	34	31	38	35	30	41
67317	0	0	0	0	0	0
14071	22	22	19	21	12	16
21952	0	0	0	0	0	0
353235	0	0	0	0	0	0
75692	374	469	476	463	421	428
108652	300	288	289	284	292	279
12450	2642	2455	2262	2174	2440	2460
244923	0	0	0	0	0	0
84094	3	0	3	4	1	1
329739	1721	1449	1447	1330	1417	1433
54445	12648	10390	13876	16750	14690	15329
102638047	1	0	4	1	0	0
74405	0	1	0	0	0	0
215332	0	1	1	0	1	2
237711	61	53	54	52	47	53
67046	216	270	255	200	251	222
17261	2279	2167	2410	2318	2196	2330
320817	537	551	554	474	510	482
28071	662	631	555	452	511	586
13010	13965	12756	15387	16397	14903	14546
67472	432	461	366	420	426	423
208718	338	342	368	332	338	328
214854	3496	2472	2966	2924	2969	3129
12477	0	1	1	0	0	0
245386	0	4	1	0	0	2
72308	940	977	1028	961	954	966
13990	739	711	663	547	559	620
69727	206	229	212	206	224	253
229644	73	77	62	75	78	75
319885	377	410	352	316	354	339
14628	1986	1883	1811	1645	1834	1909
83815	361	477	350	232	274	233
319535	340	276	305	212	239	244
78891	1328	1414	1567	1499	1461	1386
257908	0	0	0	0	0	1
19073	1985	1730	1760	1680	1775	1793
224897	1101	1178	1211	1136	1048	1092
14544	801	907	777	417	436	462
14373	17	19	21	34	50	24
433375	11771	10037	11490	13654	13869	13995
20917	661	777	655	597	653	627
224079	1	0	0	0	0	0
93889	0	0	0	0	0	1
330474	1122	1309	1313	1213	1146	1097
20534	503	572	568	585	547	507
242584	21	28	23	11	19	14
546368	0	0	0	0	0	1
15372	0	0	2	0	0	1
80752	2424	2232	2606	3073	2799	2848
78892	3	0	0	2	0	1
14155	1640	1649	1627	1508	1671	1620
69077	1230	1502	1399	1338	1450	1366
72759	1339	1293	1228	1665	1802	1716
17188	2780	3142	3186	2834	2672	2472
78889	4061	3408	3551	3421	3346	3627
243655	0	0	0	0	0	0
14030	4749	5393	4952	4510	4371	4352
67893	1444	1227	1482	3415	3449	3381
93893	1	0	2	5	5	5
19240	5223	5693	5944	5965	5697	5201
26922	329	341	304	343	334	324
67770	192	184	159	154	165	153
99031	0	0	0	0	0	0
102638888	12	19	31	21	13	15
244891	359	323	365	312	286	310
245902	110	120	104	62	69	66
100604	671	833	817	600	679	615
115488029	58	66	52	33	40	47
208158	1	0	0	0	1	0
328232	27	31	19	23	20	46
11752	0	0	0	0	0	1
66848	2925	3440	3079	2925	3096	2849
69372	85	89	123	117	110	97
50754	337	329	326	316	327	286
15165	0	0	0	0	0	0
100039796	375	208	283	222	138	195
118568462	0	0	0	0	0	0
75659	34	50	55	48	44	41
74493	2664	2270	2154	2027	2153	2122
225266	0	0	0	0	0	0
110257	0	6	5	0	4	5
80707	233	214	253	235	263	197
75558	2	0	0	0	0	0
30940	2142	2447	2182	1801	1929	1836
72121	148	177	156	137	172	137
246104	4	3	1	2	9	9
228911	0	1	1	0	1	0
16948	47	28	27	35	21	41
71330	506	619	535	483	509	507
105653	0	0	3	0	0	0
105348	415	540	459	375	388	402
12400	2731	2880	2582	2106	2102	2282
70358	0	0	0	0	0	0
208285	52	52	49	33	43	47
67381	365	433	393	326	346	342
320225	19	16	14	35	24	23
57319	5637	5824	5590	5043	5233	5294
74479	492	459	490	429	433	428
21678	0	0	2	4	0	2
28135	276	286	279	251	259	289
76808	10730	10877	13102	12486	11763	11128
207781	239	246	253	284	292	289
18973	605	881	722	527	517	531
210940	0	0	0	1	0	1
77422	158	141	126	115	140	160
20287	0	0	0	0	0	0
74186	0	0	0	0	0	0
69274	344	419	375	273	304	303
80885	43	32	46	46	39	43
170791	5709	4878	5154	4942	5024	5087
14825	9	3	10	2	2	1
17922	0	0	0	0	0	0
240816	8	11	10	13	3	8
56390	130	161	185	164	166	127
230393	158	208	183	204	198	194
106200	464	539	554	601	511	505
12823	10	7	7	8	6	7
57320	1196	1540	1483	1260	1338	1224
80285	1464	1331	1418	1180	1159	1264
329575	520	437	392	327	314	319
67804	8402	10119	8784	6808	6965	6784
20598	232	237	289	265	256	245
383678	0	0	0	0	0	0
19043	1103	1106	1056	965	1086	968
59308	0	0	1	0	0	0
223776	428	348	430	445	396	375
100043813	3	0	6	6	0	10
21787	1729	1871	1713	1715	1625	1669
242691	261	308	288	296	263	270
56397	4146	4317	4239	4066	4206	4037
213109	1632	1646	1604	1344	1365	1386
383766	3	8	7	8	7	6
74694	20	15	19	14	10	12
67126	1284	1303	1232	1280	1299	1225
107769	4546	4270	4344	3960	3957	4165
94254	206	258	206	298	256	268
77836	0	0	0	0	0	0
215474	385	429	402	425	375	374
382045	0	0	1	0	0	1
14632	0	0	0	1	1	0
59126	1415	1629	1576	1517	1456	1455
50706	25	13	19	18	28	26
75416	620	662	612	672	675	655
104349	107	70	87	61	60	58
14187	2195	2245	2007	1737	1721	1725
102774	100	123	102	112	111	106
74778	1470	1705	1780	1755	1692	1568
19185	1822	2037	2014	1973	1879	1755
108686	764	818	680	524	615	550
224224	83	93	84	60	77	76
218461	192	174	157	156	200	159
67092	1492	1450	1424	1517	1452	1388
11966	12674	10312	12227	18997	18091	18911
100273	2580	2539	2466	2366	2405	2369
16336	0	0	0	0	0	0
56297	185	167	151	139	138	131
70450	876	867	934	877	840	811
75564	112	118	131	100	105	84
16790	9933	9274	10519	15577	14382	14813
72661	0	0	0	0	0	0
16923	2629	2777	2919	2949	2662	2635
73862	7	5	5	5	3	7
74134	34	14	24	111	72	96
18214	8	3	2	3	2	5
66841	857	846	822	806	809	848
67030	195	207	175	153	155	156
70767	517	570	532	506	543	514
22757	163	160	176	147	178	187
102638382	0	2	2	2	1	4
12870	22	2	19	22	22	28
21925	0	0	0	0	0	0
54159	0	0	0	1	0	1
108154	32	24	42	15	24	30
319601	127	132	138	133	124	106
216797	3	1	1	0	1	1
226654	2	2	4	0	2	1
242939	0	0	0	0	0	0
140780	1274	1480	1293	1022	1093	1006
67387	827	849	954	825	840	835
56149	8	13	11	12	10	9
115488529	1	1	0	1	1	0
226422	620	582	622	574	562	561
271970	0	0	0	0	0	0
22750	27	44	37	31	29	26
26559	0	1	2	0	0	0
17940	9	7	5	9	18	5
27357	3077	2654	2933	2942	3154	2954
13057	7077	7230	8606	9795	9146	8371
22589	2198	1964	1794	1436	1493	1474
75747	39	66	43	39	41	32
18968	647	982	755	636	650	639
12773	0	0	0	0	0	0
66383	738	766	928	936	834	833
245404	0	0	0	0	0	0
383075	3	2	4	1	1	1
14727	8865	9510	8439	10443	10835	11137
20663	945	883	869	809	867	826
320148	1319	1304	1396	2518	2404	2624
56032	237	272	236	223	247	231
75528	0	0	0	0	0	1
219228	0	0	0	0	0	0
17769	1669	1383	1681	1759	1487	1519
27374	637	722	695	679	675	675
378460	116	177	138	152	157	158
231225	492	548	503	517	568	565
11490	5982	7728	7532	7220	6791	6381
78558	89	82	111	61	45	32
60507	77	74	94	81	91	81
20312	29	32	42	12	24	14
12142	524	253	369	329	299	337
27277	637	718	746	726	682	657
243937	0	0	0	0	0	0
224432	830	1068	936	884	842	789
235628	0	0	0	0	0	0
192119	1074	1198	1137	1065	1074	1075
74164	1054	1191	1060	1067	1091	1097
213056	295	245	219	208	217	221
75573	0	0	0	0	0	0
70247	3049	3617	3203	3217	3331	3266
216974	6	2	4	1	4	6
110960	1075	1406	1267	1356	1389	1423
215929	3	3	4	1	5	9
14013	0	0	0	0	0	0
13036	4284	4149	4366	4675	4817	4954
74472	0	0	0	0	0	0
554327	0	0	0	0	0	0
446099	0	0	0	0	0	0
11846	5	6	4	2	2	1
104681	775	883	763	690	729	743
67168	2937	2058	2468	2166	2281	2420
69379	16	8	11	10	16	10
277973	197	317	217	162	190	137
27217	1	1	2	0	1	1
226352	12	20	13	22	24	27
68233	0	0	0	0	0	0
13409	0	0	0	0	0	1
21385	1	0	1	4	1	5
14293	32	16	32	55	54	58
216984	5130	4570	4508	4727	4341	4664
109212	604	873	781	559	481	476
29806	1385	1462	1538	1491	1482	1501
215160	359	397	374	375	412	360
237107	514	563	503	474	533	552
73845	5	7	6	12	7	10
30058	265	345	285	304	343	316
70427	547	537	518	586	532	551
53761	4412	4959	5245	5146	4631	4545
227331	1124	1169	1139	1132	1087	1123
242608	0	0	0	2	0	0
11605	2796	2823	2741	3103	3198	3191
78801	0	0	0	1	0	0
244332	0	0	0	0	0	0
68048	392	540	471	539	554	534
52163	2762	2652	2928	3509	3614	3373
231889	970	936	844	775	849	852
97827	326	328	335	308	309	328
117934532	15	16	8	14	14	11
57357	996	1052	1077	1055	977	963
13385	425	410	444	385	392	415
13803	629	512	608	524	587	595
72472	2270	2060	2161	1858	1970	1944
240756	110	122	110	107	128	149
18557	4045	4764	4802	5527	5350	5091
71660	0	0	0	0	0	0
73072	8	5	6	1	9	6
71884	0	0	0	0	0	0
30943	13	12	10	9	5	5
13035	35	7	19	24	7	17
235574	1753	1639	1638	1510	1548	1614
67123	1533	1438	1462	1570	1553	1469
22021	382	418	440	383	342	363
53328	1585	1544	1637	1589	1667	1624
16541	2487	2467	2677	2479	2436	2268
67486	214	245	227	266	301	270
18726	141	195	150	104	99	113
69928	84	106	95	79	64	74
56846	13	17	12	17	13	17
57028	19	46	30	39	34	32
115489150	2	0	1	0	0	0
93686	36	51	25	37	49	37
229227	1183	1198	1195	1055	1000	1010
243911	0	0	0	0	0	0
207214	1525	1511	1330	1201	1354	1406
232855	85	91	82	95	71	98
74114	1003	990	943	787	873	904
118568337	7	18	7	2	8	9
243864	74	53	63	42	71	59
22147	0	0	0	0	0	1
19225	15	18	17	5	8	9
268449	12520	12112	13772	13317	12198	12600
115488195	0	0	0	0	0	0
69538	5	1	5	6	5	13
19283	1	0	0	0	0	0
432589	0	1	1	0	1	2
52717	461	437	448	409	382	366
244886	0	1	1	3	0	0
238463	0	0	0	0	0	0
16419	4874	5659	5838	5128	5057	4810
67695	2036	2016	2056	2027	1854	1690
70008	0	0	0	0	0	0
319200	4	2	5	2	1	2
78672	0	1	0	0	0	0
271375	1	2	0	0	4	1
19719	413	489	468	387	414	400
20980	0	0	0	0	0	0
72685	5	5	2	0	2	2
76900	1088	1419	1534	1477	1362	1184
118567641	0	0	1	1	1	2
73172	434	427	384	387	364	337
286942	45	41	54	30	44	28
66084	323	372	310	321	335	364
214597	2455	2113	2685	2625	2462	2471
407819	1388	1284	1250	1246	1309	1348
70791	502	477	472	457	473	488
319477	2	0	0	1	0	0
108100	1062	1123	1165	1012	1010	870
118568006	1	1	1	1	4	1
26938	0	0	0	0	0	0
18572	712	786	758	755	663	741
56409	1149	1281	1256	1256	1210	1216
16475	19	27	33	27	29	27
14357	1	0	0	0	0	1
14701	2190	2119	1992	2084	2102	2132
215008	639	618	574	578	521	556
432879	44	56	53	35	35	29
73139	45	31	35	51	50	42
26438	0	0	0	0	0	0
56772	190	212	194	207	219	226
17242	21	13	20	18	25	22
213236	8	9	4	7	7	5
209131	1628	1658	1624	1570	1656	1574
102182	450	425	458	391	498	391
210998	2540	2430	2212	2258	2409	2475
18521	8756	8336	9074	8668	8849	8554
623781	0	0	0	0	1	0
74782	0	0	0	0	1	1
71914	2411	2285	2256	2196	2227	2269
99311	1100	1037	1086	987	1038	1032
105245911	35	32	24	31	25	34
20623	544	543	595	503	528	495
230796	610	715	733	769	704	696
67419	0	0	0	0	0	0
69399	698	752	763	577	674	587
13849	792	536	711	1310	1325	1471
20085	8321	7681	8667	7868	7730	7121
19070	774	741	683	581	642	670
230789	1007	911	930	869	842	934
56381	1100	1139	1251	1413	1235	1209
12545	193	293	216	195	178	172
319984	0	0	2	0	1	0
74241	14	19	19	33	22	23
23996	1497	1880	1781	1772	1643	1635
380684	0	2	1	1	0	0
237758	0	1	0	0	1	0
223255	2623	2689	2560	2109	2160	2192
330790	0	1	0	1	1	1
94332	3	1	0	0	0	0
73582	148	168	153	145	136	139
23872	917	1378	1069	897	968	891
21853	423	722	566	428	446	372
75212	405	460	437	498	471	440
625249	3492	3896	4192	4336	4062	3902
68874	5	3	5	3	2	4
66561	0	0	0	0	0	0
100043387	93	62	53	42	60	72
12609	302	402	421	284	279	255
54170	4922	4991	4976	5093	5389	5288
118568461	0	0	0	0	0	0
245537	1	3	1	3	1	1
15451	41	17	28	35	35	46
78245	0	0	1	0	0	0
20300	38	41	32	33	32	30
17035	541	623	625	482	511	484
232430	353	253	293	317	309	339
70599	2326	2211	2403	2178	2225	2217
20315	9	1	2	4	1	3
101055915	0	0	1	0	0	0
58521	4878	4300	4207	3612	3772	3719
55984	1	0	0	0	1	0
20768	1907	2090	2101	1722	1830	1646
23805	10	11	16	7	11	9
56365	8	4	6	8	5	7
93835	0	0	0	1	0	1
14302	7	14	14	7	7	11
386655	30	17	32	39	30	21
20657	2	1	7	11	5	7
13605	858	1188	876	557	620	548
260315	7	2	2	1	0	3
80986	565	671	588	372	417	353
27370	7652	6795	7377	6924	7055	7326
319555	4	0	4	2	1	0
69123	0	0	0	0	0	3
219038	0	0	0	0	0	0
93701	72	40	57	49	86	68
56496	0	0	0	0	0	1
20343	25	9	22	17	10	13
14585	0	0	1	1	0	1
13527	0	1	0	0	0	0
104248	1292	1302	1450	1412	1187	1240
12466	2932	3512	2980	2867	3191	2934
72090	0	0	0	0	0	0
654309	1	2	1	1	1	0
225870	32	42	29	28	27	21
100043686	0	0	0	0	0	0
319322	4212	4720	4691	4047	4055	3986
320633	204	144	132	135	125	135
20202	549	45	306	138	44	117
19899	7147	7053	8753	8176	7392	6860
245839	0	0	1	0	0	0
106931	46	45	34	37	38	50
18602	443	470	502	271	276	257
102638847	24	21	21	18	20	12
320292	1536	1650	1600	3381	3681	3564
240776	0	0	0	0	1	0
11793	851	823	811	762	831	823
98053	1314	1412	1423	1227	1218	1153
19164	2231	2208	2203	2226	2137	2083
57377	834	1006	935	993	992	950
238662	1	1	0	0	0	0
244867	0	0	0	0	0	0
381356	550	468	558	483	468	510
22154	18496	26570	23911	17368	17436	15271
75624	707	905	869	750	801	739
381560	163	203	155	153	148	143
56543	0	0	0	0	0	0
68767	803	730	784	749	746	728
18634	460	453	432	449	444	485
110920	840	900	745	737	845	802
57312	306	269	261	282	282	284
27041	2039	2676	2354	2231	2301	2094
225884	0	0	0	0	0	0
18933	4	2	3	3	0	6
208650	980	1256	1076	1041	1020	1034
236733	70	79	88	73	79	81
94109	1	0	0	2	1	3
83964	0	0	1	0	1	0
434794	36	28	30	24	19	32
11988	75	106	99	88	90	97
101488	668	405	579	229	144	171
112406	878	930	1020	936	843	805
69740	201	208	182	206	209	195
208659	6	3	3	1	0	3
29863	527	426	479	502	614	550
58245	256	314	297	371	353	336
381549	28	38	30	23	26	30
94186	1126	1061	932	811	869	891
18413	102	120	112	136	134	115
18302	294	324	309	293	300	274
208884	1561	1417	1407	1478	1442	1507
320184	1537	1301	1212	1094	1248	1175
217715	770	822	970	833	786	753
74168	529	672	594	578	552	534
17161	457	426	431	387	378	384
63953	56	71	51	78	77	56
319189	0	0	0	1	0	0
67009	12	18	10	16	13	7
70575	23	31	34	42	34	38
12968	0	0	0	0	0	0
68999	348	355	292	248	294	275
209357	190	186	190	201	180	162
64705	3	2	4	3	2	5
319278	325	296	293	290	258	278
64339	0	0	0	2	0	1
69457	0	0	0	0	0	0
65102	279	348	333	312	328	302
16467	0	0	0	0	0	0
18597	1804	1859	1695	1811	1880	1961
319807	0	1	0	0	1	0
106068	1021	995	1069	1117	1012	980
13591	0	0	2	2	1	0
12843	136	27	102	142	78	131
66116	31	23	31	27	35	33
83925	754	653	606	654	631	635
208449	841	830	785	895	927	922
79264	556	567	517	382	434	482
52513	648	730	665	652	690	705
12335	5	5	3	3	3	3
14218	622	706	679	561	661	588
26885	469	529	445	351	324	344
54216	1416	1119	1302	1181	1037	1155
668203	0	0	0	0	0	0
15257	3128	2992	3059	2602	2733	2894
64214	836	734	631	578	648	625
67345	1097	993	962	942	930	1037
13587	10	1	4	1	1	2
14083	145	275	208	229	204	192
237611	2	3	5	9	11	8
320111	8	5	6	5	5	3
57869	264	250	320	275	260	257
66191	996	979	820	768	833	857
223435	1114	1223	1277	1211	1224	1242
17295	119	116	116	87	101	102
16558	845	858	783	771	740	810
81000	669	667	660	634	646	618
18011	53	53	61	60	72	57
19735	4789	3835	4427	5915	5889	6095
12633	2037	1730	1718	1710	1850	1843
207792	0	1	0	2	0	0
64899	0	0	0	0	0	0
24113	0	0	0	0	0	0
229905	65	103	86	64	79	69
66214	27	20	18	15	20	14
227290	2859	2757	2924	2839	2938	2827
74039	3722	3316	3839	3033	2843	3019
69185	145	150	134	121	133	130
78755	227	274	219	196	175	194
384783	284	353	380	348	331	307
223864	31	30	38	69	57	35
11765	2870	2783	2715	2537	2531	2528
20405	1894	2291	2303	1839	1795	1676
56485	4	3	2	1	2	5
70645	206	292	215	190	173	165
171486	940	973	937	946	953	925
58859	215	201	247	217	208	204
72026	107	127	110	140	111	136
74147	99	96	111	99	96	127
17158	3259	3427	3161	2878	3044	3022
72949	558	542	538	518	533	565
103836	165	217	184	168	191	204
67842	869	986	1031	1030	930	933
22680	2986	2981	2741	2621	2635	2630
68614	910	832	929	1024	1010	992
68020	357	376	395	431	402	342
118567664	13	21	21	13	16	11
18028	0	1	1	0	0	0
18858	8625	9389	8621	9474	9572	8985
22034	781	779	804	723	700	751
67388	1896	2221	2253	2080	1925	1933
16563	836	863	761	638	769	740
115488536	0	1	0	0	0	3
16412	12724	14537	12674	12607	13504	12978
27412	2	3	2	4	1	4
54636	396	356	439	433	397	427
66229	1707	1891	1858	1614	1734	1715
215494	45	52	58	75	62	72
100270744	0	0	1	0	0	0
76482	475	563	503	547	511	556
94094	741	569	591	510	454	537
100040766	9	15	13	11	2	4
56306	275	279	266	235	239	285
68515	19	29	27	25	18	20
72654	688	848	817	689	682	606
320277	31	17	25	17	24	9
16430	4427	5349	5039	4737	5133	4851
22427	628	626	537	503	522	494
271005	89	69	68	84	90	87
225471	730	666	675	515	616	588
53612	1165	1353	1264	1257	1321	1223
227723	1763	1862	2048	2001	1859	1914
24059	1	0	0	1	0	1
270086	402	391	419	368	414	426
22256	122	179	155	124	117	112
17135	545	490	514	596	571	546
11515	771	691	751	760	730	753
22187	18223	19783	22482	18464	18897	18400
54405	688	741	656	753	693	647
140579	1523	1787	1758	1844	1827	1886
30794	786	704	826	840	757	764
72162	1020	1022	941	802	887	876
56208	1722	1677	1643	1708	1703	1713
118568284	10	3	4	5	0	0
240168	373	365	371	334	294	339
22788	0	0	0	0	0	0
67249	404	422	395	291	347	316
229445	1274	1139	1104	1169	1170	1158
74002	16	15	16	15	17	11
17979	3059	3187	3188	3113	3016	3056
216810	559	589	631	664	660	634
667281	4	20	15	14	10	11
224044	4	3	3	3	2	2
19821	748	662	705	564	632	623
76816	362	374	357	289	321	294
319638	380	411	292	327	334	307
15208	0	0	0	0	0	0
75788	580	596	660	679	663	625
102640171	23	22	24	28	18	10
20322	2083	1864	1895	1877	1767	1834
24047	0	0	0	0	0	0
66826	795	693	781	821	741	829
330723	3	5	3	3	1	4
78394	882	782	758	638	701	701
16511	1	0	0	1	1	0
320717	502	523	531	525	523	550
58230	285	306	292	282	264	252
24050	0	0	1	2	0	1
115490161	33	39	32	30	31	29
54710	4	4	4	4	3	10
258544	0	0	0	0	0	0
29876	10073	10078	9886	10996	11142	11054
237625	0	1	1	1	3	1
320351	414	387	405	432	477	427
71461	5	0	1	5	1	2
117146	1577	1610	1699	1691	1556	1604
76763	1614	1480	1389	1330	1516	1469
57441	775	1053	861	602	684	591
12914	600	638	693	556	529	564
74375	416	395	418	374	370	398
12483	170	94	126	115	118	143
212539	0	0	0	1	0	0
241112	21	20	24	11	13	17
100041283	0	0	0	0	0	0
13723	6008	5813	5916	4149	4782	4455
108160	984	973	1051	1087	1085	1167
239122	247	250	235	181	184	201
226781	0	0	0	0	0	0
214301	0	0	0	0	0	1
30936	0	0	0	0	0	0
329777	1030	1121	1087	1157	1141	1126
68092	1061	1166	1121	858	1012	1008
12012	0	0	1	0	0	3
278679	0	0	0	0	0	0
26415	3	1	4	2	2	3
228769	594	696	667	594	634	644
26572	756	873	820	719	712	784
100039681	0	2	1	2	1	1
194237	0	0	0	0	0	0
140859	74	63	46	66	58	70
66910	93	111	86	91	88	93
277250	1950	1921	2018	1812	1709	1807
109552	2102	1954	2071	1750	1806	1654
22224	394	568	461	456	493	409
12520	3413	3871	3759	3583	3580	3370
14411	9	14	13	8	7	10
14867	0	0	0	0	0	0
68979	551	654	501	516	567	523
14635	533	812	670	644	596	488
234076	602	638	675	746	714	667
69639	364	452	382	354	358	367
54326	0	1	1	0	1	0
17240	5	6	7	9	12	3
213449	1	0	0	0	0	0
54132	43	55	45	35	32	33
72973	23	22	23	18	18	17
59027	3798	3563	3281	3267	3639	3593
67120	1393	1184	1116	981	1062	1111
72184	4	3	8	8	5	9
338362	57	56	62	55	74	49
66522	717	711	726	767	805	774
68576	1093	1062	1141	1135	1064	1133
320696	1	1	0	2	4	2
77929	938	868	779	794	851	902
118454	0	1	0	0	0	0
242705	1083	1488	1165	837	815	838
67453	1050	991	916	906	1004	948
11775	0	0	0	0	0	1
67044	828	782	932	946	834	864
69085	383	421	403	402	395	373
18020	252	279	237	223	231	206
26992	1346	1423	1320	1298	1320	1421
20447	13	14	5	1	2	6
20971	2956	2735	2843	2013	1955	2005
23827	471	565	535	501	539	490
67911	274	266	251	222	193	239
319153	1	0	2	0	2	0
244141	143	160	151	136	154	152
16325	0	0	0	0	0	0
14792	1516	1254	1397	3843	3655	3535
80385	362	347	393	425	429	393
380993	141	141	164	171	147	163
216156	717	823	902	847	762	780
15482	15	23	18	40	59	54
12418	455	455	464	471	403	394
73690	4813	4267	5123	5852	5624	5616
72082	0	0	0	0	0	0
381410	332	311	282	339	306	315
230558	0	0	0	0	0	0
66311	95	144	126	101	94	75
20927	0	0	1	0	0	0
107368	859	842	724	714	772	720
75555	4	7	14	14	13	18
52585	1848	1722	1842	1934	1906	1970
142682	156	142	161	166	160	169
22245	693	703	711	667	589	653
100859931	176	274	220	196	208	204
76527	3	0	0	1	0	1
12163	0	0	0	0	0	0
26377	686	535	571	484	474	460
13106	0	0	0	0	0	0
69942	40	46	37	46	38	43
210673	0	0	0	0	0	0
240185	89	93	66	90	86	85
22445	2	8	7	7	10	2
16160	9	5	11	6	2	4
104444	853	1147	1064	1003	1099	977
100113398	49	76	72	65	60	44
67179	412	458	395	364	418	435
668303	0	0	0	0	0	0
69539	5	6	6	5	3	5
22631	6066	6974	6249	5549	5994	5748
109242	215	297	258	200	223	172
56717	841	972	923	924	950	959
18106	316	500	326	208	244	194
12733	0	0	0	0	0	0
21338	0	0	0	0	0	0
626415	28	28	30	33	39	35
103098	1	0	3	1	0	2
234395	0	1	0	0	0	0
71982	1865	1706	1555	1338	1552	1479
217310	3	2	2	6	0	1
71989	449	400	482	393	415	412
102636203	0	0	0	0	0	0
69215	44	61	66	49	46	39
69769	1504	1170	1547	1523	1284	1270
15442	3760	3057	3523	3018	2997	2930
236576	40	57	37	20	34	30
13448	1398	1260	1374	1341	1303	1324
20501	358	501	365	432	429	434
94192	238	252	186	195	193	206
230908	3346	3732	3193	3005	3236	3142
66231	588	585	530	417	500	425
70314	276	269	342	320	293	263
75462	14	8	8	13	14	7
170707	1918	1905	1939	1905	1897	1907
18975	842	906	921	905	779	845
11717	1099	1399	1267	1102	1033	1031
108699	2	2	1	2	1	0
104718	747	861	854	1257	1254	1212
22666	385	453	463	397	380	408
20840	0	0	0	0	0	1
14159	2368	2243	2530	2638	2339	2393
80733	2	4	5	0	1	2
224093	270	188	332	377	329	359
73453	2	0	1	1	1	1
94245	1298	1462	1414	1471	1506	1396
70351	1574	1766	1721	1550	1556	1566
237465	0	0	0	0	0	0
19175	2496	2933	3043	3135	3041	2852
23985	0	0	0	0	0	0
218194	22	7	10	12	20	16
67054	3524	3647	3433	2896	3234	3091
73825	1474	1376	1448	1239	1216	1241
69546	164	163	181	166	187	178
15270	739	939	986	703	663	526
56426	1475	1340	1324	1254	1310	1349
14390	1053	946	915	802	834	824
66449	158	187	197	154	171	142
19192	1737	2056	1844	1784	1919	1803
54451	1329	1436	1314	1405	1384	1314
18607	1152	1181	1164	1106	1066	1129
78455	668	749	777	624	634	607
12767	2297	2070	2459	2031	2087	2148
18541	855	1044	952	789	683	798
69259	493	595	579	565	513	509
235469	284	258	262	217	210	216
57266	99	176	161	146	187	128
243914	17	14	33	11	13	17
71242	53	68	79	75	74	50
77974	7	39	22	19	6	7
20132	0	0	0	0	0	0
71529	1	1	1	1	0	2
16532	0	0	0	0	0	0
217682	0	0	0	0	0	0
192157	545	478	551	586	555	569
24064	242	273	281	278	218	231
320701	1	0	2	2	0	0
70561	866	801	758	733	838	869
13197	198	195	233	303	314	308
244723	0	0	0	1	0	1
83672	0	0	0	0	0	0
73024	1842	2023	1808	1785	2055	1905
93790	1695	1703	1532	1785	2000	2020
207686	0	0	0	0	0	0
12301	1093	1210	1143	985	1086	1070
12815	46	37	46	42	32	31
13026	3148	2655	2954	3142	3182	3153
17149	650	669	514	502	549	535
68760	0	1	0	2	1	0
75710	611	604	530	495	496	532
69091	1380	1414	1369	1423	1400	1315
330260	2674	2589	2513	2400	2575	2548
102636907	0	0	0	0	0	0
213350	609	550	600	551	505	537
66171	931	949	1162	1189	1158	1069
231134	0	1	0	2	1	2
27059	364	346	313	270	277	309
50915	0	0	0	0	1	1
259023	0	0	0	0	0	0
18763	1176	1293	1375	1356	1177	1313
230579	3	0	0	0	0	2
70552	59	53	58	51	41	53
71973	6	1	5	8	6	7
18824	7158	9078	8665	7602	7174	6828
319998	0	0	2	3	0	1
69574	54	41	49	28	48	37
27883	415	398	417	382	366	411
223648	51	55	63	63	55	39
60315	425	478	425	409	416	396
237010	0	0	0	0	0	0
215819	7	6	7	9	13	13
22019	2110	2070	1922	1878	2053	2041
65247	209	296	247	250	235	246
102693	244	247	279	240	218	212
21357	422	478	506	506	421	375
54196	1244	1438	1329	1096	1206	1089
225288	16	14	11	17	24	15
546644	0	0	0	1	0	0
17957	77	62	80	90	62	70
11512	20	15	30	30	21	23
231642	35	60	58	56	55	49
228715	121	121	87	113	114	90
24001	10	18	20	11	3	7
52466	177	210	223	226	235	198
66475	11773	10693	11616	10370	10647	10440
23856	1331	1236	1240	1148	1138	1115
15122	14	0	9	9	8	7
217695	947	922	1080	1052	1011	945
665378	6	4	4	0	7	3
68818	319	336	370	344	345	314
67596	3	1	3	1	1	0
338372	400	477	415	507	465	384
74140	1857	2128	1970	1875	1837	1870
12653	0	0	0	1	1	3
207278	1089	844	918	819	831	937
66942	834	998	904	818	935	900
12981	0	0	0	0	0	0
20638	2100	2807	2640	2408	2345	2142
66102	2479	1720	2473	3155	3069	3125
394432	5545	5269	5323	3595	3571	3673
76014	1180	1486	1361	1193	1213	1088
319740	614	584	658	623	617	604
100039946	1	0	1	0	0	1
67241	1370	1635	1331	1032	1091	1004
106952	1130	1348	1336	1223	1156	1127
100503545	0	0	0	0	1	0
668212	848	769	934	1207	1091	1241
230909	2	0	1	4	5	3
56744	8428	9743	9005	4599	4992	4455
26433	2131	2255	2446	2550	2440	2405
449000	32	16	17	17	26	24
17536	1	0	0	0	0	0
233147	54	77	47	66	53	48
109978	0	0	0	0	0	0
231296	6	1	9	3	5	3
19015	648	682	749	622	581	483
54426	2	2	3	1	0	1
109245	28	29	31	32	29	26
243755	0	0	0	0	1	0
12913	776	891	882	1001	934	953
17181	42	71	56	67	57	40
246730	2329	2281	2436	2413	2277	2387
66513	433	449	515	439	389	408
22678	19	18	22	24	32	20
13476	4345	4510	4632	4248	4223	3993
381318	363	545	487	336	328	315
77113	417	487	461	431	446	434
432763	0	2	2	3	3	2
16147	1	2	0	2	3	2
74239	429	419	413	372	362	398
22436	4096	4294	4135	3906	3815	3882
170744	4918	3816	4056	3597	3542	3839
11983	3285	3949	3679	3370	3313	3031
227933	1	1	2	18	19	21
14782	1132	1475	1270	1006	1150	1023
21413	1564	1400	1345	1067	1034	1103
60363	0	2	1	0	1	1
382985	276	244	230	230	251	274
218441	608	536	539	525	552	529
104362	4	3	1	2	2	1
69786	387	365	322	349	339	347
225852	0	1	0	1	0	3
330963	145	64	103	149	121	143
14377	0	0	0	0	0	0
232943	11	5	7	4	10	9
382075	1	7	2	4	2	1
71887	35	39	37	30	34	30
74446	0	2	1	0	0	1
213760	326	376	342	344	413	345
76421	0	0	1	0	1	0
233824	729	743	840	800	811	780
235435	3	2	1	1	0	1
70209	229	229	256	234	203	200
72195	380	327	361	320	307	375
78330	1028	1197	1130	1048	1030	950
69554	410	497	408	409	444	427
52856	188	186	178	199	179	216
26383	830	913	820	883	801	865
14026	3029	2024	2813	3771	3346	3570
69048	1550	1744	1694	1556	1581	1473
74603	19	19	17	17	15	11
231868	341	443	469	469	435	331
71709	8	6	9	7	17	13
170812	0	0	0	0	0	0
17217	1202	1814	1468	1143	1206	1154
327826	648	651	612	543	540	569
338355	3001	2990	3041	2703	2523	2592
210622	0	0	1	0	0	1
20926	2240	2414	2550	2466	2540	2309
77595	16	14	19	24	17	20
320343	0	0	0	0	0	0
239273	638	819	717	656	692	693
19134	1642	1624	1502	1378	1462	1596
52892	209	207	221	204	211	213
15504	0	0	0	4	1	3
665578	1	0	0	1	0	3
27981	4856	3888	5015	4747	4259	4590
207474	822	613	657	524	462	513
69339	0	1	0	0	0	1
74318	71	64	76	53	46	45
317717	330	346	368	330	325	312
67864	1158	1092	1081	1066	1151	1099
100043861	0	0	0	0	1	0
380780	0	0	0	0	0	0
16878	1	0	1	5	2	4
217119	3399	3106	3717	3343	3262	3216
56292	300	299	310	312	272	277
76650	3397	3137	3208	3227	3176	3206
21770	1112	1268	1382	1120	1131	1078
17224	3	0	0	0	0	0
216157	1597	1711	2034	1950	1719	1711
170722	0	2	3	2	2	4
140580	2009	2913	2400	2113	2065	2033
18555	1107	1299	1192	1119	1096	1029
12449	960	1339	1140	846	772	660
74551	1489	1766	1750	1968	1957	1700
22779	43	51	41	26	50	40
235441	883	892	934	820	769	894
246710	225	269	274	258	240	248
227526	31	17	23	23	22	19
16775	2	0	6	2	4	3
547253	4279	3358	3880	3463	3259	3614
73647	0	2	1	1	1	0
115488008	0	0	0	0	0	0
66399	175	222	208	232	225	218
239099	182	150	142	167	161	167
72981	573	617	579	606	612	622
71176	1	0	2	1	2	1
100043272	246	226	226	265	268	263
66971	176	160	146	132	168	157
12721	8212	8853	9445	8346	7783	7171
16599	1403	1245	1304	1061	1102	1048
72432	0	0	0	0	0	0
105245382	6	7	0	0	1	3
22031	664	677	720	635	638	618
100044509	5	6	9	4	5	6
18751	2493	2323	2450	2187	2272	2329
56226	8	8	10	8	7	3
26370	660	569	558	450	541	579
100503584	0	0	0	0	0	0
171171	6	4	10	16	13	16
66356	790	911	838	821	882	910
227358	2	3	1	3	4	2
258462	0	0	0	1	0	0
18291	0	0	0	0	0	0
21816	25	29	29	28	25	31
66111	1436	1324	1345	1554	1491	1480
226144	1168	1267	1127	1059	1083	1096
66390	764	922	788	768	872	835
230737	721	757	721	749	699	750
216439	50	52	63	48	36	32
12626	1128	1334	1130	819	976	1027
11801	6124	1680	4435	9796	7040	9285
232878	179	233	227	187	168	189
69834	1943	1529	1941	2009	1877	1970
15354	441	674	503	382	434	336
53895	232	310	303	306	327	281
16994	5	3	4	4	6	5
228576	0	0	0	0	0	0
208606	1051	1072	974	903	987	997
22601	2	0	1	2	0	1
71768	0	0	1	0	0	0
17975	8536	9526	8290	6881	7508	7358
101613	0	0	0	0	0	0
53972	0	0	0	0	0	0
27061	2959	3006	3075	3071	3101	3187
19106	2414	2222	2192	1788	1834	1824
21683	0	0	0	1	0	0
93739	1501	1270	1256	1245	1315	1330
257630	0	0	1	0	0	0
18074	111	221	162	52	58	54
12523	13709	11938	12210	12376	13521	13709
53878	0	1	0	0	0	0
66885	1023	909	889	853	891	899
280635	0	0	0	0	0	0
20356	2	7	4	7	2	2
70945	9	1	1	2	1	3
76574	0	3	1	5	9	4
21944	1226	1353	1369	1332	1239	1300
56697	1843	1666	1681	1781	1763	1943
115487184	1	0	0	0	0	3
100041677	829	663	568	527	505	524
93713	20	9	14	38	20	21
80914	544	828	705	700	830	697
93694	1015	381	593	756	608	845
233064	451	598	562	493	411	416
317750	50	67	59	60	70	81
11889	0	0	0	0	0	0
21428	773	851	762	744	763	809
78785	0	0	0	0	0	0
70788	0	0	0	1	0	0
170757	34	45	31	14	19	15
75423	1642	1350	1362	1267	1434	1447
67618	319	283	281	267	290	300
224613	485	496	520	522	489	517
56431	2997	3259	2831	2511	2789	2704
11834	1263	1522	1385	1308	1312	1294
56357	1033	1092	1166	1073	1070	1101
66272	369	353	358	317	360	347
66269	0	0	0	0	0	0
232989	4261	4531	4408	3940	3731	3668
230979	1417	1137	1303	956	1054	1041
114606	241	239	212	198	196	189
258673	0	0	0	0	0	0
237877	334	461	361	259	238	253
66949	713	855	626	446	529	460
71803	8	4	6	1	2	6
118568300	27	17	27	45	31	27
75886	0	0	0	0	0	0
17764	415	440	475	387	390	438
69737	425	424	405	365	408	383
13853	12	19	7	13	13	16
107449	67	47	55	49	43	45
228836	1238	1276	1289	1219	1340	1173
114249	1	1	2	1	1	0
11906	326	347	357	244	258	263
74770	0	0	0	0	0	1
54485	5	6	4	8	4	8
67588	1023	1030	1141	1147	1101	1107
237052	33	29	32	35	21	41
17151	800	848	873	833	825	831
14537	2980	3140	2708	1948	2098	2092
65115	0	0	0	0	0	0
319508	0	0	0	0	0	0
105242430	5	8	3	2	0	1
12442	1333	1936	1690	1030	1091	875
19279	0	0	0	0	0	0
70086	38	25	28	26	22	24
16784	15794	14432	13846	13882	14342	14517
22217	1332	1173	1287	1429	1402	1536
67119	50	44	50	41	43	38
101055672	0	4	1	6	0	3
18476	292	343	352	293	269	237
54616	1389	1522	1588	1512	1429	1423
14348	0	0	0	0	0	0
52633	260	289	311	243	289	269
20609	0	0	0	0	0	0
57344	107	98	99	145	136	126
68801	2418	2219	2251	3817	3961	4070
107338	1012	1088	1170	1039	1001	996
212569	57	61	43	48	58	52
226351	577	502	603	642	620	623
216618	382	379	320	309	311	347
320165	2491	2431	2349	1984	1900	2139
74023	24	13	15	10	13	11
18189	2	0	0	0	0	0
241636	0	0	0	0	0	0
69814	0	0	0	0	0	0
214639	29	46	27	22	18	23
12317	20051	25580	22420	23350	24102	23840
69747	48	56	44	76	66	56
73728	0	1	0	2	1	2
71797	3	0	0	0	0	0
14132	1669	1215	1690	1294	1312	1409
212712	49	36	47	48	38	57
28019	1113	935	1130	1058	989	1081
15042	396	341	368	343	305	313
64704	1259	1302	1448	1528	1366	1405
258216	1	0	1	0	1	0
245468	0	0	0	0	0	0
241075	1236	1171	1290	1250	1165	1245
15159	447	505	435	389	426	400
103775	0	0	0	0	0	0
19272	0	1	2	2	1	0
216565	123	120	97	104	105	104
11859	0	0	0	1	1	0
56868	0	1	0	0	0	0
239552	1	0	0	0	1	1
54473	2200	2339	2231	2354	2271	2239
208922	176	162	149	153	206	178
319187	1	1	1	0	0	1
102635944	0	0	0	0	0	0
235493	346	216	293	289	266	273
56372	1752	1806	1915	1746	1759	1676
18129	2525	2430	2580	2364	2350	2490
103199	707	770	784	717	696	791
233058	77	87	70	74	92	89
71924	159	226	172	152	116	123
192970	187	156	214	207	210	219
100862365	0	0	0	0	0	0
18709	692	793	847	767	742	727
103710	522	628	641	639	627	545
70785	694	614	705	601	555	563
12428	2430	3484	2623	1773	1950	1730
22095	0	0	0	0	0	0
235293	1782	1390	1557	1976	1973	2142
433938	7	3	12	8	7	12
66364	102	91	111	100	111	108
81879	2	0	0	4	1	2
18675	1	1	2	1	1	1
231912	205	241	213	223	232	222
59093	45	75	57	49	66	52
237253	91	116	106	90	121	141
224661	3	1	2	0	2	1
74211	1000	1380	1339	1067	1080	1013
17869	543	877	763	870	794	775
16764	3	3	3	6	1	3
22152	1	2	2	2	1	1
15388	3469	3834	4042	3797	3623	3418
72175	238	245	230	205	238	271
14208	1538	2064	1748	1572	1656	1593
214917	665	669	723	767	685	642
74196	253	331	278	337	305	302
19645	1294	1208	1126	996	1015	1062
268977	5	2	4	3	2	4
67045	364	397	379	343	379	347
108673	521	562	593	571	556	584
58810	30182	27380	31663	30399	28173	29399
20872	511	587	635	596	584	625
118567759	1	0	1	0	0	1
218311	113	107	101	95	81	87
12469	3226	3913	3277	3053	3236	3186
70025	858	1344	1090	890	940	848
14694	16990	16728	17943	19188	16908	17197
229697	0	0	0	0	0	0
12568	617	680	749	721	671	638
230863	3	2	5	4	1	6
11931	1	0	0	3	1	2
72500	56	59	71	74	69	64
381375	4	0	1	2	3	3
15937	253	193	243	210	217	223
23939	612	623	735	736	704	650
28018	706	660	661	684	730	744
94232	802	887	954	1027	875	860
16179	1942	1823	1889	1900	1911	1856
18018	1387	1459	1539	1274	1108	1147
72397	187	149	175	105	118	142
54609	913	935	946	901	872	804
22234	542	534	493	442	469	467
69716	265	384	302	230	224	197
216739	0	0	0	0	0	0
347722	1121	1278	1252	1246	1150	1111
225467	948	927	784	733	857	794
12353	3	2	0	2	1	1
12311	0	0	0	0	0	0
70420	240	293	253	236	245	223
13506	0	0	0	0	0	0
239027	725	1027	949	822	812	758
70186	286	460	378	297	330	340
18133	0	0	0	0	0	0
118568354	2	0	0	0	0	0
214742	437	388	402	393	417	398
212483	617	626	620	652	596	595
210925	674	719	789	638	632	665
279028	50	24	26	30	33	32
20466	1171	1322	1229	1134	1048	1049
67037	686	955	901	694	667	552
26893	1314	1522	1539	1370	1417	1300
101401	0	0	1	1	1	0
27364	434	452	460	364	450	413
72400	130	137	123	107	130	99
67873	167	208	209	243	213	188
100041057	3	5	3	3	3	2
218121	104	242	182	112	111	85
66498	883	995	1087	1097	1046	960
226265	0	2	4	1	1	4
66369	197	228	205	243	237	251
18120	543	607	592	541	516	479
218820	53	66	83	73	62	46
70796	164	167	188	192	164	150
19027	3758	3601	3319	2827	3130	3012
13040	67534	63975	65140	62580	64167	65725
24075	702	935	910	932	855	767
214585	932	963	1078	1137	1006	1007
211612	225	187	199	197	212	258
83554	20	16	13	10	9	9
14233	0	0	0	0	0	1
229700	182	231	228	203	173	192
319179	5	8	12	7	10	12
56273	555	583	684	632	583	592
78777	403	459	510	468	371	427
64934	2182	2237	2338	2269	2162	2079
18844	5290	6501	6163	5923	5744	5494
93717	0	3	2	0	5	3
102634715	3	3	3	9	2	8
16181	884	985	886	812	931	872
381411	0	1	0	0	0	0
212070	0	3	2	0	0	0
232827	0	0	1	0	0	0
69724	471	662	551	563	524	533
218613	192	163	167	164	170	158
11705	0	1	1	1	2	4
26950	1	0	0	0	0	0
11540	14	2	9	3	3	4
54371	0	0	0	2	1	1
19885	1	0	0	0	0	0
110454	2939	2570	2743	1775	1725	1726
14376	3711	4354	4002	4009	3871	3821
66468	160	216	174	116	137	105
230249	1861	1837	1682	1636	1700	1747
73813	0	1	1	0	0	0
211550	1439	1085	1237	1234	1231	1265
230678	0	0	0	0	0	0
233744	1	0	0	0	0	0
54448	0	0	0	0	0	0
382097	0	0	0	1	1	0
13392	0	0	0	0	0	0
26462	357	364	410	409	371	376
171210	168	161	156	180	170	170
667118	381	346	370	426	439	398
102632837	0	0	0	0	0	0
240084	141	206	178	156	128	91
12585	175	192	181	185	184	162
15360	0	0	0	0	0	0
244871	445	365	361	320	354	372
73893	25	18	28	38	36	39
224624	879	861	870	949	869	810
102566	784	829	784	731	819	774
192169	1123	1349	1101	1026	1121	1054
100040563	1019	1120	1016	1000	884	912
330908	0	0	0	0	0	0
106039	1689	1855	2013	1899	1890	1729
60345	0	0	0	1	1	0
109333	848	885	799	697	767	688
72136	628	687	685	613	597	556
245423	0	0	0	0	0	0
26879	658	531	503	421	465	451
245860	818	928	995	978	902	875
67226	1326	1267	1210	1294	1285	1271
246728	1654	1383	1617	1221	1122	1243
193670	611	551	549	532	535	572
71816	279	307	347	233	243	218
16974	1384	1161	1245	1099	1095	1272
272538	37	61	49	35	50	43
67331	1	0	2	0	0	0
216456	2	5	2	1	5	2
209584	52	64	56	64	54	51
628870	0	0	0	0	0	0
67705	971	893	1005	1007	853	957
17385	15	14	25	12	28	12
237360	4	0	10	8	3	7
235587	735	765	707	669	665	702
69073	0	0	0	0	0	0
66866	645	607	607	574	567	631
212943	1001	701	860	838	853	922
28126	481	527	524	512	543	534
16949	3	0	4	3	1	2
16069	1	0	1	0	0	1
52477	860	685	727	726	706	753
14226	281	312	303	238	254	229
68916	260	297	238	211	251	228
13172	0	0	0	0	0	0
100233175	184	183	164	175	137	183
19654	1115	1129	1111	999	1055	1090
69312	1	2	1	0	1	0
116701	38	44	52	44	44	47
14369	781	892	840	1235	1286	1228
66790	14	16	10	10	12	10
71844	1002	1196	1037	924	948	946
319651	363	420	377	297	316	311
23834	284	494	393	309	295	290
66416	950	923	1086	1066	952	924
110826	838	954	823	868	823	795
266692	1375	1580	1364	1248	1163	1184
140571	99	82	91	79	64	63
73390	71	38	65	72	66	58
67302	758	859	769	703	776	758
12068	719	630	609	593	593	688
56699	674	748	726	664	668	583
27878	502	581	509	474	475	465
16816	10	7	7	12	6	7
21828	0	0	0	0	0	0
76306	81	76	70	52	46	59
13179	3	1	4	4	1	3
22414	0	0	0	0	0	0
207819	6	11	9	7	7	3
66460	476	442	541	507	474	479
68837	1011	1169	1079	1179	1220	1180
72621	418	597	491	513	480	503
66105	6696	6480	6131	5418	6022	5963
81877	0	4	5	1	0	1
231717	210	200	234	184	165	179
74158	894	886	937	885	843	884
21922	1	0	1	2	1	1
232560	90	92	105	78	86	81
72440	394	531	460	420	386	383
215418	190	200	202	176	182	178
72043	1963	2195	2274	1643	1645	1532
237860	1205	1409	1285	993	954	1014
68153	515	564	516	393	446	433
58802	0	0	0	0	0	0
66713	11703	12180	10709	9513	10294	10034
102636909	4	3	2	3	1	3
64075	4	8	5	5	0	2
12845	3	2	6	4	3	4
231201	1	0	0	0	0	1
20558	189	128	171	85	78	77
268885	1	0	0	0	0	0
66540	1121	1072	949	853	916	853
68273	518	542	581	641	663	582
329002	527	529	547	574	528	541
20305	7290	3900	5374	7255	7455	8663
209003	136	210	143	140	128	115
69562	1042	986	979	906	965	1026
78284	28	26	20	18	20	28
381270	0	0	0	0	0	0
66373	236	320	245	135	200	135
73680	131	147	144	113	122	90
14828	17593	19425	17609	17772	18473	18672
18712	1096	1033	1143	1256	1262	1294
667705	0	0	1	0	0	0
102631730	0	0	0	0	0	0
15902	1284	1661	1372	2999	3671	3233
22763	1162	1115	1108	1097	1173	1151
71683	378	541	449	320	353	339
22403	0	0	1	1	2	2
212986	202	219	192	183	199	210
56012	0	0	0	0	0	1
78521	2101	1765	1799	1719	1720	1712
238386	592	622	632	559	571	555
627049	515	487	448	465	442	429
71241	0	0	0	0	0	0
13056	9	15	14	10	16	12
22428	1189	1242	1180	1123	1096	1154
223774	187	197	207	209	218	222
100042503	0	0	0	4	0	0
115490200	101	105	67	73	88	93
13116	1	0	2	1	0	1
545471	0	0	0	0	1	1
56463	2552	2802	2861	2681	2762	2517
71449	173	203	204	181	179	196
72630	1	1	0	0	0	0
74890	0	0	1	0	1	1
56442	5692	5536	5027	5421	5798	5662
101809	218	231	217	194	215	224
384071	2	0	4	1	2	2
20535	1382	1721	1655	1680	1539	1498
13001	1897	2245	2094	1987	1911	1853
71091	0	1	0	0	0	0
14790	1001	954	1031	1193	1098	1036
76295	1390	1444	1223	1026	1213	1145
16409	28755	25414	27291	21785	20125	20620
66616	2585	2635	2615	2171	2187	2238
208439	0	0	0	0	0	0
11927	1566	1460	1586	1536	1691	1584
629303	0	0	0	0	0	0
108099	580	543	617	556	515	543
23962	3660	2977	3463	2845	2477	2703
66455	669	690	666	541	557	529
60531	4	2	1	1	0	3
16658	3704	3854	4184	6527	6162	5813
72145	2410	2579	2471	2707	2531	2709
21912	3	3	3	5	3	4
212163	353	381	366	313	357	322
381802	150	164	152	147	163	133
17480	1	0	6	2	2	2
240613	460	431	498	450	486	489
16641	0	0	0	0	0	0
208198	511	542	645	701	596	571
118568567	0	0	0	0	0	1
76167	361	337	335	344	365	399
115486945	0	0	0	0	0	0
338349	205	257	257	137	196	179
14177	0	0	0	0	0	0
102635360	2	0	0	2	1	0
14066	26	15	25	32	20	31
57329	0	0	1	0	0	0
21335	1468	2015	1837	1142	1158	1015
67604	622	787	746	759	684	698
75731	268	235	289	309	283	291
545136	0	0	0	0	1	0
234695	0	2	6	2	4	1
56734	1	0	1	0	0	0
170472	355	426	438	418	392	337
140546	709	875	910	904	806	766
66775	2917	2614	2679	2210	2442	2290
19268	1	1	1	2	3	1
216874	1470	1494	1722	1773	1711	1702
14282	16	11	14	13	21	22
621697	2	5	9	3	8	6
18719	4	16	10	12	8	7
66647	402	379	422	390	334	353
74521	3	0	1	5	3	3
53978	71	60	59	73	59	56
380711	31	77	48	39	37	31
100710	639	765	601	527	557	542
16975	475	709	536	494	518	460
108156	513	708	585	605	586	614
225849	446	480	484	571	603	541
105352	796	738	827	645	598	598
68337	15	8	13	9	12	2
15220	0	0	1	0	1	0
208967	120	131	121	114	120	136
66176	249	341	308	256	319	273
230917	97	192	143	166	151	152
69956	455	550	441	433	476	482
101540	230	236	282	218	191	198
224836	247	307	251	247	227	206
21393	1	1	1	0	0	0
53608	81	105	92	106	84	87
13360	1018	1123	1207	1398	1325	1303
73246	1	0	2	1	1	0
432677	0	0	0	0	0	0
19951	9968	9986	10463	9854	9893	9441
330119	0	2	0	0	0	0
57783	1154	1229	1357	1194	1150	1150
226562	3554	3749	3620	3167	3435	3235
50995	1739	2017	1868	1680	1738	1806
74337	4	2	5	2	3	2
26897	144	112	129	122	98	111
211482	4	5	3	2	0	2
100515	152	167	168	131	144	148
171283	1	0	0	1	0	0
16825	1828	1947	2079	1745	1778	1631
104943	2	2	2	3	3	2
75786	2209	2708	2322	1767	1862	1692
245880	0	0	0	0	0	0
216860	573	628	594	663	603	600
65945	133	151	141	198	188	197
268930	450	606	573	458	446	406
170733	1	1	2	1	1	4
72552	803	810	868	843	852	819
101056047	1	1	0	0	0	0
232748	0	1	2	2	0	1
12373	0	0	0	0	0	0
15412	91	104	133	96	88	79
102247	1497	1695	1637	1560	1574	1563
75033	0	0	0	0	1	0
381112	0	2	0	1	1	2
258809	0	0	0	0	0	0
270084	1351	1346	1513	1053	1147	1078
246727	2044	2009	2224	1627	1518	1527
16402	3190	4579	3926	3529	3549	3295
17123	0	0	0	0	0	0
74528	246	293	273	255	255	280
67371	464	503	538	472	482	475
212108	0	0	0	0	0	0
108168114	0	1	0	0	0	0
22755	30	25	21	25	30	26
100043915	1221	949	908	904	899	924
69008	870	894	812	751	841	822
434436	0	1	1	0	0	0
279499	1	0	0	0	0	1
667977	0	1	4	4	0	0
12741	0	0	0	0	1	0
210274	0	0	0	0	0	0
14664	15	28	21	53	37	50
15227	0	0	0	0	0	0
100039060	548	477	414	372	562	421
12010	28933	22995	26412	29199	24180	26513
104799	2326	2302	2333	3039	2938	2924
211329	640	621	581	580	608	621
67609	453	528	430	382	379	451
68755	425	379	361	396	407	401
381284	0	0	0	0	0	0
230119	316	345	343	297	275	289
12399	350	488	391	338	316	272
11628	1	2	0	1	0	1
21898	2249	1912	1844	1883	1926	2078
108169043	342	302	407	274	263	315
73694	290	304	281	253	264	261
329504	241	275	276	264	224	239
103968	0	0	0	0	0	0
234847	889	893	986	901	834	880
69076	830	818	854	869	856	867
56068	138	112	101	100	99	90
66849	1662	1829	1623	1388	1641	1474
12729	1024	1215	1218	1150	1169	1085
73736	572	688	628	573	584	556
16329	366	391	382	320	324	308
13838	3	1	3	3	8	6
215693	107	99	75	76	71	82
546840	10	15	4	4	9	7
72007	1724	1929	1654	1537	1680	1629
22359	17	15	15	22	22	21
20256	9	7	7	2	5	5
193034	0	0	0	0	0	0
56174	1269	1267	1352	1360	1283	1285
231991	937	875	845	733	809	763
68118	593	603	652	593	505	525
20869	1855	2204	2273	2181	2011	1957
12740	0	0	0	0	0	0
170706	606	636	670	482	507	520
114896	1026	1340	1251	1180	1131	1108
67681	970	1105	1069	842	965	894
231051	974	925	894	859	824	915
217732	966	927	1072	1236	1359	1327
13495	734	770	753	781	716	715
105245097	158	206	236	149	145	112
74847	0	0	0	0	0	0
217410	2	0	1	3	3	2
66860	201	290	209	217	212	231
12000	0	0	0	0	0	0
14391	427	530	460	388	411	413
70120	180	194	178	158	178	156
16341	3712	3098	3046	2769	3112	3184
12722	0	0	0	0	0	0
320595	855	802	893	893	794	836
118568056	0	0	0	0	0	0
321003	297	330	284	265	261	299
71856	1	1	1	1	1	0
99382	25	54	29	32	45	45
227634	374	439	398	383	417	398
20363	33342	18132	25617	25542	25192	29598
235380	991	1014	972	752	811	837
18807	8577	6903	9059	12113	11126	11808
26404	444	449	417	420	360	417
224893	148	119	119	97	105	142
14625	4	1	5	1	0	1
24000	214	196	195	195	175	203
101565	218	276	234	203	209	199
68428	975	1149	1263	1219	1091	1042
20017	263	358	332	337	318	351
71780	836	1016	1043	1127	1000	1020
56216	1	2	0	1	1	2
108078	4	7	4	3	3	6
11833	0	1	0	0	0	0
73674	391	535	407	432	471	486
66213	297	332	305	272	310	277
14453	37	42	43	37	43	48
269061	1310	1235	1206	1077	1158	1163
103743	2	1	0	1	5	3
13824	0	0	0	0	1	0
232966	8	8	5	6	7	4
170484	0	0	0	0	0	0
18221	1591	2182	1996	1777	1731	1591
24044	2806	2747	3008	2898	2721	2812
258778	0	0	0	0	0	0
226442	599	545	519	505	514	560
414801	434	492	480	389	321	328
67463	278	260	281	233	267	208
73046	333	384	443	446	402	338
242291	1052	1020	824	716	850	774
76563	118	170	150	145	140	128
74840	1888	2471	2286	2141	2179	1985
58246	1116	1396	1305	1302	1270	1287
66233	248	242	308	264	236	268
21976	551	522	595	601	542	560
192187	30362	29090	34176	25274	21925	22297
57752	178	161	184	190	188	193
100416706	397	319	303	252	275	246
68094	3035	3277	3432	3068	3062	2993
12211	2200	2347	2269	2002	2054	2064
142687	0	0	0	0	0	0
67180	1069	1238	1133	1129	1215	1144
69807	322	356	414	388	373	356
224904	635	666	698	686	632	624
69847	0	0	0	0	0	0
21375	0	0	1	0	1	0
407788	1	5	6	3	7	4
75974	1544	1666	1539	1256	1316	1284
56445	2227	2289	2156	2031	2154	2062
319581	81	98	86	68	67	62
546071	1669	1599	1874	1805	1576	1557
56338	14517	9422	12828	10953	10021	11402
14718	1363	1407	1334	1491	1543	1510
234728	208	200	187	198	205	186
63954	0	0	0	0	1	0
67803	2307	1860	2532	2372	2117	2185
20379	1	1	1	6	0	3
68603	617	458	605	794	760	768
14319	180957	204828	199244	205054	211090	205781
102632403	8	2	7	1	3	2
77605	689	751	852	670	579	488
69534	166	143	163	146	126	142
52276	1214	1885	1483	982	1025	883
100043002	457	504	467	333	502	433
66225	821	816	778	697	721	661
106389	4	10	4	3	2	6
53614	42	51	43	31	44	41
97895	0	1	0	0	0	0
11652	2284	2382	2520	2368	2306	2203
16194	1032	949	1081	853	740	811
11640	304	385	335	339	317	354
56046	604	637	601	592	643	572
320840	2	0	3	2	1	1
15951	4113	3391	3457	2704	2836	2851
100503280	1	1	1	1	1	0
14548	632	674	615	572	588	584
545156	15	8	13	15	6	6
212442	642	581	523	671	704	741
330921	0	0	1	0	0	1
227289	0	0	0	0	0	0
217864	1379	1374	1339	1306	1300	1214
19682	8	10	7	8	6	6
226075	113	163	111	80	83	69
330401	565	505	567	521	476	483
19414	3305	3389	3576	3812	3538	3532
20347	0	0	0	1	0	1
67278	549	668	667	583	561	510
70843	0	0	0	0	1	0
19255	495	549	464	425	453	443
234362	249	202	191	189	179	219
77116	1120	1214	1124	1088	1161	1160
20495	0	0	0	0	0	0
68867	22	19	17	20	16	21
170768	983	1119	1032	1210	1307	1247
24108	0	0	0	0	0	0
20174	583	815	763	736	646	649
13653	278	146	271	389	341	395
225594	0	0	0	1	0	0
244281	0	0	1	3	2	4
623286	0	0	0	1	0	0
214952	702	716	763	744	695	629
100041958	0	0	0	0	0	0
228019	266	242	273	235	260	250
66495	775	779	813	742	799	757
269389	70	60	81	98	74	91
230718	0	0	0	0	0	0
269053	0	0	0	0	0	0
319942	0	0	0	0	1	0
17002	76	1	62	32	7	17
76499	1107	1077	1108	903	972	970
17960	0	1	0	1	0	0
101056061	0	0	0	0	0	3
233406	1974	2795	2166	1390	1585	1321
74354	7	4	3	4	2	4
14057	627	895	786	768	815	846
78232	1048	1017	1063	1040	1057	1141
317653	0	1	0	1	0	0
214944	225	185	224	168	169	181
66128	377	385	356	398	423	375
233879	0	0	0	1	0	0
16449	568	818	660	607	680	598
66815	1075	1162	1105	1128	1075	1081
383258	0	0	0	0	0	0
15926	4782	3906	4295	5497	5594	5844
93671	66	62	67	34	32	28
74720	1	0	0	2	1	2
209692	21	29	20	34	24	25
55989	655	919	684	601	660	626
216551	79	129	93	97	117	115
100043123	46	38	39	56	55	58
12751	6717	6849	7144	7575	7173	7406
54673	5471	5128	4797	4254	4486	4608
381290	272	588	388	169	197	135
227377	20	17	30	22	27	20
195434	143	120	126	281	264	292
226977	1403	1473	1597	1581	1530	1577
12700	28	15	35	21	21	22
53418	1	1	1	0	2	5
382867	69	58	69	38	66	58
26443	2518	2768	2451	2440	2640	2533
258697	2	0	3	1	1	5
52392	2354	2194	2083	1992	2010	1979
74145	6801	4697	5601	2534	2214	2591
66585	494	614	583	530	499	497
68558	318	309	298	338	293	332
67052	719	909	725	488	519	489
80979	0	0	0	0	0	0
232339	181	238	184	167	171	188
219151	1	0	2	1	2	0
108167995	0	0	0	0	0	2
210529	421	441	410	335	373	352
68137	2443	2388	2494	2210	2257	2264
29811	12	7	4	7	6	9
12750	641	498	517	498	549	632
12797	0	0	0	1	0	0
66335	4380	4616	4514	4811	4955	5000
241633	2620	3732	2880	2402	2757	2526
72667	249	264	277	256	261	273
17916	11828	10576	12428	12032	11115	11626
231830	464	584	511	689	703	653
70511	251	209	308	269	263	263
27083	62	41	46	38	45	56
69890	726	571	746	782	676	669
14728	18211	19742	17610	22831	23127	23260
53374	216	326	271	221	243	191
66071	375	382	469	464	407	353
64380	452	114	281	189	125	178
54403	0	0	0	0	0	0
19646	3735	4243	3820	3577	3637	3694
14314	11	7	16	13	13	20
104776	413	333	354	393	401	425
27384	921	956	875	806	874	870
12614	2	1	4	1	0	1
381651	0	0	0	0	0	0
192159	5968	6951	6649	6251	6340	6085
27494	115	121	112	97	108	100
269113	519	679	605	521	602	596
57438	1130	1018	932	835	949	956
100038514	0	0	0	0	0	0
29816	6	4	3	7	4	1
66667	80	95	79	64	80	73
12943	0	0	0	0	0	0
210530	0	0	0	0	1	0
224742	2050	2384	2390	2074	2054	2000
66671	461	437	376	361	407	435
110135	0	0	0	0	0	0
230696	231	236	212	229	205	212
76025	1422	1374	1501	1478	1372	1310
12321	3360	3906	3278	3230	3559	3579
105943584	221	231	185	232	195	224
235504	1127	996	1065	1047	1052	1042
14425	15	44	29	21	33	22
67883	515	639	598	528	573	576
382038	307	396	359	346	336	301
78088	0	0	0	0	0	0
12454	871	872	986	802	816	793
54709	1962	2008	2039	2041	1918	1876
72033	424	418	403	427	428	430
56742	331	287	315	232	208	208
108168218	1	0	0	0	0	0
19896	6219	6151	7101	6937	6353	6017
381933	8	5	2	5	5	4
69470	1689	1513	1630	1568	1492	1660
234404	2	0	0	0	0	0
232400	0	0	0	1	0	0
30924	9	15	8	7	8	12
668218	1948	1837	1999	1607	1527	1560
329470	208	263	220	191	210	199
71728	935	896	1012	973	940	901
242707	1	1	0	1	2	0
14676	505	595	670	467	448	464
104158	0	0	0	0	0	0
373864	0	4	1	2	1	2
223626	75	77	95	85	87	98
69276	1828	1696	1646	1592	1663	1595
12865	30	50	21	31	28	23
240665	117	123	100	118	110	96
12544	350	573	445	379	375	330
57741	1599	1778	1832	1870	1807	1673
17299	101	121	126	138	131	133
259106	0	0	0	0	0	0
140703	0	0	0	0	0	0
235330	305	283	297	299	297	300
68292	3268	3822	3493	3404	3535	3232
269615	0	0	1	0	0	0
107975	809	1095	995	887	773	769
67288	321	308	353	265	295	299
387514	1	0	0	0	2	0
83995	0	0	0	0	0	0
76380	21	24	20	24	14	13
100504263	140	155	110	89	124	105
17121	105	134	128	95	88	67
333088	1	2	2	0	2	1
108168333	0	0	0	0	0	0
230099	162	196	207	207	188	186
78938	500	597	584	502	499	496
668137	0	0	0	0	0	0
108660	1863	2165	2351	2356	2232	2212
77040	582	603	600	675	633	670
64655	267	332	215	256	276	274
243369	2	0	0	0	1	1
66590	627	710	725	741	683	662
268747	3	1	1	0	3	4
19186	2780	2580	2808	2410	2436	2311
56847	0	0	0	0	0	0
102639021	0	0	0	0	0	0
252876	244	230	236	206	209	215
110648	0	0	0	0	0	0
16835	5011	4158	4981	6542	6091	6054
75600	25	18	19	16	24	14
15111	0	0	0	0	0	0
18195	2279	2431	2381	2465	2352	2344
16330	824	876	857	906	850	905
231507	182	17	104	114	41	105
69046	779	827	805	826	772	808
23984	15	21	16	18	16	21
110312	0	0	0	0	0	0
17347	3320	3161	3561	3769	3596	3401
214895	966	809	945	901	920	888
107022	393	438	397	445	465	505
210035	593	722	630	506	447	506
110695	571	684	631	652	659	598
20471	0	2	0	0	0	0
16869	0	0	0	0	0	0
666926	3	2	4	3	2	3
434624	81	130	223	179	129	91
73124	477	638	459	438	461	454
15015	1430	1250	1470	1330	1172	1179
243219	1131	1421	1305	968	1032	912
52372	0	3	0	3	1	4
54561	1	0	1	0	0	1
52150	1394	1285	1376	1526	1532	1496
94352	7	2	6	19	10	7
100042856	2706	2267	2130	1594	1699	1816
81018	2398	2185	2485	2151	2038	2060
68611	800	887	835	812	832	694
108168824	0	0	0	0	0	0
381269	14	5	11	5	5	4
266781	1774	2097	2104	1958	1856	1919
545554	11	17	11	14	11	19
14979	308	258	314	359	340	307
11800	3154	3409	3091	2802	3077	3047
17444	69	55	65	25	31	34
59054	446	489	478	437	444	437
75841	717	743	727	672	719	745
22240	3	1	3	7	3	9
237891	1	0	0	0	0	0
19157	1275	1474	1424	1090	1157	1017
20469	1849	1968	2214	2034	1797	1673
72000	7	8	4	5	1	3
102633782	8	8	9	10	10	9
18948	0	0	0	0	0	0
233651	37	40	29	53	42	39
75514	0	0	0	0	0	0
19299	1071	1161	1112	1134	1278	1242
17912	153	268	210	94	146	127
13426	0	0	1	0	0	0
71781	0	0	2	3	2	1
64340	1580	1674	1778	1653	1482	1471
113002583	69	59	58	41	38	52
66043	2943	3205	3467	3218	3198	2908
110095	2609	2572	2699	2048	2204	2128
245350	204	243	188	167	187	189
98376	142	165	135	120	127	161
319468	1547	1428	1491	1682	1749	1736
229731	1903	2127	1793	1509	1644	1524
15464	1	0	0	0	0	0
330914	29	40	35	39	26	39
16202	3383	3556	3722	3549	3356	3327
66403	211	262	220	195	232	195
12049	0	0	0	0	0	0
22324	3618	3657	4029	4092	3775	3902
27416	2171	2055	2200	2304	2222	2441
12054	524	527	605	563	513	560
50770	1207	1476	1357	1369	1426	1332
75221	1568	1801	1917	1618	1537	1576
219249	216	218	203	188	210	235
16428	1	0	2	0	1	0
209456	381	364	368	353	354	353
72029	1838	1852	2066	1766	1739	1595
20302	623	669	640	1126	1086	1026
104885	0	1	0	0	0	0
54611	5	0	3	1	2	3
20355	1	0	0	0	1	1
66240	0	0	0	0	0	0
57294	5801	4336	4012	4139	4247	4354
12834	20	3	6	15	9	9
106021	808	804	809	677	705	747
230596	462	495	505	412	467	423
18578	349	217	288	290	306	341
21646	1	8	5	3	5	2
30055	688	831	913	832	803	672
22348	1	0	0	0	0	0
22249	28	27	23	17	13	23
93724	43	29	42	39	27	30
269704	1200	1124	1047	989	1047	1075
109821	0	0	0	0	0	1
225187	7	15	9	9	5	6
77630	1	1	0	0	0	0
22177	18163	14206	16984	17310	16147	16858
353047	3091	3396	3689	3521	3406	3245
68628	219	220	258	270	237	233
52009	1383	1861	1463	1229	1346	1261
66756	348	344	330	295	299	339
67465	1411	1691	1603	1323	1376	1383
78416	198	147	163	175	149	170
21982	1520	1427	1341	1345	1374	1440
20662	533	507	501	472	481	500
75137	834	809	808	766	765	735
100502861	2	0	1	1	1	3
72567	2056	2331	1904	1558	1779	1795
433215	1	4	4	2	0	2
50934	3525	5895	4734	3545	3668	3288
17933	0	0	0	0	0	0
65255	97	82	81	60	45	44
67955	1307	1261	1258	1074	1189	1136
69217	11	12	9	12	4	9
66654	1	0	0	0	0	0
332397	234	438	314	225	278	202
20822	514	431	342	346	391	358
18516	175	186	181	159	153	177
73173	0	3	3	7	0	4
75387	120	131	128	130	111	139
99035	0	0	0	0	0	0
244668	571	800	731	634	618	676
75013	0	0	0	0	0	0
18245	8572	9540	10841	9917	9021	8273
105193	57	53	61	59	70	52
13039	54089	59651	55422	34173	35456	33650
233904	829	1058	981	883	851	877
12590	0	0	1	0	0	0
77864	375	234	312	261	265	299
67501	3451	2924	3038	3366	3386	3731
63872	10	9	6	15	8	2
51810	8771	9422	8394	7172	7550	7739
245026	0	0	0	0	0	0
58887	305	298	317	326	318	325
243382	203	198	180	154	147	172
630294	0	0	0	0	0	0
26921	2244	2591	2346	2087	2088	2027
19309	10	2	5	10	5	8
22712	118	124	87	89	103	77
433809	0	0	0	0	0	0
105243585	139	115	116	84	89	100
68480	1840	2213	2417	2548	2449	2095
101023	586	615	625	650	576	622
30944	24	14	17	11	15	21
105171	852	799	759	1004	1188	1167
93709	8	7	10	14	11	11
13483	1	0	1	0	0	0
26456	2	2	1	1	3	1
239555	541	567	605	556	515	512
56389	1217	991	1108	1044	1083	1186
74492	0	0	0	0	0	0
269713	1121	1217	1278	1136	1177	1089
67230	334	333	256	228	223	269
380839	68	51	43	51	35	41
232934	22	12	12	11	19	5
71132	9	5	4	7	3	6
19353	8752	9179	9033	8147	8251	8132
94216	4	3	2	2	0	1
378462	40	56	58	43	44	32
11419	0	0	1	0	0	0
18798	46	53	55	50	57	53
68567	3	6	4	5	10	1
69368	378	395	335	410	462	449
224419	0	0	0	0	0	0
76932	508	598	590	620	635	639
19211	2365	2101	1909	1670	1833	1782
20861	0	0	0	0	0	0
76866	64	70	71	57	48	56
211535	46	47	38	35	30	41
50799	703	827	764	846	838	821
69207	2561	2431	2423	2117	2266	2329
114332	0	1	1	0	0	0
20514	978	1079	1169	1409	1319	1336
56784	704	699	697	706	698	722
19325	3149	3049	3053	3377	3658	3560
52685	106	125	98	52	63	52
15467	1261	1375	1351	1285	1328	1298
77049	6	0	2	0	5	5
100038725	110	91	95	97	79	93
225020	876	938	932	927	915	865
107684	2369	2792	2640	2730	2551	2624
73205	964	941	960	1042	1055	1074
66743	1026	1071	1198	1109	1108	1001
67578	6	2	1	2	1	3
66576	2572	2205	2400	2085	2130	2209
77987	965	1067	911	935	939	916
226982	2349	2320	2081	1903	2019	2090
67647	216	215	216	164	147	139
14939	0	0	0	0	0	0
100042927	0	0	0	0	0	0
326620	0	5	0	1	1	0
20515	1428	1888	1572	2245	2286	2311
240057	74	61	78	72	66	62
66859	11	6	6	19	15	18
23992	677	667	737	705	688	721
434325	225	161	228	230	212	196
68052	6653	6096	5991	5732	6132	5650
94226	0	0	0	1	0	0
239790	0	0	0	0	0	0
55991	443	496	496	411	434	387
68539	1574	2017	1996	1841	1907	1695
70928	1	0	3	2	2	0
70676	0	0	0	0	0	0
52614	67	14	53	63	79	107
76707	732	873	839	766	727	754
16188	546	404	555	617	575	531
435965	1	1	1	1	0	0
67239	302	352	314	280	371	301
234356	2	0	0	2	1	1
98404	385	378	387	377	388	398
64136	1332	1837	1695	1819	1850	1568
69527	577	591	511	493	517	516
258154	0	0	0	0	0	0
20021	489	723	594	608	559	512
57431	209	256	263	256	224	206
245403	0	0	0	0	0	0
83560	8	5	6	8	7	10
71904	1447	1552	1635	1688	1607	1497
53317	845	978	956	913	870	906
235041	525	492	564	493	505	456
433702	716	968	815	776	770	742
70361	1627	1987	1676	1641	1822	1668
106298	674	732	708	715	730	681
110196	2916	2575	2942	3816	3739	3255
18616	0	0	0	0	0	0
68592	867	956	957	826	815	913
13017	885	1066	1009	931	898	865
79566	475	492	469	461	411	458
236690	0	0	1	0	1	1
66481	2936	3345	3612	3265	3811	3033
105782	771	953	1028	902	866	740
74025	132	144	121	98	114	103
80291	910	667	896	1342	1181	1257
118568585	0	0	0	0	0	0
13730	16985	18074	15640	12026	12590	12115
194908	0	2	2	2	2	0
108167321	0	0	0	1	0	0
671917	0	1	1	1	0	0
102633763	4	4	3	2	8	5
235180	0	0	0	0	0	1
21415	3	1	0	2	0	0
11676	1398	1359	1520	1872	2033	1726
66259	3	3	0	6	5	3
212627	464	471	473	455	472	483
230233	777	887	815	779	794	778
228775	112	237	174	212	237	194
270096	543	547	564	502	506	489
103573	2795	3319	2701	2201	2459	2451
19777	552	647	521	506	531	565
74513	20	18	26	7	12	15
545490	74	75	45	46	53	36
26390	338	369	333	343	345	329
72075	1739	1655	1836	1681	1580	1651
19046	2864	2868	2698	2294	2617	2493
22201	6340	7584	7525	7000	6809	6777
14104	2196	2328	2639	9275	8385	8175
13681	16100	17842	16608	18577	18645	18909
107182	1528	1458	1405	1370	1338	1536
17330	649	715	735	686	728	706
12388	4110	4414	4371	3829	3841	3975
232941	0	0	0	1	1	2
110074	384	521	428	325	337	290
74388	2392	2189	2173	2110	2107	2291
277360	4721	4257	5340	5069	4774	4761
56876	339	336	376	314	337	366
20589	185	206	233	242	263	221
11596	15	13	14	17	14	16
14275	31	36	35	24	19	19
18457	943	854	915	969	972	1046
72519	821	808	779	674	673	659
16562	3236	3511	3547	3752	3595	3483
104348	830	622	577	478	559	544
26905	4833	5359	4895	4212	4765	4742
11847	3	1	2	12	17	16
67549	500	558	513	538	509	510
74392	1368	1200	1288	1338	1302	1392
70638	0	0	0	0	0	0
67556	910	823	776	765	834	806
75766	271	96	183	248	279	322
77945	31	46	47	38	25	39
18812	0	0	0	0	0	0
28080	2193	2285	2217	2188	2118	2071
56324	880	949	899	864	868	914
26407	485	549	548	503	509	534
217779	194	213	200	211	175	161
66309	588	613	582	585	598	587
105450	1	0	0	1	1	0
66573	5	4	2	2	4	2
21408	1	0	1	2	1	0
18039	0	0	0	0	0	0
104009	875	932	962	827	833	773
73251	1266	1237	1190	1176	1283	1256
71254	48	74	73	82	69	69
107045	1196	1494	1308	1331	1394	1369
241062	1397	1001	1109	953	1077	1132
215446	2	1	2	0	0	0
269261	13585	13881	15087	13849	13548	13242
57816	2	0	5	4	1	2
216881	0	0	0	0	0	0
13074	0	0	0	0	0	0
320078	50	122	94	65	67	60
110332	1	0	1	0	0	0
80905	625	833	704	524	537	494
56702	2	1	3	1	2	1
407800	0	2	0	0	0	0
56405	0	2	2	2	3	0
211673	1637	1612	1601	1454	1586	1527
23887	99	112	113	92	97	100
212528	778	782	795	867	821	781
74735	1468	1167	1478	1558	1330	1426
16669	0	0	0	0	0	0
66092	4790	5206	5010	5545	5687	5621
381305	1273	1089	1017	846	934	965
66898	9	4	6	1	4	3
20238	757	706	700	552	651	667
22371	751	717	888	774	679	768
226252	858	816	864	815	869	893
14702	3747	3189	3440	2938	3040	3074
107528	185	221	197	180	196	221
16797	27	15	34	47	49	62
14127	12861	13121	15116	14838	12964	13021
16373	3	0	0	0	1	1
67979	1526	1363	1281	1358	1480	1514
66950	1522	1679	1612	2030	2153	2150
235682	1833	1676	1584	1445	1573	1560
214137	32	27	37	24	22	27
224139	1362	1434	1505	1394	1395	1424
67326	558	639	742	635	672	595
212919	205	243	222	187	189	211
12850	179	228	223	225	217	190
319939	5364	5515	5663	5207	4979	5219
209212	294	359	311	301	365	310
207932	169	201	188	205	188	197
83603	0	0	0	0	0	0
70827	1124	1255	1066	1042	1097	1025
277353	0	0	0	0	0	0
20717	0	1	0	0	0	0
241134	0	1	1	2	0	1
67286	523	551	544	512	503	443
270106	15096	14305	15873	14534	14308	13626
83433	10513	9445	11415	14790	13006	13466
59030	460	439	434	354	432	408
59015	864	1145	958	857	875	826
72590	608	731	844	759	710	670
224090	1	0	0	0	0	1
51789	60	84	94	61	47	61
102633968	0	1	1	0	1	0
72560	1	0	0	0	0	0
93683	525	518	509	461	521	482
243529	10	8	12	11	7	8
213765	0	0	0	0	0	0
14869	2	3	2	3	1	1
269633	0	0	0	0	0	0
29808	1035	957	943	806	841	890
72787	988	1416	1089	907	934	875
75538	24	17	16	14	18	18
16847	2	0	0	1	0	2
67210	1061	1247	1078	943	1048	955
23919	0	0	0	0	0	0
216227	6	7	8	5	6	6
71145	0	0	0	0	0	0
209195	0	0	0	2	0	0
52521	649	627	729	686	667	704
621080	18	21	21	19	21	15
12549	2232	2295	2308	2090	1995	2109
50765	0	3	11	2	7	7
72054	320	304	383	321	296	287
56525	96	70	85	62	77	76
12370	1978	2097	1960	1695	1776	1692
433804	1	0	0	0	0	0
72938	150	150	157	131	166	122
23997	1701	1922	1812	1675	1758	1710
233060	464	540	445	514	430	456
16780	11	11	10	5	11	9
213393	1	0	0	0	0	0
22380	946	1058	959	750	843	858
791260	2	2	0	1	1	0
212862	667	547	491	474	522	527
16398	2	2	3	1	1	2
20167	11	13	12	17	10	14
237412	43	22	24	31	22	35
319162	140	109	143	176	172	163
93696	425	429	538	478	424	376
103468	598	819	719	620	641	594
320011	3187	4024	3483	3196	3461	3318
20737	1284	1423	1358	917	874	825
105859	5	3	8	3	1	2
236293	0	0	1	0	0	1
228993	178	193	177	159	191	160
22064	7	5	8	4	5	3
629756	0	0	0	0	0	0
22004	17	10	17	12	15	11
668110	0	0	0	0	0	0
12478	1	0	0	1	0	2
14865	280	294	318	214	309	257
12757	6859	7514	8322	6899	6682	6524
211255	289	259	271	203	225	220
381175	0	0	0	0	0	0
114585	366	319	335	304	307	319
68255	33	34	25	26	26	28
109575	0	0	0	1	0	0
75860	0	0	0	0	0	0
26422	36	28	23	29	28	28
170441	1	0	0	0	0	1
102448	91	107	104	85	91	79
17222	2320	2676	2438	2279	2317	2273
233115	43	40	45	42	39	44
21754	1326	1574	1619	1659	1488	1486
214855	146	110	156	125	131	146
71268	1096	1246	1133	1050	1112	1071
68939	2	1	0	0	0	0
19288	25	31	24	13	33	17
16415	4	0	5	3	1	0
56222	6	2	4	2	1	3
69327	0	0	1	3	0	1
100042493	0	0	0	0	0	0
243574	37	51	33	19	32	33
16205	0	0	0	1	0	0
218952	2	0	2	3	1	1
108802	0	1	2	0	0	2
115488002	20	20	18	9	10	17
23959	10	8	9	9	2	3
22035	31	26	18	14	14	19
26932	1001	1045	1000	892	931	967
12331	16278	18808	18813	18480	18115	17880
239667	821	733	817	650	707	664
67903	1174	1542	1509	1471	1390	1295
230872	119	147	138	114	121	109
234723	142	166	163	170	165	165
15260	561	712	693	594	575	601
13629	45502	44663	50335	50241	45774	45260
76332	601	685	723	623	578	572
74480	17	5	14	26	34	48
22648	73	59	54	56	55	56
269870	82	84	70	74	61	86
21849	2316	2724	2725	2482	2382	2318
118568241	151	179	161	158	135	148
244654	7	3	4	10	4	11
56492	0	0	0	0	0	0
328918	17	20	22	20	16	15
68693	5822	5860	5591	5128	5369	5316
14345	143	109	114	124	131	139
67475	1135	1090	1079	1157	1236	1139
72199	989	1117	1213	1029	915	920
240255	315	288	258	236	238	258
11987	804	1292	1023	1385	1419	1368
18030	230	176	224	216	214	193
237943	908	974	968	961	922	906
100041230	0	4	3	0	0	2
102115	407	449	525	534	486	440
52808	467	421	518	481	508	570
70894	0	0	0	0	0	0
217122	60	90	62	56	71	51
100504446	1	3	4	1	0	0
19989	12622	11693	11934	11714	11585	12270
229688	0	0	0	0	1	0
71007	0	0	0	0	0	1
239133	0	0	0	0	0	0
106393	97	131	108	83	77	70
67048	1428	1356	1138	1377	1501	1413
56293	0	1	1	0	0	0
232976	279	304	364	316	253	311
22059	1385	1696	1731	1422	1395	1372
381979	1	2	1	2	0	0
170728	178	206	208	193	220	196
66656	1837	2194	2082	1961	1923	1923
22778	1628	1501	1512	1335	1406	1373
226594	1435	1304	1381	945	994	1044
225861	256	256	293	284	245	297
666311	221	253	248	237	219	233
27367	18731	17451	18474	17895	17512	17073
15959	878	423	689	534	432	534
18508	2	0	0	1	0	0
18285	0	0	0	0	0	0
238123	639	642	556	559	603	587
22642	392	479	469	398	428	371
433182	4	3	7	0	5	7
331004	2590	2134	2298	2116	2285	2240
621893	0	0	0	0	0	0
99439	2	0	0	0	0	0
67951	1386	2543	1975	1755	1900	1517
66437	1052	1092	1194	1168	1161	1129
54614	144	189	208	177	197	163
320080	157	157	163	184	156	170
66358	252	279	280	258	287	272
67629	234	293	306	232	199	183
13548	1294	1459	1298	1093	1206	1173
23859	4	3	3	5	7	3
66069	163	186	140	149	144	163
71591	204	189	192	168	204	154
15235	8	5	16	7	9	8
94242	1	0	2	1	1	0
353169	25	19	21	23	26	33
11572	0	1	1	0	0	0
70300	180	164	208	178	189	188
258694	0	0	0	0	0	1
22696	0	0	0	1	2	3
20606	0	0	0	0	0	0
23789	5184	4474	5630	5357	5004	5062
268591	0	0	0	0	0	0
242687	4191	4428	4519	4251	4356	4034
19941	9963	8854	9944	10012	9743	9581
229524	287	340	343	320	305	295
20832	1726	1861	1779	1671	1754	1711
13200	4099	4832	4621	4507	4411	3993
16997	10	2	8	29	8	18
100732	127	107	149	120	105	127
71911	55	86	75	63	76	55
68813	514	668	583	468	591	551
72514	30	41	36	46	48	42
102614	1	0	2	0	0	1
68278	651	927	825	708	716	632
18440	12	15	19	7	12	12
243846	1308	1361	1442	1313	1291	1236
67620	0	3	1	1	0	0
80794	0	0	0	0	0	0
104112	4489	4341	4401	5167	5148	5078
58222	9	12	13	5	9	11
211378	131	135	128	64	96	77
100043805	0	1	0	3	1	0
50497	817	1126	1001	847	888	831
58861	933	855	757	666	644	637
240476	299	345	331	293	273	300
668894	1	1	10	7	3	5
353346	1292	1372	1158	697	889	708
17777	18	26	24	22	35	27
13660	2951	2792	3130	2469	2424	2221
329274	0	0	0	0	0	0
69962	50	71	79	57	65	68
78697	270	349	273	271	316	327
330286	10	21	19	14	13	11
192285	705	665	695	702	698	659
219144	1597	1723	1728	1599	1602	1646
58235	86	97	96	55	67	44
74435	5	8	6	4	5	5
67151	456	605	532	536	476	478
317757	0	0	0	0	0	0
230279	480	480	493	585	531	527
67574	76	92	72	66	65	65
27045	620	590	612	550	647	544
100038882	504	436	522	372	361	334
67664	10	18	16	8	15	14
100503915	44	49	45	38	36	39
328971	0	0	0	0	0	0
70385	564	805	653	472	522	456
70779	5	15	6	3	10	14
232227	1299	1445	1579	1771	1716	1704
319634	4	9	8	2	3	0
56693	1041	1180	1205	1254	1216	1146
208431	3	5	6	8	1	6
330406	0	0	0	0	0	0
72482	488	640	587	654	600	558
224020	1517	1706	1725	1928	1918	1994
70885	369	479	422	424	419	380
78920	2394	2753	2616	2527	2550	2430
71795	911	618	826	1337	1399	1452
15500	385	465	419	305	371	396
245000	357	395	339	330	315	325
58250	563	484	557	859	917	974
214240	1	0	1	1	1	0
320707	3	0	2	2	3	6
18645	7	5	6	12	12	14
17254	3810	5645	4911	5154	5526	5042
234875	885	1020	835	858	914	945
19023	1	4	3	1	3	2
18551	18	16	14	11	18	18
625424	0	1	0	1	0	0
216821	407	436	458	488	434	448
353310	903	970	1072	973	914	838
16779	210	145	197	218	186	183
56692	1466	1452	1447	1428	1466	1371
71532	250	291	227	204	230	244
71974	298	370	325	344	359	334
18190	0	2	4	2	0	0
16008	1	0	0	0	0	0
67887	4353	4284	4989	5913	5968	5622
54381	690	632	672	1027	1030	1071
13610	6	0	3	6	1	5
83493	1851	1921	1582	1682	2072	1986
621628	0	0	0	0	0	0
69666	117	123	137	131	118	114
22354	56	41	54	142	126	150
12226	5388	3515	4655	3655	3600	3726
67219	55	108	103	86	74	72
106205	1622	1521	1346	1272	1320	1394
277468	11	4	10	10	5	9
68675	946	871	847	757	803	838
77593	834	747	662	555	721	616
14911	638	627	579	565	665	619
434232	10	18	11	11	4	8
68140	335	374	340	289	298	313
69253	0	0	0	0	0	0
68222	0	0	0	0	0	0
29867	0	0	0	0	0	0
69036	0	0	0	0	0	0
14025	6	4	10	11	8	4
20443	505	506	484	519	525	513
211770	388	378	393	237	253	294
105246	641	709	663	605	582	547
66601	1	0	0	0	0	0
16570	570	570	609	756	790	707
394436	10	10	9	4	2	2
76183	0	0	1	0	0	0
52829	0	0	0	1	1	0
330277	0	0	0	0	0	0
212276	277	193	203	191	171	200
118568322	1	0	0	0	0	0
17524	6385	6102	6180	5432	5378	5296
19270	0	0	0	0	0	1
21812	3515	3513	3244	2327	2521	2589
326619	1	0	1	0	0	1
14923	217	280	295	310	311	312
192160	924	1013	1017	931	938	980
67711	479	632	570	494	490	482
237911	341	430	360	272	278	248
23863	50	49	49	47	37	42
619288	0	1	0	2	1	3
20724	0	0	0	0	0	0
223753	4789	4557	4876	5347	5065	4997
68465	2683	2632	2562	2451	2375	2534
20913	121	113	129	101	110	107
69922	644	632	600	557	580	561
269854	12	18	11	18	9	16
215728	1	0	0	0	0	0
53624	0	0	0	0	0	0
211135	42	26	14	19	9	15
11854	61	76	81	58	67	46
50918	8202	8991	8803	7785	7809	7693
330483	47	65	68	57	51	53
18754	55	50	68	70	74	69
66945	4036	4428	4397	4627	4595	4516
78781	3275	2970	3151	3007	2897	3040
70082	0	5	0	0	1	2
17184	2837	2815	2548	1957	2320	2250
68197	1170	1175	1306	1230	1193	1224
54367	380	355	284	271	345	347
69019	2879	3068	3006	2958	2909	2658
67276	1337	1463	1267	1093	1184	1149
246694	959	994	970	963	993	1016
11727	247	258	279	141	126	130
118568653	1	1	0	0	2	2
214931	5	12	12	2	8	6
16516	0	0	0	0	0	0
68644	112	98	122	98	101	84
52708	533	519	563	479	490	463
216190	1723	1854	1780	1599	1692	1732
11551	0	0	0	0	0	1
277154	222	141	213	154	145	132
13340	50	51	62	61	58	51
80879	1478	2935	2326	2164	2115	2017
268480	20	12	17	15	22	22
14651	377	343	348	399	380	345
94279	241	258	265	279	286	303
74107	792	924	805	519	588	477
54446	1102	1044	1025	1015	1112	1153
75552	0	0	1	4	1	2
243277	0	0	3	0	0	0
215113	10460	9500	10697	10076	9808	9991
100040961	2	13	0	8	11	10
71701	693	700	624	643	643	609
433278	0	0	0	0	0	0
22780	1	0	3	2	2	0
66276	410	457	440	391	413	430
71371	744	509	700	688	633	709
232910	2932	3292	3407	3204	2950	2700
20365	58	85	78	70	72	53
67774	86	142	105	101	105	98
330323	75	65	70	50	48	62
217342	297	389	379	386	350	355
26919	273	278	293	283	264	296
622335	0	0	0	0	0	0
115486883	0	0	0	0	0	0
75964	1905	1916	1852	1784	1813	1804
68268	888	889	716	694	793	761
14776	0	0	0	1	0	0
67148	1245	1052	1030	894	924	987
22619	1013	1149	1048	954	954	975
69700	0	0	2	0	0	0
14567	2007	1810	1954	2161	2136	2145
140743	0	0	0	0	0	0
77644	1148	1154	1047	908	1028	1000
80976	3	0	2	1	2	1
78177	35	43	50	52	56	47
12017	1928	2434	2336	2061	2179	2039
19126	2	1	2	1	0	0
14415	0	1	1	0	0	0
56535	353	400	334	359	372	364
104215	937	897	953	846	895	862
71898	11	5	3	2	0	1
73287	4	0	1	1	3	0
232449	754	865	809	797	797	777
213541	1083	1168	1186	985	982	976
26943	30683	26391	28611	19521	20281	20672
93888	0	1	2	2	2	0
17758	3672	4268	3979	3646	3625	3506
252864	0	0	0	0	0	0
268469	268	264	298	270	267	229
16651	5	4	2	6	7	3
109346	83	95	78	81	82	67
229517	563	637	647	667	680	684
241296	370	431	407	413	417	398
16369	1	1	0	0	1	1
74183	8	9	3	5	3	3
71452	1685	1753	1642	1784	1779	1693
67996	2455	2749	2445	2521	2450	2619
74100	0	1	1	0	0	0
233549	6	1	2	1	1	2
244672	465	412	366	328	332	335
23971	1019	1036	1059	934	972	885
17420	418	425	349	282	311	272
98363	2	0	0	1	3	3
13207	14137	13140	12783	13285	13878	15033
19170	2295	2294	2212	2302	2307	2277
58200	2	1	1	2	3	5
67652	2	1	1	0	1	0
12817	0	0	2	0	0	0
75291	64	61	66	76	68	70
75608	4343	4500	5021	4603	4363	4133
76954	19	26	27	15	24	10
71393	209	150	177	170	207	186
14246	0	0	0	0	1	0
15204	1728	1845	1860	1971	1925	2019
217303	4203	3394	3620	4125	4062	4388
74385	598	553	491	484	565	542
227693	381	368	464	447	370	356
11813	495	329	421	952	821	862
66432	275	329	297	300	330	320
100317	859	932	949	943	951	891
71778	1887	1852	1918	1768	1795	1809
68082	121	119	114	100	113	90
545030	2868	3081	3138	3493	3237	3237
17063	9	1	11	9	6	3
13714	161	156	165	139	160	130
13528	58	73	62	76	88	54
78797	517	544	593	574	502	564
67458	2039	2791	2523	2552	2617	2498
170741	100	76	87	120	131	126
118567843	0	7	0	0	0	2
18416	0	0	0	0	0	0
13006	1386	1622	1346	1034	982	967
69634	189	232	217	186	212	209
19302	668	674	589	590	603	603
12481	6	11	6	3	4	5
59020	1	0	2	0	2	0
18682	0	0	0	0	1	0
105446	964	1042	1033	943	909	935
17309	1	0	0	0	0	0
229665	0	0	0	0	0	0
66929	1168	1746	1455	1027	1043	952
270076	419	423	410	391	380	390
69587	782	816	748	657	717	720
14163	26	28	26	19	21	16
68176	118	93	160	122	104	104
56209	898	1095	974	1108	1247	1016
328801	366	423	476	384	368	343
76877	24	23	19	7	14	9
17880	0	1	3	4	1	1
19177	2266	2465	2467	2396	2405	2336
12306	11199	13718	12303	11998	12312	11327
213469	0	0	0	0	0	0
52906	143	133	156	144	163	159
59046	935	1055	1051	911	913	907
12745	0	0	0	0	0	0
230514	3022	2844	2862	2881	2822	2666
115489044	0	1	0	0	1	0
66423	129	159	172	135	161	137
235323	383	411	371	400	380	451
20422	2170	2363	2028	1906	2041	1806
231842	432	553	526	543	583	506
228140	314	324	318	336	320	320
105245383	3	0	1	0	1	2
67057	390	382	376	304	329	302
100043324	0	2	0	0	0	0
66055	757	726	625	607	655	643
22754	1	4	0	5	3	3
12267	21007	18748	19492	20895	19327	20984
76964	0	0	0	0	0	0
13710	0	0	0	0	0	0
11778	887	952	917	845	848	868
71665	3504	3476	3866	3597	3541	3471
53791	53	72	55	35	31	42
26447	151	136	141	152	165	124
56430	1724	1726	1659	1730	1872	1908
23922	615	659	630	761	683	704
72899	15	14	17	11	10	11
73708	41	56	42	57	45	60
226043	142	176	133	160	169	203
216049	3	3	5	3	3	1
56070	1183	1464	1191	1010	1158	1096
327900	87	108	87	90	85	77
212032	6188	6224	6615	9429	8753	8562
16593	1665	1993	2010	1907	1797	1643
53333	623	900	857	894	768	717
216892	3	0	4	11	1	3
100041379	0	0	0	0	0	0
66202	465	418	388	327	395	393
225523	650	704	673	543	607	606
77446	25	25	23	19	27	22
227622	84	80	109	83	88	76
215378	0	0	0	0	0	0
319156	1	6	1	0	2	1
231834	3247	3097	3481	3741	3553	3367
270163	788	710	729	803	819	848
14872	151	124	150	167	171	142
75686	253	204	223	239	194	220
320604	2	0	1	0	0	0
269695	33	50	52	48	41	41
244698	0	0	0	0	0	0
20977	57	66	69	72	65	68
59029	1914	2335	1809	1742	2013	1854
56078	317	386	351	253	286	251
68070	2	0	3	0	1	1
72333	353	491	411	297	377	323
230648	926	876	818	809	811	799
69823	956	957	890	737	850	825
235610	174	229	204	225	201	210
13806	14180	26669	20684	17666	17947	15938
70567	192	238	187	120	201	213
15574	274	311	346	279	295	284
77975	1468	1536	1577	1440	1495	1398
67393	8	3	12	9	11	4
227154	422	397	399	429	400	410
12992	0	0	0	0	0	0
108689	332	388	399	284	266	309
17967	4	4	1	4	1	4
70612	774	737	730	763	886	902
224805	166	212	185	183	197	155
14191	523	342	509	787	767	871
13665	1773	2167	1680	1641	1788	1711
75744	131	81	77	75	86	78
30954	287	337	336	280	278	247
18542	10	4	7	10	3	10
74741	642	674	567	509	471	483
27784	1307	1206	1155	1124	1053	1053
52815	24	26	37	22	35	32
66152	1199	1347	1309	1254	1236	1055
57257	1813	1688	1615	1358	1449	1523
17855	463	471	510	493	457	428
12445	1671	2044	2005	1505	1476	1218
235439	1719	1660	1804	1725	1637	1708
22163	6	10	9	6	8	9
12508	9380	8112	8586	9529	10548	10799
228852	2	0	1	2	0	0
433256	2733	3300	2791	2729	3082	3029
57264	0	0	0	0	0	0
13846	1	0	0	3	0	1
19207	0	0	0	0	0	0
246154	10	2	9	11	4	10
230801	203	199	198	187	164	186
15201	481	689	471	292	365	341
242202	43	45	37	28	40	40
20505	1	0	0	0	0	0
56422	903	967	957	860	961	903
56427	141	188	156	126	131	131
15551	0	1	0	0	0	0
22139	0	0	0	0	0	0
319266	150	184	186	138	147	138
211922	1068	1064	993	936	1020	1001
11487	3059	3688	3051	2550	2677	2673
107765	0	0	0	0	0	0
268706	758	719	724	715	712	745
100041874	0	0	0	0	0	0
67759	982	847	817	780	848	897
18037	583	385	550	462	382	452
223650	0	0	0	1	0	0
107605	3	2	1	2	4	4
94043	386	400	380	360	423	416
18747	1644	1747	1823	1721	1726	1739
109169	66	35	16	9	25	50
68203	9	13	9	19	18	17
12861	2377	3108	3213	3120	2774	2486
213233	326	335	370	336	338	362
69227	3162	2890	2589	2423	2655	2612
21843	1350	1421	1307	1148	1231	1296
231866	319	232	279	249	232	282
70356	3825	3857	3689	3418	3518	3752
245865	5	5	9	7	7	3
11567	1	1	0	0	0	1
67512	562	539	623	626	580	647
230903	94	84	99	85	102	101
60527	128	113	150	121	124	115
320394	260	387	352	297	304	242
545391	80	57	62	56	81	60
112419	6	7	1	4	2	6
378425	0	1	0	2	0	0
21672	3471	3163	3320	3176	3156	3067
117149	426	397	369	355	382	389
93875	0	0	0	2	0	0
244202	162	129	129	175	144	164
75973	2	2	0	0	2	0
22134	3586	3506	3486	3379	3587	3639
107476	793	921	881	1724	1782	1811
70020	338	309	332	344	312	291
19365	131	120	120	94	125	113
226439	0	0	0	0	0	0
66112	3	2	2	2	0	2
11804	8152	7353	8242	7979	7927	8255
78688	4	4	2	10	7	4
434218	6	4	0	4	5	3
15251	1911	1947	1755	1847	2021	2120
66448	644	777	719	730	750	759
102639577	1	2	0	0	0	1
239731	0	0	1	0	1	0
624681	0	0	1	0	0	0
330662	1000	1169	1093	1100	1185	1073
72723	202	217	197	200	200	185
12097	0	0	1	0	0	0
71767	352	422	481	469	411	393
231871	2072	1768	2249	2175	2012	2182
218877	0	2	0	1	0	0
11773	9018	10149	10415	9948	9360	9028
75485	0	0	0	0	0	0
240916	12	6	15	15	9	12
14990	32	10	21	17	11	12
320722	0	0	0	0	0	0
242484	0	0	0	0	0	0
17765	665	639	585	516	530	552
71985	73	75	78	94	78	90
17203	1	1	0	0	0	0
212514	238	240	215	194	199	216
380601	193	197	178	179	199	185
67727	685	656	631	608	630	676
76246	1009	1029	988	799	883	849
230967	554	529	525	547	526	544
100216474	0	1	0	0	0	0
72454	785	822	826	724	710	717
13619	195	216	192	181	170	188
70257	976	972	977	941	1053	994
16170	847	774	934	611	592	634
225182	601	699	599	493	541	536
21871	818	795	799	886	891	876
20732	102	75	108	84	71	71
18795	13	17	6	9	12	8
329910	403	510	440	439	413	374
52331	56	64	55	73	71	68
72230	28	27	25	23	20	33
241311	742	629	763	663	604	697
50720	357	478	364	282	273	308
100041806	0	0	0	0	0	0
72461	2691	2028	2428	2209	2371	2401
74153	1361	1087	1358	1299	1229	1247
14113	1198	1465	1302	1301	1289	1269
67198	0	0	0	1	0	0
102060	199	281	288	281	258	256
76261	7	3	7	16	31	25
107272	995	1499	1253	1584	1613	1594
66681	796	764	785	725	774	744
14747	580	378	555	466	418	447
56041	2188	2348	2033	1896	2102	2106
52551	1230	1548	1597	1362	1477	1290
72155	272	368	307	239	208	192
382056	243	222	285	289	268	249
100043381	62	40	24	43	59	68
71918	1328	1264	1244	994	953	935
56361	329	398	348	372	323	321
73106	5	0	2	1	0	0
74485	0	0	0	0	0	1
104156	1695	2292	2010	2257	2252	2150
19385	1064	1642	1419	1340	1343	1234
74442	208	280	246	322	391	351
14366	14	24	13	16	18	18
237320	0	0	2	1	0	0
21859	53	12	29	54	26	39
71435	837	1130	1002	1009	1029	959
19072	1366	1934	1724	1621	1666	1545
18386	3	2	1	0	2	1
75269	0	0	1	0	0	0
239393	1519	1582	1576	1845	1911	1879
110147	3160	3339	3596	3292	3117	2871
18631	112	132	109	142	150	131
76486	0	0	0	0	0	0
320558	0	0	0	0	0	0
12964	0	0	1	0	0	0
11444	32	26	35	40	36	32
245532	2	4	2	2	2	2
22282	2192	2199	2520	2251	2109	2124
108937	1089	942	940	744	736	770
56368	238	289	310	321	325	264
13644	0	0	0	0	0	0
381511	645	629	543	635	624	619
210172	463	407	437	373	421	361
66825	0	0	0	0	0	0
75216	383	488	423	296	350	334
69349	0	0	0	2	2	2
243910	226	212	267	276	231	291
11435	0	0	0	0	0	0
105242433	0	2	9	2	1	4
236285	7	7	10	6	4	5
67703	55	60	68	43	57	51
68028	1231	1161	962	899	942	896
71963	808	881	823	699	646	645
319554	3571	3015	2962	2703	2859	2955
232371	133	157	156	118	100	111
15182	907	1071	945	855	906	914
194952	198	198	163	186	188	180
27425	3550	3776	3342	3199	3207	3183
109154	4528	5397	5201	4653	4746	4542
76980	0	0	0	0	0	0
75796	226	194	241	213	185	210
22685	26	39	27	21	14	27
230657	245	224	208	192	243	210
67941	1221	1525	1363	1262	1304	1230
225896	2081	2185	2465	2202	2237	1980
115489434	0	0	0	1	0	0
19082	986	1151	1150	991	952	896
67693	728	840	757	712	701	701
225362	2	1	1	2	1	0
53604	12	7	5	11	13	12
94280	1663	1600	1705	1743	1607	1636
68969	714	701	707	749	729	642
28000	1643	2115	1929	1877	1820	1830
170719	2036	1840	1726	1609	1662	1758
12985	0	0	0	0	0	1
67972	7482	7170	6922	6284	6754	6742
241656	1	0	0	0	0	0
17130	37	68	71	44	43	35
209354	469	520	496	470	463	495
331026	318	433	341	374	410	364
66510	1335	1242	1314	1414	1411	1371
26611	1008	1164	999	1031	1130	1090
207952	453	558	565	524	467	457
66934	197	277	255	188	195	185
330189	132	162	157	172	161	173
382090	373	406	372	324	324	338
54324	14	5	14	16	8	8
240261	137	108	115	72	103	94
233765	6	3	4	2	2	1
245522	150	194	144	123	144	119
20591	2131	2282	2283	2110	2016	2258
68861	681	819	673	686	740	688
224291	0	0	0	0	0	0
56711	77	72	64	42	53	48
16418	1123	1333	1295	1215	1175	1094
66724	298	282	264	204	233	229
108000	1124	1565	1231	707	712	698
228421	189	236	211	113	118	128
80286	938	896	918	844	836	859
243272	1641	1586	1663	1455	1580	1572
666173	1183	1120	1161	1143	1070	1138
68328	348	308	362	306	284	285
11974	2375	2534	2891	3169	2921	2759
64295	196	176	224	198	193	168
329547	0	0	0	0	0	0
19824	0	0	1	0	0	0
18141	1233	1373	1388	1298	1384	1352
71732	1588	1555	1730	1759	1697	1633
70652	254	264	250	228	250	222
72691	479	483	516	462	471	465
12257	2780	3260	3579	3188	2904	2580
80880	228	191	228	193	199	246
19089	2113	2342	2484	2385	2340	2289
14871	31	25	29	27	22	16
677525	0	1	0	0	0	0
68498	0	0	0	0	0	0
56626	197	246	227	228	180	182
382051	343	298	361	518	476	465
76355	288	323	303	292	286	287
229675	569	503	473	389	412	419
102635385	0	0	0	0	0	1
620078	20	21	12	10	15	18
664994	658	619	619	664	627	575
83397	2	9	3	5	5	4
16197	4784	3923	4042	4536	4874	4823
209683	103	84	122	105	107	99
654812	1	2	2	0	2	1
224170	274	285	274	197	189	208
22024	0	0	0	1	0	0
66583	241	287	260	259	294	265
21809	30	29	24	19	36	22
12808	0	0	0	0	0	0
170935	1	0	0	0	0	0
246177	2595	3103	3075	2611	2462	2405
78802	97	88	83	78	77	78
209448	0	0	0	0	0	0
226970	78	66	76	67	77	79
329540	618	534	565	528	470	549
14172	0	0	0	0	0	0
17287	0	0	0	0	0	0
53602	1817	1945	2213	2415	2462	2192
20296	457	1433	799	1200	1468	1208
329702	1	4	1	3	2	2
72650	210	278	230	221	203	231
269400	315	404	386	285	281	278
54141	821	1134	915	722	661	590
77531	2	2	0	0	0	0
21834	5	12	6	12	10	4
18830	10072	3921	9074	24852	21555	23767
319161	0	0	0	2	2	0
21948	0	0	0	0	0	0
666105	0	0	0	0	0	0
17312	569	278	476	430	420	464
72657	266	314	280	230	189	169
94092	292	325	302	237	258	217
106489	1190	1137	1478	1394	1287	1222
55938	0	0	0	0	2	0
22335	2041	2170	1954	1983	2164	2127
101883	38	42	38	34	34	36
240069	0	0	0	0	0	0
210762	0	0	1	0	0	0
12167	0	0	0	1	0	0
100861651	1	0	1	0	2	0
70544	939	945	1064	888	920	876
17984	1	0	1	0	1	0
238875	169	227	189	156	141	143
16554	1642	1675	1621	1506	1586	1557
50874	10	3	2	5	3	5
69684	368	483	399	384	385	391
69993	140	185	164	182	232	209
69453	0	0	0	0	0	0
320116	0	0	0	0	0	0
72993	1068	1082	1009	913	916	936
278097	62	56	63	84	76	74
66161	499	612	539	527	510	492
75905	0	0	0	0	0	0
228846	0	0	0	0	0	0
78248	31	44	27	30	32	51
110958	34	40	35	33	34	40
11639	86	277	143	142	206	171
71870	15	24	27	7	10	6
18582	505	667	606	477	496	485
382571	0	0	0	0	0	0
19347	3341	3447	3525	3296	3249	3177
11624	608	426	569	402	455	472
69654	2193	2109	2145	2249	2153	2152
26374	1533	1478	1440	1365	1486	1547
81004	2087	1913	1788	1617	1784	1701
30932	653	664	646	662	603	639
72962	14	22	20	30	37	18
18606	4	1	1	0	1	2
26410	412	267	318	329	311	346
228356	163	182	187	142	164	147
69875	560	671	675	592	561	551
67399	123	347	257	153	167	144
246735	0	0	1	1	0	0
100041953	1535	1682	1684	1576	1423	1460
242620	1	4	5	2	2	1
224640	893	980	1051	1026	999	951
11799	1422	2016	1704	1129	967	1018
17436	242	397	290	338	427	363
435653	3	5	6	2	4	4
217578	871	1033	962	790	787	813
15473	346	300	266	233	246	238
83486	1954	1783	1942	1752	1801	1933
330267	0	0	0	1	0	2
11821	2241	2599	2810	2730	2553	2411
236727	529	434	478	390	464	466
115488765	2	2	0	2	0	0
225372	106	122	114	113	105	109
76273	697	621	592	685	724	733
12070	826	1076	1103	1019	966	851
70579	2803	2607	2608	2791	2869	3081
320271	232	184	158	165	151	175
11796	1292	784	1084	1047	1038	1077
24127	937	925	844	777	802	833
93732	0	0	0	0	0	0
27390	2	0	0	0	1	0
64008	72	180	105	88	162	88
215708	141	114	92	131	144	149
231279	422	433	404	392	442	460
65969	1	2	0	0	2	0
54725	3709	2818	3402	3572	3404	3569
59043	2236	2175	2425	3363	3100	3276
17475	1	0	0	0	0	0
20779	86	86	111	125	108	107
16886	428	498	491	421	411	406
237754	1	2	0	1	1	0
224814	126	117	144	134	136	129
84113	999	1014	1208	1213	1109	1041
59287	3627	3597	3636	3356	3371	3300
13389	0	0	0	0	0	0
93747	1191	1220	1241	1342	1439	1225
16010	4556	4411	4863	3560	3414	3552
66220	316	334	388	348	347	302
228598	1	0	0	0	0	0
381350	0	0	0	0	0	0
67096	138	185	152	157	165	144
14582	9	4	5	4	5	3
241274	1681	1327	1720	1799	1641	1722
68520	224	195	214	251	215	219
20284	0	1	0	0	0	0
20817	935	1004	930	819	937	920
106877	98	91	118	71	70	59
12661	0	0	0	0	0	0
667742	1	0	0	1	0	0
382793	288	279	263	302	294	343
14183	0	0	1	1	0	0
109594	3	1	3	3	1	1
234788	0	0	0	0	0	0
15331	3777	4172	3795	2731	2804	2629
192195	874	794	827	791	756	865
70769	746	1043	846	858	888	850
73095	47	56	56	45	61	50
26562	534	634	709	752	658	670
70719	5427	4837	5932	5266	4665	4746
21929	871	691	793	1132	1126	1099
14803	0	0	0	0	0	0
219189	804	898	888	950	1012	1038
18426	0	0	0	0	1	0
18025	0	0	0	0	0	0
12296	2	4	3	1	0	0
13137	0	0	0	0	0	0
74051	0	0	0	1	0	0
14784	6054	5667	5946	6552	6624	6571
223262	0	2	0	0	0	0
171095	5	2	4	4	1	4
19143	120	118	126	146	100	136
228859	62	90	71	70	61	72
76132	0	0	2	0	0	0
106522	88	64	116	110	103	122
380773	559	580	531	561	571	566
101055907	35	57	46	19	33	20
17939	2116	1966	2284	2401	2346	2293
68734	1220	1362	1202	1064	1139	1140
27279	126	133	114	173	175	161
242521	1491	1182	1266	1141	1130	1250
226541	660	654	612	561	561	618
320808	929	969	956	865	856	839
100038909	753	934	819	582	586	570
208111	71	79	66	34	54	53
23880	9967	8112	9098	8597	8417	9484
216613	1	0	0	0	0	0
57751	361	346	403	400	381	354
69692	97	132	133	108	118	93
11737	2987	3367	2876	2357	2639	2510
66237	51	42	39	53	54	54
56709	863	925	966	891	915	834
16897	664	866	887	773	723	647
66771	642	609	586	607	726	591
67063	7	15	15	6	4	7
100504309	42	38	44	35	44	36
239170	407	422	427	458	458	401
12776	0	0	0	0	0	0
106585	660	557	535	458	480	505
11602	1	0	0	0	0	1
101631	541	677	648	605	587	556
73062	393	409	422	390	421	375
78651	501	638	523	425	440	434
66556	1221	1357	1516	1401	1421	1159
545893	0	0	0	0	0	0
106557	8	4	5	1	1	1
208084	204	260	217	163	132	134
19819	267	284	303	324	309	315
66736	986	1070	1020	855	1081	974
26554	2341	2328	2067	1848	1952	2023
213084	36	62	40	39	57	52
54650	1321	1385	1277	1317	1359	1418
56526	532	542	525	408	386	348
382010	149	170	173	145	150	169
12540	19877	20369	19944	16906	19353	18811
74264	0	0	0	1	0	0
382864	1	0	0	1	1	0
102633458	0	0	0	0	0	0
246221	516	457	498	449	423	438
208154	6	0	8	7	3	2
244813	0	0	0	0	0	0
20403	2796	3006	2712	2385	2491	2517
53312	2390	2287	2524	2454	2533	2478
66085	5168	4735	5248	5002	4937	4813
78885	2387	2484	2755	2901	2656	2554
19091	8	5	6	6	9	9
270151	363	381	393	367	321	334
613264	0	2	1	0	1	0
76577	1035	1021	1018	1084	1062	1020
381522	14	14	19	11	13	6
233895	998	1033	1104	1126	1011	974
12291	0	0	0	0	0	0
101314	2785	2834	2855	2802	2642	2635
56749	189	190	204	200	197	186
68943	1548	1088	1625	1683	1429	1527
21917	4183	5221	4338	3154	3290	3288
12465	3670	4054	3832	3810	3750	3632
67143	317	305	291	288	260	262
245695	52	46	50	49	51	33
14704	0	0	0	0	0	0
17874	1491	1407	1613	1456	1288	1376
68303	363	367	379	347	404	390
231602	0	0	0	0	0	0
11498	4	8	7	3	4	4
78339	2209	2065	2641	2471	2107	2114
108654	687	684	577	685	655	734
104721	1487	1894	1505	1572	1662	1592
224250	504	469	484	484	542	494
116870	939	1038	1080	997	945	883
71909	295	402	357	318	276	261
78134	6	5	2	2	0	1
115486031	103	100	64	51	73	71
66914	1308	1353	1501	1360	1225	1314
20054	9239	9065	9772	9257	9551	9413
74200	991	959	921	800	839	823
382137	117	117	110	89	101	96
66786	0	0	0	0	0	0
81909	350	372	364	407	389	321
72244	650	593	642	462	470	452
76804	601	615	631	531	572	546
100210	144	205	192	198	201	182
70839	524	425	388	240	239	261
74775	149	166	204	202	187	186
107029	919	1292	1032	1134	1288	1201
74646	35	57	61	55	68	66
102636082	0	2	3	2	1	0
50781	0	0	1	1	1	1
245240	215	207	220	246	239	244
22183	329	250	303	310	294	277
210004	121	133	136	119	114	125
74277	309	348	334	326	348	346
29858	373	375	425	334	345	288
67898	810	832	902	869	842	783
12716	0	0	0	0	0	0
233979	977	968	1029	1265	1180	1240
109222	1	2	2	2	2	4
18786	1437	1510	1450	1329	1522	1441
109901	126	115	124	126	91	101
100038847	0	0	0	0	0	0
665562	2413	2151	3155	2306	2289	2485
102638268	0	0	0	0	0	0
12339	1250	1195	1162	1099	1147	1201
73212	373	513	511	413	429	354
15312	1820	2179	2027	1775	1952	1825
140765	0	0	0	1	2	0
217169	193	188	195	193	195	210
67870	358	516	404	442	393	412
235623	694	748	838	819	753	785
63958	1663	1714	1749	1756	1783	1603
100040416	23	9	7	6	10	11
667666	0	0	0	0	0	0
74097	177	190	174	156	183	185
66757	106	111	125	99	97	96
66249	723	841	702	700	714	788
27406	875	812	900	850	836	877
216152	11	9	13	12	10	10
75540	359	325	319	302	322	306
381260	0	0	1	1	0	0
100126824	123	171	157	212	179	194
52822	1310	1231	1220	1330	1391	1388
207742	28	20	19	18	22	15
118568753	0	0	1	0	0	1
224840	75	143	99	68	107	71
69519	65	77	66	61	68	55
13649	39	24	39	41	27	22
676527	0	0	0	0	0	0
226861	31	28	35	33	41	30
11764	4764	4518	5224	4243	3863	3912
67166	3670	3600	3464	3455	3649	3632
208760	0	0	0	0	0	0
70693	36	45	46	47	39	51
241452	439	420	357	417	378	388
14017	5952	5150	5574	6692	6732	6784
338351	110	98	96	90	108	116
66978	889	973	892	862	926	924
11421	4	2	6	9	4	12
14767	0	1	0	0	0	0
15452	4263	4245	3688	3641	3795	3749
68845	434	516	573	453	458	418
19216	40	36	23	31	41	42
68036	1740	1766	1657	1635	1715	1645
19893	63	67	58	49	47	50
23989	584	710	720	678	643	596
100910	1926	2080	2266	2325	2141	2059
115489545	7	4	3	5	5	2
12606	2119	2133	2658	2357	2096	2031
14942	0	0	0	0	0	0
16526	0	0	0	0	0	0
630146	69	39	45	51	49	43
70456	421	483	494	470	453	457
338337	888	876	828	858	872	875
70727	98	75	80	84	89	84
72322	755	921	846	850	844	850
70382	352	286	335	315	308	320
18209	3	1	1	2	4	2
80509	690	733	767	753	697	657
73833	268	262	295	267	239	237
217031	135	169	124	185	238	169
14433	52065	78576	68284	61961	62522	56186
72349	3043	3197	2986	3494	3536	3600
85031	4	3	2	2	1	0
73174	936	947	1035	955	885	869
26417	5238	5515	6261	5800	5424	5202
260305	32	47	53	33	34	29
240754	0	0	0	2	0	0
320662	4	3	2	0	4	2
69743	58	40	64	54	47	44
19108	1522	1321	1375	1532	1614	1643
232807	2074	2091	2278	1965	1889	1906
110750	1214	1592	1221	1214	1237	1249
66218	870	1011	958	900	953	758
170780	0	0	0	0	0	0
320560	9	14	17	19	13	12
26357	268	269	271	216	234	209
20853	1263	1261	1208	1075	1160	1133
668940	0	0	0	1	2	0
246691	0	0	1	0	0	0
207958	297	310	246	268	291	310
20197	2	0	0	0	1	1
66144	1854	1994	2304	2356	2271	2086
56095	755	949	804	812	834	871
21349	384	421	410	340	364	358
170787	219	250	255	239	232	251
28006	2352	2234	2194	2296	2242	2299
19242	0	0	0	0	0	0
239528	731	851	811	856	836	830
225283	379	395	312	373	390	392
234912	0	0	0	0	0	0
207777	245	391	327	222	242	180
66125	809	998	1041	915	905	782
66515	463	431	515	487	467	416
213006	9	12	6	4	4	3
12261	954	1405	1289	1349	1342	1314
50527	1606	2202	1579	1581	1902	1787
118567769	0	0	1	0	0	0
71085	2644	1847	2312	2347	2393	2460
230857	836	946	1024	746	757	700
11905	0	1	1	0	0	0
100502736	0	0	1	0	3	0
102098	159	166	195	180	169	157
15499	398	431	485	442	453	442
66109	428	414	428	509	543	479
69900	2193	2108	2333	2285	2225	2318
71693	3	1	3	5	0	2
23921	246	386	375	280	304	286
329693	4	1	5	6	3	12
113523645	24	24	17	9	15	14
11840	7701	8662	8056	7931	8051	7979
72273	42	27	32	38	28	41
26451	10912	9590	10088	10507	9759	9975
15193	653	729	726	579	627	601
26385	1083	1202	1268	1240	1083	1124
22288	658	689	636	551	604	587
72068	1051	1140	1040	970	961	1011
17381	28038	25693	26013	38194	45610	44759
50785	907	1015	1069	1235	1223	1145
654459	0	0	0	0	0	0
105244931	79	57	53	27	47	22
56456	673	1101	894	827	822	797
72544	113	103	121	102	79	77
68730	532	610	582	584	525	512
29820	0	0	1	0	0	0
329554	0	0	2	3	2	2
215748	84	85	92	140	117	150
98388	7	3	3	35	41	29
26886	197	270	208	127	143	120
435145	0	0	0	0	0	0
13592	0	0	0	0	0	0
214345	19	23	13	17	4	13
67983	5	0	2	2	3	6
79196	46	27	33	53	34	46
108168771	0	0	0	0	0	0
319758	714	695	680	625	663	667
269999	784	588	803	827	674	771
227638	269	374	313	293	309	314
666907	1797	557	1167	725	726	907
19736	0	0	0	0	1	1
68725	0	0	0	0	0	1
381924	3	0	1	0	0	0
243547	0	0	0	0	0	0
27355	494	750	595	334	356	331
20482	1127	1044	1041	837	939	948
19664	7479	8276	7653	8304	8443	8050
21951	755	736	725	825	836	833
73086	477	509	426	386	399	345
271278	0	0	0	0	0	0
214968	103	31	79	65	73	57
52013	591	557	635	474	575	503
111241	0	3	4	0	0	0
74998	127	115	117	117	107	118
330050	90	74	81	78	71	67
225358	933	830	878	887	895	972
12944	0	0	1	0	0	0
105675	144	151	157	167	153	187
52666	2	6	5	3	8	7
66594	836	993	1017	838	819	825
385668	0	5	0	2	0	2
70059	9	2	5	4	11	13
327959	635	559	599	478	434	462
83671	1	0	2	2	1	0
20964	135	97	149	497	486	481
406217	0	1	0	1	0	0
100535	1	2	0	0	0	2
14412	6	5	7	2	9	7
665180	0	0	0	0	0	0
81014	2	0	1	2	1	1
76742	2018	1693	1840	1831	1735	1963
329260	960	757	760	629	764	746
347708	0	0	0	0	0	0
100040298	62	56	44	55	29	36
216831	0	0	0	0	0	0
20689	0	0	0	0	0	0
268470	2340	2485	2365	2073	2089	2197
76524	2042	2116	2215	1897	1767	1624
674895	6	3	2	1	6	2
240063	0	1	2	4	0	3
227357	1	0	1	1	2	1
72047	1680	1898	1638	1525	1599	1636
12160	1	0	0	0	1	0
100715	1891	1806	1731	1618	1625	1662
170676	2	2	5	0	1	1
74022	2909	2709	2855	2823	2642	2807
75320	2133	1714	1895	2058	2015	2041
69307	0	0	1	1	1	1
224023	358	378	395	399	434	391
234684	36	44	42	39	37	42
60504	864	889	854	633	670	709
319211	0	0	0	0	0	0
80718	10	1	5	4	4	5
226777	0	0	0	1	0	0
60596	3	0	3	2	1	0
16970	1941	1806	1943	1724	1732	1713
228482	1440	1684	1594	1103	1193	1164
18985	0	0	0	0	1	0
268663	0	0	0	0	0	0
14062	5	3	4	4	2	2
80751	720	697	728	627	613	622
56307	2924	3473	3203	2739	2872	2875
66101	297	400	341	302	313	294
14462	0	0	0	0	1	1
76867	966	1002	972	1001	1141	1011
11957	1985	2043	1869	1825	1907	1702
100042149	0	0	0	0	0	0
106326	1848	1614	1826	1569	1549	1592
433752	10	16	15	8	12	10
71920	2	2	0	0	1	0
13608	0	0	0	0	0	0
66117	60	86	61	76	74	50
28114	1555	1881	1698	1625	1788	1716
67860	1	1	0	1	0	0
14999	1509	1155	1480	1446	1433	1460
12812	227	240	226	189	238	178
56716	445	456	481	423	405	379
70951	15	16	8	11	12	14
216991	2385	1838	1954	1957	2058	2064
15898	4	6	4	2	5	3
115490387	3	6	1	3	4	0
545653	0	0	0	0	0	0
384763	70	67	62	60	53	69
66566	548	583	627	505	522	458
102308570	0	0	0	1	0	1
22626	1	4	1	4	1	3
110948	255	285	264	244	234	244
67998	1718	1628	1695	1659	1685	1685
108168809	0	0	0	0	0	1
118567331	0	0	0	0	2	0
67296	895	868	743	674	695	738
50530	0	0	0	0	0	0
226025	2	1	3	1	3	1
100041639	0	2	2	0	0	3
19172	2330	2798	2789	2546	2502	2531
216343	0	0	1	1	0	0
72585	1	0	0	0	0	0
56530	953	929	1118	1063	1035	927
103964	0	0	0	0	0	0
381148	13	8	8	6	5	8
12766	71	119	109	131	153	114
12458	0	0	1	1	0	0
20147	0	0	0	0	0	0
320736	0	1	0	0	0	0
100039139	10	4	3	2	5	9
217517	26	38	28	19	15	12
77559	1083	1204	1075	1206	1177	1240
319173	8	5	5	9	2	8
228983	768	775	737	713	723	734
57773	296	357	328	364	331	334
73998	576	661	628	527	525	491
16822	2472	2737	2550	2281	2287	2293
67830	2606	2855	2701	2632	2558	2528
22591	467	433	463	385	364	393
108168367	1	0	6	0	1	1
229588	1	0	0	0	1	1
21339	124	85	112	94	119	106
20498	1180	1161	1459	1583	1435	1405
100042945	0	0	0	0	0	0
18770	0	0	0	0	0	0
16988	1543	1018	1331	1105	1091	1120
622480	0	0	0	1	0	0
72149	462	469	501	497	467	477
14598	1	1	0	0	0	0
67891	18276	18411	19931	19257	19082	18652
54667	1046	1114	1147	987	886	876
17127	225	218	235	181	155	174
98256	78	13	51	47	41	34
234699	740	827	888	844	802	822
76645	35	30	55	32	26	25
12013	2540	1948	2079	1787	1809	1958
67731	117	58	91	185	189	200
30947	54	62	57	69	66	87
67298	195	230	167	181	210	189
15416	0	0	0	0	0	0
12265	251	86	195	211	191	247
72003	0	0	0	0	0	0
67006	1035	986	941	893	1005	1011
76799	2033	2010	2269	1993	1959	1979
100206	310	323	326	352	305	321
100045125	36	34	35	12	16	28
16324	3	0	1	1	0	2
108832	0	0	0	0	0	1
230163	0	0	0	0	0	0
15437	0	0	0	0	0	0
231605	84	69	71	59	58	42
71729	174	225	212	190	177	155
74411	271	260	223	214	225	233
115486510	14	5	8	6	5	3
18715	60	73	74	64	59	86
100188919	0	0	0	0	0	1
115487414	0	0	0	0	0	0
386649	1187	1437	1438	1309	1243	1249
118453	33	28	36	35	38	29
15213	7	9	7	11	14	11
100322896	0	0	0	0	0	0
269881	271	303	346	342	322	302
242377	3	1	1	1	1	1
14457	5176	3756	4432	3271	2832	3397
66422	228	257	254	267	255	236
67178	279	367	362	329	332	286
66894	1826	1993	2010	1933	1813	1756
215387	1185	1660	1288	941	1006	888
108116	51	41	64	80	51	73
12827	50	71	66	34	26	34
102637505	0	0	0	0	0	0
58229	0	0	0	0	1	3
270166	726	751	709	665	710	723
22223	301	603	454	381	409	306
272551	471	736	644	519	469	448
18023	4464	4925	4839	5655	5708	5306
73447	1015	823	952	1018	990	1075
71514	4487	4427	4263	4071	4075	4203
207965	189	208	231	192	174	185
12534	1755	2656	2056	1469	1607	1353
19356	537	588	601	522	524	570
101471	995	1289	1246	1197	1100	1051
102545	1389	1622	1676	1363	1342	1313
19264	9356	8365	8483	7451	7860	8350
109660	3	5	2	4	2	3
240047	21	23	18	9	10	13
53422	1	0	0	0	0	0
14793	1566	2061	1819	1283	1317	1145
52588	2318	2890	2742	2262	2341	2152
56738	623	585	631	681	548	569
70989	0	0	0	0	0	0
240725	0	0	1	3	0	2
68911	1028	1088	1096	968	832	897
23821	191	167	186	167	130	142
671535	688	669	743	724	633	655
79233	367	395	421	385	344	354
102637189	0	1	0	0	0	3
22253	0	1	1	0	0	0
19340	1510	1661	1702	1498	1515	1391
58240	979	982	1037	967	939	895
118568718	37	38	29	22	28	17
72844	389	446	421	407	381	358
14266	2	1	2	0	0	0
12359	8327	7537	8105	8956	9485	9147
58242	0	0	0	0	0	0
21371	1378	1459	1498	1326	1485	1349
13637	12	15	17	8	11	14
50914	0	0	0	0	0	0
102626	1474	1392	1570	1251	1194	1212
15116	0	0	0	0	0	0
20375	4988	5195	6317	6332	5750	5612
15423	0	0	0	0	0	0
636741	16	20	20	31	18	14
68265	0	0	0	0	0	0
18263	998	1301	1060	1018	1181	943
216864	117	40	77	89	72	74
20679	0	2	1	0	0	0
215114	4246	4720	4506	4822	4676	4801
74203	1051	1273	1242	975	971	1049
211586	405	403	440	354	334	376
18803	242	293	276	287	268	260
98193	1951	1649	1839	1635	1742	1830
67116	1563	1582	1660	1491	1477	1378
11812	3	3	2	51	67	57
280667	0	0	0	0	0	0
14008	0	0	0	0	0	0
26912	199	281	239	231	250	196
276920	0	0	0	0	0	0
114642	60	84	51	38	63	47
242891	0	0	0	0	0	0
101994	549	544	524	518	491	526
404319	0	0	0	0	0	0
66557	0	0	0	0	0	0
29873	1	1	0	1	2	3
72634	297	338	341	276	296	281
100048644	9	3	5	3	10	1
22038	321	342	355	397	380	348
105203	336	380	324	260	271	317
434156	88	86	90	70	77	73
60409	651	739	678	710	693	659
639281	0	1	1	0	1	2
20463	4489	3789	4522	4237	4188	4295
66637	207	223	181	173	206	212
14254	65	94	75	45	65	63
73047	18	22	17	16	23	21
67542	612	619	629	621	618	588
224691	171	178	143	143	156	156
22433	3811	3602	3754	3309	3415	3532
22701	253	282	283	248	246	219
15289	6128	7217	6308	4922	5299	4888
11837	25539	20701	24991	27363	24252	25073
666938	439	492	501	433	435	453
338367	34	51	63	62	57	44
116903	0	1	1	0	1	0
17760	42	40	58	40	47	41
209361	290	352	362	274	303	255
243407	2	0	0	0	0	0
107934	74	56	67	85	90	72
271457	1732	1559	1473	1392	1475	1552
68852	2	3	2	2	1	4
107239	14	22	26	24	19	11
18196	6	2	2	2	2	1
28146	6178	4866	5368	5050	5436	5513
66674	689	638	572	602	725	676
54711	1325	1223	1268	1256	1179	1264
101056241	3	0	0	1	1	0
19400	159	111	174	130	116	100
213948	168	94	144	323	292	330
12505	13073	12684	11735	10218	11009	10692
170737	1307	1304	1433	1249	1313	1196
18438	3584	2572	3566	4208	4018	4211
214133	696	685	625	551	582	572
208618	129	120	107	127	113	146
233040	0	0	1	0	0	0
74192	677	822	720	706	812	748
259038	0	0	0	0	0	0
30046	638	617	595	405	491	448
104806	191	231	205	169	193	176
66082	17	13	22	14	21	16
20843	2367	2056	1996	1650	1780	1822
667803	187	162	187	135	118	115
69047	0	0	1	0	0	2
230101	360	369	344	371	298	315
219114	348	481	358	246	257	220
216558	2838	3052	2558	2290	2838	2608
319622	3629	3252	3292	3595	3713	3861
232944	665	700	735	758	786	763
231999	294	300	342	284	315	310
20103	8372	8417	9851	9509	8678	8423
118568062	5	5	4	9	4	5
83797	394	444	416	373	393	354
12921	0	0	0	0	0	0
16414	18316	17395	19381	23822	22361	23909
116904	2	4	4	0	0	0
75691	79	92	104	109	68	96
24010	4428	4103	4577	3826	4127	4201
227738	328	291	301	371	355	309
108150	1530	1552	1375	1411	1459	1470
105722	2711	2822	2644	2429	2633	2450
22594	549	610	651	559	555	546
55994	0	0	0	0	0	0
102643076	0	0	0	0	0	0
214058	0	0	0	1	0	0
14077	56	63	51	63	52	71
15040	4508	3210	3982	4211	3830	4305
319615	302	270	254	188	215	241
12315	4481	5395	5413	4577	4538	4331
20181	1915	2133	2035	1867	1955	1813
13690	13872	14293	13948	12852	13344	13481
67669	348	442	377	389	427	378
73368	101	89	70	95	82	67
22441	59	25	32	38	24	38
20115	10823	9404	10535	10965	10321	10977
71929	3466	3329	2880	2661	2899	2812
103149	0	0	0	1	1	1
102323	395	476	409	452	423	420
100041505	0	0	0	0	0	0
217194	47	46	34	48	32	45
20564	0	1	2	2	0	0
381293	367	535	411	255	269	245
14697	143	184	163	207	223	207
71584	1	1	1	0	0	1
387314	1	0	0	0	0	0
15460	13	11	23	7	10	10
15384	5952	7918	6547	6396	6648	6268
228602	644	665	678	733	723	783
66523	319	374	333	313	352	316
78893	473	538	569	529	497	486
56356	4309	4246	4920	4839	4751	4537
64384	180	181	222	219	179	184
13557	442	484	488	509	486	489
269437	0	0	0	0	0	0
17252	1332	1197	1148	1234	1331	1422
53883	6	6	13	4	12	4
66264	206	217	246	188	182	183
80889	622	742	780	830	804	741
232313	0	0	1	0	0	0
230726	0	0	0	0	0	0
18628	205	185	199	172	181	222
66141	9074	7816	9770	10140	9235	8858
546519	1	0	1	1	0	0
12530	373	530	444	363	405	378
105841	17	19	20	12	18	8
170721	3	3	1	2	2	1
69683	1000	1180	1222	1198	1040	1043
268934	0	0	0	0	1	0
243834	175	167	183	144	135	143
100040049	5	7	6	14	12	9
668880	1802	1630	1754	1630	1596	1629
77891	1818	2758	2372	2122	2160	1958
252967	93	109	104	71	91	70
19935	427	457	504	496	498	482
93710	3	0	0	10	0	0
67737	0	0	0	0	0	0
245007	540	428	406	395	427	411
245944	749	646	646	600	665	654
71868	2	2	1	3	0	0
234677	0	0	0	0	0	0
71521	2154	2476	2049	1745	1975	1943
71111	0	0	0	0	0	0
51960	327	340	349	366	280	327
217335	484	491	493	501	456	453
232491	254	235	219	186	210	191
232889	6	8	5	2	5	10
18294	211	214	251	237	209	207
66863	1027	1113	1201	1157	1123	1131
18125	4	2	2	2	1	1
76366	246	263	293	265	271	262
72748	19	20	26	30	26	22
74343	623	599	621	599	553	585
432478	0	0	0	0	0	0
320135	38	50	42	20	39	33
232879	332	315	393	340	288	319
217364	352	221	324	395	333	369
66286	1942	2310	1899	1702	1868	1841
27681	912	983	971	877	845	868
21462	2	1	2	3	1	2
22193	1055	1154	1038	893	954	941
17268	43	38	56	50	36	40
115486479	0	0	0	0	0	0
216177	56	60	61	34	39	37
14211	1611	2277	1632	1073	1225	1093
68342	1262	1294	1461	1313	1359	1207
66606	321	315	293	294	303	317
19291	2357	2272	1991	1777	1964	1935
109828	0	0	0	0	0	0
381812	136	146	138	108	131	129
640524	52	36	39	46	38	46
239337	0	1	0	2	1	0
69269	375	343	415	332	335	319
69367	468	427	390	376	477	429
72709	287	295	353	265	257	264
78829	1728	1862	2103	1853	1801	1727
547109	0	0	0	0	0	0
28064	1332	1326	1514	1585	1449	1352
100503890	362	326	341	271	283	256
72194	1512	1051	1353	1264	1303	1427
70192	0	0	0	0	0	1
73945	1267	1391	1333	1142	1230	1289
74044	660	884	745	551	636	642
69810	232	108	151	152	160	160
101612	220	325	265	258	273	262
19766	2243	2385	2246	2120	2209	2224
213989	37	26	46	43	42	38
107732	682	699	751	764	720	739
94091	425	457	564	449	467	480
102633525	0	0	1	0	0	1
171168	0	0	0	0	0	0
71228	4	2	5	3	2	5
15483	7	9	6	1	1	2
71355	2	2	0	0	1	0
218440	0	0	0	0	0	0
240186	60	70	46	48	56	70
84095	2443	2385	2646	3021	2817	2879
12237	1691	2072	2002	1760	1736	1688
263764	246	275	260	233	238	215
52463	4	0	1	1	1	1
101202	2	0	2	0	1	1
24067	1006	916	793	783	942	842
68533	291	315	287	232	284	238
223723	636	829	756	757	633	622
65972	3569	3659	3634	3387	3130	3395
13998	868	785	805	773	773	869
56406	1313	1430	1431	1481	1329	1306
66209	600	663	615	573	531	600
234911	603	434	501	374	417	395
66526	678	610	714	545	565	628
50753	427	322	393	408	399	389
666738	0	0	0	0	0	1
70052	433	506	497	471	489	422
14629	904	1030	883	882	897	961
242585	201	212	205	203	252	208
69020	97	109	106	73	75	94
76299	1461	1619	1505	1324	1448	1501
237716	0	0	0	0	0	0
100033459	47	25	36	32	17	17
72139	133	98	98	87	88	87
114301	1	0	0	0	0	0
19881	59	72	72	53	56	48
17113	8876	9610	9071	8683	8897	8683
22342	0	1	1	0	1	3
73430	156	128	132	100	113	115
66836	208	209	204	241	193	187
233529	16	2	12	4	4	3
71891	570	461	516	502	461	503
18725	3247	3275	3117	2869	2767	2888
14866	209	182	192	222	194	184
671650	0	0	0	0	0	0
11938	3740	4445	4006	4292	4349	4259
102632152	0	0	0	0	0	0
26382	1002	868	1029	1003	819	845
68079	306	320	339	315	275	282
227656	790	835	848	804	735	704
76467	181	174	175	125	140	137
74393	38	35	30	34	30	26
13113	10	10	11	8	7	8
11566	2218	2651	2331	1891	2160	2004
66412	293	219	253	279	227	280
606496	1385	1582	1512	1643	1641	1469
74596	367	363	406	418	469	421
21827	9	9	11	5	4	12
332175	11	15	14	15	9	10
11520	10342	9505	10341	17091	15170	16826
20773	2169	2328	2164	2024	2086	2100
242748	1	1	1	0	0	1
233071	70	145	115	76	81	70
118446	0	0	0	0	0	0
70045	11	8	11	7	4	2
19055	2396	2436	2255	1980	2182	2105
75415	1282	1172	1220	1085	1171	1200
66427	3049	3353	3146	3160	3353	3276
117591	604	667	626	530	519	523
69551	401	429	432	417	418	386
80898	1490	1541	1327	1295	1447	1465
14570	0	0	2	3	1	2
235907	356	315	295	262	275	291
20474	0	1	0	0	0	0
18566	1	0	0	0	0	1
15586	336	390	414	507	575	523
382395	0	0	0	0	0	0
110829	3487	3459	3029	2640	2702	2722
74238	2	2	0	2	4	0
20588	1063	1405	1248	1073	1071	1078
30953	1	0	2	2	2	2
210766	504	512	447	433	426	388
16158	0	1	0	0	0	0
271842	73	102	78	85	91	104
228829	1391	1274	1409	1272	1242	1338
218333	934	891	983	880	932	972
78600	1	1	1	0	4	1
118568307	113	70	93	97	91	93
11982	185	313	246	158	173	152
22439	60	67	61	54	68	46
66871	36	23	17	25	27	29
77006	871	836	856	842	904	867
69386	4	9	2	0	3	7
108167387	0	0	0	0	0	0
68607	525	546	570	488	460	449
244418	203	245	270	233	216	176
108062	655	667	593	541	611	609
404545	6	5	7	1	5	3
73316	11	23	20	17	18	12
544763	1	0	0	0	0	0
13356	1258	1302	1395	1326	1301	1210
17159	13598	12458	14506	14055	13683	14002
67724	239	270	289	253	278	239
75647	0	0	2	2	0	1
19016	791	495	702	866	813	891
109108	833	858	788	841	894	978
72338	133	79	72	92	78	83
75909	2535	2068	2189	2324	2399	2513
68077	2226	1818	2361	2238	2060	2112
666329	0	0	0	0	0	0
12177	2440	2120	2307	2389	2541	2683
14229	553	1054	724	446	529	442
212114	578	523	524	518	561	504
106025	767	792	850	798	805	808
56615	1921	1638	1778	1634	1756	1693
14525	2	0	2	1	0	0
269397	96	91	111	112	104	129
18816	0	3	3	3	3	4
435766	0	1	0	0	0	0
320213	981	936	921	895	979	978
66855	4237	4221	4692	4720	4440	4607
18481	0	0	0	1	0	0
96957	197	306	254	262	262	258
666348	2	0	0	0	0	0
68563	260	278	313	298	286	244
170799	48	63	49	40	33	33
93742	0	1	0	1	0	1
319277	2103	1895	1776	1646	1651	1730
19200	1921	1889	2200	1946	1845	1738
19222	615	622	634	511	466	449
224440	25	47	35	33	30	38
100039239	0	0	1	1	0	0
68299	964	1058	996	859	933	951
74841	691	662	649	559	626	658
54411	8221	8696	8764	9162	9303	9157
27260	0	1	0	1	1	0
446101	2	15	7	9	7	8
69957	847	957	870	919	827	840
329934	0	0	0	0	0	0
75454	228	188	225	214	210	197
77634	750	613	585	608	547	592
56047	0	0	0	0	0	0
66968	0	0	0	0	0	0
330217	6	1	1	0	1	0
329278	2	1	1	1	1	3
170749	719	795	755	703	669	708
216781	0	0	0	0	0	0
12401	0	0	0	0	0	0
246103	513	453	483	413	436	465
118567466	7	1	1	0	0	1
100040608	32	47	48	26	31	30
11529	1	1	1	0	1	0
13034	59	32	42	31	34	44
26364	2343	2572	2571	2483	2523	2493
14356	502	469	483	539	484	486
382030	673	758	731	606	628	627
212733	1	1	1	0	0	0
67169	55	52	63	63	47	48
26426	779	776	838	879	805	777
77038	1534	1577	1738	1756	1715	1565
76192	5487	5811	5942	6251	6114	5914
212123	464	539	573	463	466	481
77045	122	156	145	126	137	110
381066	256	319	259	169	197	177
320799	102	91	104	77	97	74
243362	10	3	4	8	8	13
320825	5	1	4	1	0	0
242126	94	109	107	87	86	84
18611	7172	6279	6456	8206	7954	8464
74370	1335	1445	1570	1395	1256	1231
210982	606	583	651	520	552	558
399603	1215	1053	1080	907	976	879
102632142	1	0	0	0	0	0
59050	4537	3918	4163	3800	4190	4019
13144	396	388	428	434	388	444
219181	646	662	722	650	668	637
70533	866	913	766	712	762	756
17896	3	1	1	2	3	3
64011	12	6	9	16	9	6
435528	0	1	3	0	1	1
111173	406	538	412	445	436	417
226720	0	0	0	0	0	0
269717	607	587	572	539	537	494
21935	3	0	1	4	3	4
69202	4035	3924	4846	4682	4332	4010
16987	1186	1080	1245	1645	1573	1527
56706	2451	1912	2060	1841	1944	2016
219257	0	0	0	0	0	0
16348	219	217	205	235	223	227
69179	170	235	229	203	197	174
60406	656	830	728	603	672	669
76142	0	1	0	0	0	0
20128	2904	2374	2490	2110	2032	2300
66329	1223	1111	1319	1041	921	895
27267	1227	1458	1294	1574	1512	1443
56264	15	15	20	19	6	16
69906	278	269	271	281	314	270
105980076	0	0	0	0	0	0
14107	9	3	6	7	10	13
109754	4303	4897	5147	5296	5092	4870
50930	67	79	95	48	43	51
65962	16	6	10	7	10	8
16841	0	0	0	0	0	0
233900	1253	1266	1399	1185	1148	1098
83701	1836	2160	2013	1770	1591	1699
20333	864	904	970	839	894	818
74206	416	458	516	461	478	450
245595	0	0	0	0	0	0
66384	611	702	628	545	575	537
18087	2013	2065	1931	1911	1981	1969
106582	654	767	799	673	549	526
192651	14	19	18	17	11	19
14538	45	73	62	24	34	34
99730	525	516	509	440	523	484
212307	2462	2521	2544	2845	2638	2645
73067	785	951	909	942	926	895
14815	1864	1547	1510	1324	1453	1509
73347	0	0	0	0	0	0
22344	959	911	846	714	739	779
11920	513	620	491	377	456	415
68473	270	281	268	256	246	239
73914	637	624	695	564	584	586
18969	491	660	604	569	481	524
68597	219	233	190	191	188	208
108167553	27	39	39	35	42	29
108954	2626	2737	2589	2442	2476	2564
227298	1921	1946	2064	2079	1965	1879
108670	1646	1206	1471	1243	1111	1278
17690	0	1	0	0	0	0
328133	1289	1268	1267	1294	1315	1312
93890	0	1	0	1	0	1
108012	2782	2269	2049	1813	1960	2005
20311	4	2	0	1	1	0
27223	571	550	568	546	554	551
74716	1	0	0	0	0	1
96875	0	0	2	2	1	1
380840	161	202	165	114	162	137
240055	200	276	250	168	146	156
64540	1764	1671	1873	2229	2005	2071
81898	6463	6421	5889	5560	5774	5917
20850	604	634	718	578	478	496
11622	193	122	163	104	114	116
66643	4	10	8	2	14	6
21355	1714	1724	1925	1821	1663	1508
27411	0	0	0	0	0	0
97287	1101	1038	1219	1143	1111	1001
19650	1080	1357	1111	827	932	852
227525	1281	938	1060	877	882	985
70127	2	1	1	1	1	0
12772	5226	1843	3260	2440	1644	2243
17119	490	369	456	371	394	360
23892	1	1	1	1	1	1
631624	455	455	404	270	304	280
619665	0	0	0	0	0	0
19657	0	0	0	0	0	0
17991	714	905	900	948	886	757
77582	983	913	990	1081	1040	974
72306	224	267	285	308	266	234
26909	180	274	206	144	165	165
74254	308	385	355	343	374	334
68098	538	567	611	562	558	560
11843	2861	2994	2768	2818	2958	2727
50907	1586	1700	1735	1602	1642	1524
57813	732	632	734	815	799	833
27280	166	165	216	210	161	219
67993	40	40	24	37	52	24
13388	3	0	2	1	0	2
13134	69	109	63	74	86	88
116871	934	998	981	945	1015	980
14724	1	0	1	1	0	2
20192	0	0	0	0	0	0
240817	0	0	0	0	0	0
68039	38	60	42	25	30	25
110805	0	0	0	0	0	0
216850	287	232	306	271	249	235
668433	0	0	0	0	0	0
218756	1108	913	842	797	787	850
118567625	14	20	4	10	12	10
623661	39	25	37	40	41	40
11684	25	3	14	9	2	8
70155	1110	1186	956	709	806	757
194357	0	0	0	0	0	0
241308	229	230	247	193	194	209
27360	1162	1370	1083	879	949	956
212541	0	3	3	5	1	1
16648	1774	1820	1697	1466	1641	1497
17948	1389	1378	1357	1308	1342	1374
20259	8	8	16	10	9	11
30941	434	427	431	479	437	424
17761	29	27	34	15	14	18
70208	738	752	751	665	694	683
217149	239	264	246	199	201	189
67487	675	611	640	555	542	604
75352	0	0	1	0	0	0
214552	526	687	640	571	515	534
209387	940	727	803	609	635	680
19276	0	0	1	0	0	0
246198	1132	930	1053	1131	1077	1218
668101	306	263	289	205	183	165
73750	4	10	11	16	18	14
102639868	16	20	19	14	16	7
118567440	1	0	0	1	0	0
24030	277	274	324	294	305	278
269254	1494	1559	1533	1329	1381	1371
57246	0	0	0	0	0	0
71998	62	81	79	71	67	90
21422	164	169	180	144	171	173
74133	502	566	544	498	486	562
215335	1560	1741	1829	1403	1418	1342
223691	2801	3130	3244	2969	2906	2846
78412	152	253	224	198	172	145
12725	920	993	993	792	912	858
12389	269	467	305	71	100	80
66073	759	742	793	743	785	747
80876	6125	4606	5902	6255	5998	6142
234344	248	245	192	202	230	199
68810	2	3	2	3	0	1
219149	0	0	1	0	0	1
14051	275	297	218	200	227	203
71213	8	6	4	8	8	8
13346	1	0	1	0	0	0
13185	1869	1865	2039	2013	1959	1991
105247198	0	0	1	1	0	0
100048534	5	0	3	3	4	3
12982	3180	3283	3995	4091	3717	3790
72050	321	422	356	375	365	364
641340	585	598	548	649	697	663
68401	462	606	633	588	601	550
93684	4002	4278	4182	3192	3609	3228
227737	9526	10337	10819	10777	9709	9676
67283	451	437	513	475	472	404
19241	93099	98310	95952	86212	87810	81625
18103	3641	4159	3580	3513	3595	3366
67038	3	7	7	2	6	6
11363	2053	2157	1994	1953	2200	2008
384281	516	532	460	478	539	483
15978	0	0	0	0	0	0
12854	0	0	0	0	0	0
70373	874	786	874	789	779	820
170786	8	4	5	5	4	7
11785	36	53	38	16	22	30
269959	0	0	0	0	0	0
68045	2100	2314	2107	1876	2094	2094
115486882	0	1	0	0	0	0
85308	216	216	219	224	238	204
244853	178	101	116	111	80	101
67771	13546	12798	12558	11250	11808	11604
15247	1458	1372	1388	1452	1465	1518
234836	2	0	0	0	0	2
75029	89	83	95	69	99	72
217216	183	278	243	186	188	148
234309	201	221	184	211	233	207
15403	2	6	3	4	2	4
270156	561	454	434	427	400	485
20970	14673	14758	15470	27088	26344	26067
68744	1680	1456	1665	1437	1349	1416
76788	820	927	920	787	823	796
235184	240	279	269	226	232	236
11826	6	4	6	3	3	3
14123	1836	1642	1853	1890	1702	1777
497652	431	507	509	484	500	397
100088	611	835	760	645	599	542
98432	385	388	414	470	441	456
80891	8501	4846	7439	4418	3813	4404
22375	774	1049	923	1040	984	966
21844	613	836	757	509	487	463
14387	1881	1970	2152	2321	2133	1999
13046	1849	2025	1856	1709	1742	1854
17883	1	1	0	0	1	1
319586	2	1	2	1	1	1
76178	2229	2143	2220	2252	2359	2453
353502	992	1037	1074	1018	916	986
28075	758	753	808	747	776	719
330817	300	350	333	366	403	367
11890	0	6	1	7	3	7
242785	473	403	509	507	509	491
54632	220	280	263	268	253	227
21908	1	0	0	0	0	0
77963	10	7	14	8	8	16
227099	131	160	113	95	116	114
241490	543	531	528	507	509	503
72572	151	218	181	182	201	200
59035	746	910	835	947	881	838
97908	0	1	0	2	1	0
13511	1	0	0	0	0	0
75196	6	8	7	6	5	6
12613	0	0	0	0	0	0
68166	630	781	694	633	723	624
214531	0	0	0	0	1	0
21945	489	518	558	545	502	524
118567992	0	0	0	4	1	1
195564	19	10	14	6	8	10
668661	305	366	341	396	375	398
269878	643	683	790	685	657	665
212281	424	353	350	313	330	354
20969	740	580	793	672	668	669
75099	250	182	191	210	201	194
14593	520	499	456	437	500	514
24099	47	39	37	30	30	32
52589	1	0	0	0	0	0
21761	8617	8851	9051	7817	8440	8080
74412	581	757	677	597	596	556
20519	0	0	0	0	0	0
668158	7	12	5	6	5	6
110006	11395	12118	12059	13607	13476	13481
18002	1377	1407	1533	1306	1242	1258
19697	1597	1585	1895	1746	1707	1588
12424	2	3	1	1	1	2
71517	2340	2429	2508	2502	2539	2471
319190	221	204	218	247	261	282
218503	2165	1732	1699	1422	1443	1473
18857	0	0	0	0	0	0
20349	0	0	1	0	0	0
107753	1	0	0	1	0	0
71954	1344	1410	1449	1429	1339	1330
18706	1439	1322	1280	1212	1214	1235
57330	722	720	859	796	723	725
71678	3014	2988	2874	2753	2912	2963
333669	0	2	2	2	2	3
103136	577	726	627	608	658	634
22278	1048	1009	1120	948	875	949
76500	353	356	402	331	315	327
94346	13	3	12	6	8	8
234776	762	781	849	809	810	804
19182	2476	2847	2809	2646	2564	2478
240427	0	0	0	0	0	1
71148	1321	1078	1029	871	933	980
20656	1229	1127	1196	1228	1294	1240
211401	3501	3540	3373	3345	3401	3384
71712	1438	1234	1251	1296	1364	1296
226856	1417	1417	1228	1134	1237	1243
12367	1113	1095	1041	973	1054	999
67308	237	281	268	260	283	239
72413	0	0	0	0	0	0
13861	1	0	0	0	0	0
192663	0	2	2	0	2	0
68021	417	458	496	473	458	461
15930	0	0	0	1	0	0
242409	48	41	43	47	53	36
11855	668	548	515	429	468	460
12328	533	511	554	497	485	588
225027	1309	1686	1471	1432	1356	1397
16151	1484	1381	1382	1225	1337	1355
66168	3484	3343	3852	4355	3961	3830
101113	245	221	266	228	221	182
320844	21	44	34	31	24	28
105246961	193	174	155	104	145	137
67181	2001	2022	2039	2059	2024	1928
27029	1190	1449	1525	1404	1344	1273
230073	1566	1399	1498	1063	1039	1105
12343	9558	8087	8605	7807	8475	8702
27762	59	35	45	32	34	31
227929	838	627	720	459	526	502
494448	794	837	797	658	661	641
17179	263	134	240	348	302	359
93687	3596	3627	3534	3094	3320	3227
12033	902	907	841	695	899	791
216766	356	455	437	451	457	424
69186	1086	952	1086	1128	1059	929
319446	4908	4086	5276	4387	4325	4540
66491	382	459	399	386	398	430
319182	2	0	1	3	2	1
23808	943	1200	1117	841	933	950
242037	0	0	0	1	0	0
211488	866	831	781	900	988	864
67841	1115	1251	1278	1067	1214	1213
328967	28	13	26	18	12	25
72096	177	222	185	192	188	162
227394	1	0	0	0	0	0
666548	0	0	1	0	0	0
68876	69	81	73	82	95	83
27388	400	426	465	479	451	436
67933	349	375	335	315	349	347
58185	685	530	661	516	531	620
66244	915	866	846	679	775	739
68776	611	583	588	456	514	480
20170	376	375	402	443	402	380
118568348	23	15	19	27	34	34
68709	0	0	1	0	0	0
108037	689	1310	1073	1196	1234	1107
80281	2709	2803	2735	2447	2462	2434
93703	62	85	62	56	54	64
214899	1126	963	928	833	846	873
210126	690	671	692	611	718	740
109145	582	733	628	577	575	590
108123	968	1052	1082	920	996	930
16559	6	3	4	2	3	4
78752	1222	1096	1035	923	896	936
268490	540	638	552	527	542	478
217333	1018	1381	1406	1190	1114	950
24071	931	832	770	706	798	753
75623	172	222	171	154	153	151
434797	0	0	0	0	0	0
68652	3437	3288	3228	3077	3132	3229
235416	0	0	0	1	0	0
56031	312	380	314	307	342	353
69480	8	21	9	22	20	18
73178	418	468	409	375	403	391
217140	43	54	45	57	54	40
75778	88	90	86	82	112	109
107589	23	16	20	21	15	19
13829	2	5	8	9	10	7
14854	351	349	336	339	320	357
67685	7	9	8	3	6	2
15903	20	51	43	36	34	42
11655	2948	2494	3055	3486	3314	3522
14531	0	0	0	0	0	0
11782	183	206	175	209	206	197
76448	4059	4088	4097	3502	3427	3452
258325	9	13	13	13	16	15
74347	294	280	280	249	259	250
53379	15352	16110	13507	11709	12353	12673
257635	2	2	3	2	1	2
13390	0	0	0	2	0	0
74178	576	518	612	682	604	661
637515	724	719	766	585	466	591
237898	820	734	737	668	724	735
29817	6	2	7	15	6	8
225888	684	556	612	655	618	686
53415	1069	1314	1207	1262	1336	1188
219072	354	497	447	350	305	307
112403	273	309	317	269	282	261
13972	42	64	55	55	46	58
68915	179	218	232	229	210	233
20408	0	0	0	0	0	0
19259	0	1	1	0	0	0
77106	1190	1282	1179	1285	1337	1265
53618	493	571	502	394	421	495
77018	0	0	0	0	0	0
12704	372	562	555	324	314	287
100113365	65	71	71	77	78	50
228136	1549	1960	1797	1673	1639	1718
100038969	0	1	0	0	0	0
16476	2130	2911	2771	2630	2426	2311
327958	0	0	0	0	0	0
57434	164	235	184	149	162	141
27998	302	392	351	391	306	301
71089	0	0	0	0	0	0
16451	4000	4308	4204	3862	3916	3858
227682	360	368	408	383	342	319
104184	1707	1912	1781	1378	1486	1496
66973	349	536	434	493	525	486
231932	1	0	0	0	0	1
217109	453	602	427	409	509	499
22327	972	912	767	647	675	705
66350	140	225	199	193	206	233
97212	2549	2437	2650	2859	2904	2852
69116	2971	3292	3435	3522	3326	3398
30962	0	0	0	0	0	0
228491	194	145	161	120	142	145
74481	93	60	83	110	72	98
229474	20	16	16	14	12	11
102791	279	290	317	359	361	326
228876	32	40	36	18	41	19
637776	3	3	0	3	3	3
23988	524	698	697	651	685	623
68115	253	253	266	270	253	283
381738	0	0	0	0	0	0
218639	213	234	177	163	214	180
223775	148	172	191	206	161	189
78251	61	30	44	35	33	39
228151	0	0	0	0	0	0
19305	1073	1032	1112	999	1051	963
237979	2	0	4	3	1	3
213272	0	0	0	1	1	0
14297	90	102	75	103	105	88
18146	52	45	62	50	54	52
107999	157	174	188	250	206	185
381680	1243	726	1004	961	691	891
218476	1	0	0	1	1	0
100561	1556	1365	1536	1585	1464	1385
53860	4690	4932	5037	4289	4157	4089
207667	0	0	0	0	0	0
54670	9	6	15	13	9	7
381629	930	883	1032	960	915	980
56289	518	539	593	594	535	492
93838	28	22	31	28	41	27
382034	684	835	784	769	781	745
55985	0	0	0	0	0	0
270672	106	100	90	87	109	95
67568	4843	4711	4640	4207	4478	4580
75304	13	7	7	10	6	4
67338	304	229	265	242	215	246
226610	60	37	48	96	78	80
12953	168	186	192	184	179	168
55943	611	653	602	637	637	616
16421	1632	2122	2018	1341	1270	1010
16618	1	0	0	0	0	0
18045	339	375	347	285	292	325
16190	2462	2537	2647	1867	1731	1878
20351	1426	1286	1499	1492	1367	1321
212439	24	21	23	17	29	22
26441	2094	2356	2050	1818	2069	1953
67877	1704	1912	1842	1827	1817	1831
232533	218	265	218	276	274	267
67492	142	167	131	149	160	113
12684	5	6	9	7	10	0
27632	619	736	657	710	685	703
105244844	1	0	3	5	0	0
545389	1568	1628	1435	1312	1328	1273
329416	568	477	562	468	529	507
58175	0	0	0	0	0	0
57912	3634	3899	3776	3379	3398	3429
223658	2029	2138	2599	2615	2387	2292
76267	3317	2761	3177	3942	3723	3817
105787	1196	1175	1035	980	1017	1064
12151	542	487	427	454	486	533
93765	1689	1931	1656	1637	1782	1734
66198	0	0	0	0	0	0
77781	715	646	663	600	673	673
15510	3368	3889	3304	3569	4136	4073
320332	0	1	0	0	0	0
70160	957	1037	971	853	931	889
14762	0	0	0	0	0	0
57746	80	104	81	59	64	52
14707	2431	2406	2340	2620	2587	2438
77485	0	0	0	1	0	0
12045	731	1114	772	863	995	939
231646	4	3	2	2	2	2
67437	6947	6356	5937	5453	6162	6109
56544	2	0	1	1	1	0
22294	167	207	180	161	197	167
20928	0	0	0	2	1	0
66684	950	975	952	818	951	833
14670	979	1017	1074	1040	1113	1016
14884	990	1026	925	916	993	943
14677	0	0	0	1	0	0
71960	0	0	1	0	0	0
276829	0	1	1	1	0	0
22700	268	232	243	166	161	183
67222	258	282	241	273	245	244
242316	0	0	0	0	0	0
12121	9	5	7	1	5	3
59079	2418	2136	2113	1731	1711	1855
21645	0	0	0	0	0	0
223601	2920	2930	2978	2692	2680	2713
65105	579	721	720	616	642	605
17246	2084	2286	1952	1964	2107	2145
76260	99	134	102	120	111	106
54368	3	0	5	2	0	2
76074	52	39	37	46	30	36
108897	0	0	0	0	0	0
107626	0	0	0	0	0	0
71162	0	0	0	0	0	0
333182	11	8	22	15	8	10
319236	891	621	626	603	605	656
118568135	0	0	0	0	0	0
20044	12792	11101	12036	11262	11267	11238
76453	2	0	1	0	0	2
216622	1	0	1	0	2	1
17132	6384	5210	5134	3342	3389	3437
13819	74	86	76	126	137	124
68659	696	661	657	928	988	1047
69297	2	7	2	0	5	2
102162	417	473	471	441	452	456
59001	210	265	213	166	172	185
68310	208	181	196	160	151	187
68512	443	558	500	550	503	491
75939	300	369	289	246	243	207
216350	5	11	5	6	8	8
213550	369	401	398	379	367	399
210376	1170	1398	1274	1134	1307	1217
213171	0	0	0	0	0	0
73112	959	974	912	736	757	741
28040	776	801	752	672	637	708
102633740	0	0	1	2	0	0
17311	287	326	259	276	282	270
12915	1591	1760	1848	1751	1803	1534
69032	137	115	127	85	119	75
432611	3	0	1	2	1	1
100041306	1	0	0	0	0	0
320415	3	4	3	2	0	2
20585	1148	945	958	751	821	830
207615	836	813	797	752	742	742
224129	0	0	3	0	1	1
115487193	1	2	0	0	0	0
64658	435	455	417	431	478	423
242669	65	101	87	80	89	73
17449	3612	3885	3581	3855	4088	3948
20807	741	869	982	975	847	788
74355	1662	1932	1671	1335	1472	1462
234582	14	9	9	11	8	5
74111	381	468	441	412	408	385
109205	0	0	0	0	1	0
216846	208	285	253	183	208	185
217258	1	2	1	1	2	1
16661	27	23	20	11	25	11
52857	1368	1245	1524	1458	1303	1258
319170	0	0	0	0	0	0
229709	2584	2628	2360	2407	2497	2303
66059	922	1103	1026	1085	1078	974
71774	0	0	0	0	0	1
107771	204	186	241	210	155	177
217588	193	220	202	169	171	171
110784	4	3	6	4	4	4
268822	190	184	217	238	224	216
107305	884	813	992	869	856	864
54167	6	3	4	2	0	5
75734	1301	1342	1226	1248	1358	1328
217265	66	64	57	51	57	50
223455	2393	2285	2365	2339	2392	2435
217217	0	1	1	0	2	1
67155	728	731	744	701	682	687
57755	0	2	1	1	1	2
17390	11	4	7	14	5	10
653016	0	1	0	0	0	0
59024	1416	1427	1442	1553	1331	1415
74104	282	361	345	350	340	321
216363	100	133	109	129	110	142
20742	2125	2488	2250	1894	1876	1848
12260	37078	31043	39859	43223	39836	39743
319152	1	0	0	1	1	2
230673	1083	1104	1182	1184	1118	1113
170439	376	338	344	423	435	422
20215	5	6	6	6	5	4
50877	46	59	42	42	47	35
108989	3599	4215	3795	2887	3031	2878
71994	10	13	11	28	18	10
22784	0	0	1	0	1	0
15400	3	5	5	4	3	4
67867	101	122	123	108	126	122
67454	271	308	289	218	225	268
18519	802	782	722	686	687	607
212555	547	571	592	558	565	540
21676	1	0	0	3	0	1
71375	741	696	765	647	659	707
232441	0	0	0	0	0	0
13204	2834	3068	2690	2507	2558	2653
235599	2	1	4	4	1	4
69163	485	498	512	575	571	523
330812	1957	1718	1685	1527	1608	1703
12859	1710	1939	1862	1830	1809	1690
68016	1	0	1	0	1	0
217316	1	0	0	0	0	0
56484	1830	1498	1686	1734	1754	1730
12190	244	364	254	161	193	186
668618	0	0	0	1	0	0
14089	7	6	3	3	3	3
237459	574	587	559	610	652	668
14148	133	202	160	135	150	156
100039968	192	188	212	245	247	244
71820	137	146	150	131	138	128
11733	48	62	48	42	56	47
12972	398	463	448	344	431	400
11881	1198	1735	1401	1005	1025	931
434693	0	0	2	1	0	0
58991	0	0	0	1	1	1
212531	532	616	586	1084	1144	1180
76886	1	0	0	0	0	0
230784	336	416	419	447	479	405
72313	1003	1048	1088	964	918	947
246738	129	115	119	118	121	114
433693	994	1082	1069	959	932	870
20918	5198	4483	4606	4700	5346	5278
17305	174	137	196	134	159	148
67657	258	252	228	200	218	249
72459	810	963	838	723	802	769
239364	0	0	0	0	0	0
215789	702	720	705	703	701	737
57915	1142	1416	1309	1322	1350	1255
100042776	0	0	0	0	0	0
100502876	1	3	0	0	0	3
93884	0	1	0	0	0	0
24057	25	23	24	13	23	24
232680	2	0	1	0	0	1
71881	907	1102	975	814	921	860
231413	1485	1561	1416	1266	1455	1371
70584	262	283	373	307	280	277
101489	1140	1211	1394	1358	1286	1204
100503991	0	0	0	0	0	0
432572	1606	1704	1817	1597	1604	1601
72287	64	88	96	70	43	64
100503710	0	0	0	0	0	0
18412	10702	10065	11468	12553	11801	11702
239659	0	0	1	0	0	0
71839	330	346	363	464	482	462
20893	647	704	706	1110	1148	1194
14840	23	19	26	11	10	6
56515	345	269	255	224	250	245
21940	1	1	1	1	0	1
102640920	20	12	13	8	11	12
19361	484	748	560	432	456	410
633285	0	0	0	0	0	0
20509	256	333	364	365	302	292
665001	170	154	156	167	154	152
240263	606	537	579	586	612	605
104625	1903	1884	1607	1419	1473	1528
14184	1	0	0	0	0	0
54484	2759	2600	2889	2597	2693	2581
100503964	1	0	0	0	0	0
20698	7	7	4	10	7	13
67446	74	70	66	87	70	89
19888	0	0	1	0	0	0
100862072	0	0	0	0	0	1
207181	0	1	1	2	0	2
231329	1488	1586	1451	1256	1303	1375
239652	0	0	0	0	0	0
52245	365	381	398	386	349	393
97159	260	349	298	290	300	280
319148	1	7	5	5	4	2
15001	13	8	14	9	7	8
57442	57	92	45	31	45	39
17754	47	34	27	22	16	20
24100	1328	1299	1450	1630	1487	1499
12363	589	486	510	421	387	396
17231	0	0	0	0	0	0
16533	0	0	0	0	0	0
17687	36	21	32	21	23	36
69638	12	13	4	6	5	1
12482	4	1	0	1	0	0
115486519	1	1	2	1	1	0
27015	439	442	395	345	384	372
67967	914	1026	971	829	780	739
218811	2724	2798	3039	2623	2642	2542
230767	170	187	188	157	180	154
75209	2	1	0	0	0	2
210106	519	628	630	519	539	474
109229	299	310	308	290	283	259
13002	2670	2521	2580	2484	2466	2619
12524	319	298	331	329	415	425
70930	262	306	292	248	279	253
217718	3231	3103	3387	3218	3124	3049
71981	0	2	0	0	1	2
77264	293	334	373	324	294	299
72205	845	955	967	1003	911	878
17095	1340	1118	1420	1133	912	924
30928	629	666	662	573	658	655
20391	0	0	0	0	0	1
246049	94	175	139	31	46	41
54394	1405	1235	1386	1151	1138	1134
11425	2	0	1	3	0	2
214048	183	220	181	197	171	182
226143	0	2	0	0	0	0
213956	283	317	330	339	350	330
18082	313	330	297	280	274	246
258224	0	0	0	0	0	0
11909	1066	1009	982	857	881	875
21745	3041	3310	3366	2979	2763	2851
20683	1983	1802	1767	1594	1616	1734
19069	1142	1217	1139	1193	1148	1174
320256	2	6	3	4	1	4
68972	88	94	91	94	86	95
108169053	2234	1603	1286	1402	1462	1259
106795	477	670	584	426	419	382
14201	1390	1236	1421	1328	1223	1191
16365	173	200	179	144	94	130
216560	144	136	129	125	144	114
13850	5	2	7	3	3	2
99334	697	631	695	623	641	675
225049	2167	2415	2507	2056	1892	1815
77683	770	887	843	802	797	779
16859	3238	3354	3226	2941	3095	2687
22689	122	151	136	121	140	132
115489041	3	1	3	1	1	2
218695	0	0	0	0	0	0
751865	279	301	330	359	328	377
320709	2	1	2	1	3	2
387609	96	89	93	85	85	102
228785	0	0	0	0	0	0
224273	838	864	724	600	591	680
68251	1352	1633	1646	1471	1394	1381
67767	414	444	451	484	508	489
67876	222	250	221	265	298	283
546726	0	0	0	0	0	1
360213	31	51	40	19	30	27
13616	1	1	1	1	1	0
75712	48	57	37	22	28	35
74096	1540	1406	1700	1612	1505	1589
71972	448	477	495	481	460	530
69094	502	585	697	655	542	495
76457	150	212	201	192	191	204
641376	905	954	997	935	962	883
75729	22	13	10	10	12	11
16918	4	1	2	1	2	4
75541	16	29	25	23	19	22
98932	2	1	3	0	1	3
94178	844	839	990	1026	1002	892
22339	2393	1807	2234	4033	4193	4026
20130	880	801	1006	894	926	846
399599	2	3	4	1	3	3
11431	1108	1245	1191	1011	1132	1066
75556	0	2	1	1	1	1
235461	1726	1443	1445	1545	1576	1626
633640	98	76	67	107	125	130
30785	0	0	0	0	0	0
20847	2955	2547	2842	2451	2185	2333
70472	1591	2232	1669	1343	1374	1373
329064	0	1	0	4	1	2
21872	3	1	2	0	2	2
93871	621	598	614	595	638	579
212190	0	0	1	0	0	0
11768	0	1	2	0	1	0
13419	0	0	0	0	0	0
381493	2	6	6	5	3	5
105242736	7	2	4	2	2	4
53817	2587	3002	2891	2738	2619	2560
17701	0	0	0	0	0	0
72351	295	323	284	260	230	245
52335	1261	1341	1267	1135	1164	1169
622554	4	1	1	1	4	2
69804	694	796	851	890	822	846
240913	5	4	8	5	1	1
68588	0	0	2	0	0	0
15566	0	0	1	0	0	0
66179	234	279	257	257	236	215
116748	350	366	355	377	376	337
58998	2	3	3	6	0	2
15893	191	233	184	151	187	183
70315	185	197	173	152	187	199
94191	2	5	0	1	2	2
17136	47	27	48	44	39	38
94246	597	555	506	463	471	421
12069	0	1	1	0	0	0
69671	0	0	1	2	1	0
14069	7	14	8	5	9	8
14915	0	0	0	0	2	1
15200	21	10	19	55	68	90
56376	2187	2135	2062	1687	1766	1802
234378	288	338	358	377	348	335
67247	1070	1085	1163	1041	1085	1125
18034	1303	917	1248	1291	1231	1217
22770	1011	930	951	837	886	1002
75426	0	0	0	0	0	0
545091	3	1	0	0	1	0
171506	0	1	0	0	1	0
109241	169	171	191	208	184	169
16168	418	324	335	303	298	298
19701	0	0	0	0	0	0
53382	1700	1753	1601	1674	1607	1728
232906	353	450	372	437	408	408
226517	866	1015	967	870	861	880
66155	1162	1179	1196	1071	1027	1060
81703	136	182	172	234	226	206
235956	221	209	169	145	142	188
13361	510	745	541	433	457	454
74148	1062	1425	1305	2225	2195	2050
101869	378	414	440	418	409	387
50789	1290	1071	1067	941	959	1018
69216	237	260	284	244	217	196
67702	3461	3025	2971	3012	3048	3209
97961	356	362	372	366	352	357
239435	0	0	0	0	0	0
224829	803	927	916	817	810	751
22785	410	338	319	357	329	336
207521	977	1123	1036	907	903	898
58180	106	100	106	118	88	115
574404	0	0	0	0	0	0
140630	1119	1052	1098	1085	1073	1157
105855	13665	14209	14534	14373	14381	14568
19060	1105	1341	1326	1445	1390	1305
13371	128	64	94	162	177	155
59011	45	64	59	41	50	35
102639229	0	0	0	0	0	0
73681	127	155	93	109	144	135
15891	5	2	1	14	6	9
71841	0	0	0	0	0	0
16774	193	183	215	170	123	130
215772	70	101	79	45	41	46
12576	1100	829	911	791	837	810
74121	0	1	1	1	1	1
105245338	0	0	0	0	0	0
208727	465	556	518	441	444	412
23945	25	14	22	32	33	31
71599	165	152	125	144	156	170
18231	0	0	0	0	0	0
56460	20	29	41	17	15	8
23955	236	213	243	195	228	232
17951	916	881	853	856	873	987
16161	35	30	22	20	18	18
666806	0	0	0	0	0	0
67471	307	290	317	270	288	264
170813	10	0	1	1	0	0
504193	101	95	90	92	58	64
103406	12	15	13	13	14	10
83814	768	875	842	724	781	705
58238	0	0	0	0	0	0
14042	314	348	350	351	362	391
12448	502	752	466	296	343	335
217356	330	411	423	276	277	255
108723	148	76	142	100	63	96
11924	0	0	0	0	0	0
56753	2	0	1	2	2	0
217935	195	230	203	182	189	198
17847	1480	1570	1463	1325	1425	1493
68794	17	15	24	16	12	15
108811	62	90	68	38	38	48
100043468	238	222	220	164	186	206
74559	45	60	51	38	56	48
78428	427	412	395	345	349	353
13168	0	1	0	1	1	1
234878	0	0	0	0	0	0
30948	2946	3228	3316	2648	2635	2465
214547	0	1	0	0	1	0
20055	7797	8035	9074	9053	8483	7474
21928	5935	4133	5739	10425	10254	10589
12581	747	932	847	676	628	590
67266	869	860	802	680	675	732
242509	1	0	0	2	4	0
330440	0	0	0	0	0	0
26396	1435	1587	1781	1726	1583	1405
70426	0	0	0	0	1	0
66477	907	916	809	817	859	797
71932	0	0	0	0	2	0
195727	0	0	0	1	0	0
18049	0	0	0	0	0	1
68449	2228	2600	2693	2221	2145	2081
109136	155	167	139	175	192	188
101055671	0	0	0	0	0	0
64602	1652	1599	1341	1244	1375	1337
71885	279	291	351	285	258	271
101592	404	399	378	366	402	354
20090	6566	6377	5553	5565	6417	5819
52348	771	769	615	634	696	668
56312	139	173	147	142	140	138
236899	172	195	167	111	109	106
108167871	38	13	79	17	12	22
75404	0	0	1	0	0	0
215085	0	0	0	0	0	0
240444	6	4	2	6	4	1
238161	11	15	9	6	7	7
22691	57	51	50	67	62	58
16068	161	88	150	491	542	534
53627	43	48	60	51	70	63
338371	175	185	176	206	184	204
227753	14730	17555	17459	14391	13276	12569
100303732	0	0	0	0	0	0
73723	8309	8435	9754	8041	7428	6828
109711	2424	2937	2834	3042	3042	3040
77034	1701	1848	2009	1809	1716	1633
14683	11943	11522	13097	14913	13923	13735
12361	434	550	512	422	480	457
70598	2	7	6	0	2	1
237436	1207	1176	1112	1272	1265	1290
229603	593	633	596	536	551	533
17180	2	1	2	3	2	1
67017	322	304	325	333	377	380
77609	2	4	3	1	5	4
15239	1310	1394	1644	1427	1286	1245
50493	3802	4658	4309	4482	4444	4618
68274	0	0	0	0	0	0
52662	271	243	261	250	270	236
66065	18	13	19	17	8	16
21778	66	88	72	46	57	41
73739	212	234	246	205	191	182
77827	92	84	93	88	83	80
21817	2896	3439	3257	3102	3422	2876
66443	136	131	151	113	109	82
100534296	1	2	0	0	0	1
233189	198	189	189	178	185	177
269800	1329	1461	1374	1328	1197	1140
544717	68	68	60	67	67	83
239853	5	1	3	3	0	1
170745	0	0	0	0	0	0
66706	232	273	276	255	301	286
67976	1078	1128	1188	1114	1086	1032
66506	221	251	243	187	199	260
11409	687	756	882	867	827	793
630537	0	0	0	0	0	0
71740	545	444	572	381	338	358
57785	48	75	59	62	79	50
67856	27	40	31	40	44	42
12652	1	0	0	0	0	0
245263	0	0	0	0	0	0
100705	21	11	20	15	19	9
50709	1	2	1	0	0	1
207259	0	1	0	0	0	0
21949	189	189	141	60	92	74
14070	118	100	138	128	138	97
330863	0	0	0	0	0	0
57260	2	0	0	3	0	0
16491	22	20	18	16	15	15
268354	0	0	0	1	0	0
320360	1	4	5	2	4	1
170756	1693	1678	1702	2172	2156	2219
14734	1	0	0	1	0	0
332937	0	0	0	0	0	1
268564	528	513	499	463	468	513
229782	1186	1096	948	868	991	965
223732	51	43	55	62	65	65
67087	517	574	571	521	492	473
73804	717	1173	900	595	564	513
225600	0	0	1	1	0	0
234155	0	1	1	0	1	0
80913	3545	3398	3274	2899	2971	3097
259051	0	1	0	1	1	0
246316	0	0	0	0	0	0
17257	947	806	839	857	841	848
71804	362	552	375	324	304	268
171395	0	0	0	0	0	0
14619	0	0	0	0	0	0
219140	476	416	445	275	291	323
21429	1632	1830	1867	1776	1706	1738
11632	1524	1640	1760	1759	1704	1549
666257	0	0	0	0	0	0
20602	2102	2782	2749	2442	2160	2281
16785	23625	22193	23482	23511	23107	22510
64381	1	0	2	1	0	0
241159	0	0	0	0	1	0
71910	271	346	292	287	272	289
58864	0	0	0	0	0	0
56298	592	690	605	580	630	614
14347	218	197	226	135	123	138
56644	2302	1214	1786	2689	2929	3340
319166	4	12	13	4	4	8
68802	0	1	1	0	0	0
18477	46187	40302	41454	40663	43719	47357
68920	84	96	118	108	110	84
67106	443	481	444	353	437	446
319195	13871	12123	13232	12721	12276	13015
15207	1	0	0	0	0	0
108168963	0	1	0	0	0	0
65116	252	249	269	261	260	233
547154	0	0	0	0	0	0
83704	718	731	839	812	767	744
319748	422	396	502	453	395	393
102640710	0	0	1	0	0	0
216835	0	0	0	0	0	0
14004	3141	3295	3386	3651	3353	3348
436100	3	4	2	3	2	3
59125	2559	2507	2382	2228	2314	2298
279706	0	0	0	0	0	1
214580	151	148	146	117	148	144
226751	160	189	148	166	161	165
28169	1469	1545	1681	1720	1807	1797
56085	2330	2665	2421	2347	2370	2449
101187	435	416	429	360	400	381
17152	41	46	48	31	39	27
69257	1408	1358	1308	1204	1174	1206
209176	0	0	2	0	1	0
20974	12	6	7	8	9	1
21838	2	3	2	2	0	2
12145	0	2	0	1	0	0
629079	0	0	0	0	0	0
66398	224	270	262	302	263	219
71177	394	378	405	353	361	339
70381	2307	2002	2385	3016	2719	2572
75956	7493	7829	8177	8131	7616	8104
52231	448	406	438	381	452	447
18703	0	0	0	0	0	0
67199	574	712	565	487	595	487
66884	307	329	333	331	321	321
68332	112	136	156	177	147	134
76184	43	22	30	24	27	16
382562	0	3	0	0	0	0
12502	0	0	0	1	1	0
115487111	55	68	28	66	48	83
320609	5	3	4	2	4	5
18750	33	32	35	31	29	34
14936	593	812	687	635	642	588
332359	19	19	17	7	13	12
68193	6805	6067	6568	6133	6134	6534
15974	0	0	0	0	0	0
56720	0	0	0	0	0	0
330230	0	1	1	1	0	0
12627	0	0	0	0	0	0
216395	425	417	401	385	386	381
22027	15178	18136	14902	14537	15880	15823
231633	175	243	222	148	123	108
20728	58	31	50	44	48	44
68671	953	819	920	1341	1159	1140
17355	1821	1732	1729	1799	1651	1763
216445	2088	1736	2054	2443	2343	2490
19820	1611	1582	1408	1281	1369	1336
71607	1135	1092	1180	1155	1104	1059
231670	775	815	854	769	722	728
102920	432	581	420	336	347	327
235086	0	0	0	0	0	0
78506	76	49	51	44	49	50
81701	18	25	28	23	26	27
69784	0	0	0	0	0	2
75258	0	0	0	0	0	0
13929	525	545	590	559	567	554
16882	445	572	506	498	496	469
665574	77	65	85	95	68	77
384569	1	2	3	3	4	3
620695	2	2	2	2	1	4
30059	122	213	182	183	177	192
18408	220	269	254	206	233	215
27062	19	29	16	12	16	22
230971	0	0	2	1	1	0
16993	1562	1569	1623	1398	1427	1397
70948	0	0	0	0	0	0
22032	8	8	10	13	7	11
68226	23	33	20	25	22	30
330460	74	70	76	103	84	112
21682	1287	1478	1424	1195	1289	1258
12393	216	226	196	146	142	124
109332	6	1	7	2	8	4
101488212	482	332	477	803	647	766
14166	305	181	256	200	187	187
140559	1602	1770	1925	2020	1970	1807
100383	723	653	785	725	664	698
78751	133	104	91	92	112	111
109857	292	312	342	295	320	277
22173	0	0	0	0	0	1
22419	0	0	0	0	0	0
380752	404	418	409	424	366	407
381404	4	11	14	7	5	13
66433	226	213	246	215	185	215
71745	814	860	751	697	824	727
71951	47	51	46	30	42	51
72183	1613	1660	1532	1347	1307	1379
216148	33	22	35	43	36	37
14797	5775	7066	7260	6700	6248	5621
68817	812	1012	1097	1149	899	1050
108121	1028	1319	1109	1039	1096	1043
19012	21	17	37	21	21	24
269774	1134	1317	1266	1155	1175	1152
18114	2810	2829	2960	3037	2854	2887
29877	14	4	3	3	7	12
14824	51017	50989	56640	51575	48075	46759
18950	6378	6727	6507	5434	5041	5035
69736	227	301	261	167	208	174
20813	1601	1598	1792	1661	1613	1580
20280	4224	3947	3881	3583	3594	3573
232341	8087	8237	7668	6938	7406	7519
67563	607	590	672	559	622	545
192199	0	4	0	0	0	0
58178	0	0	0	0	0	0
20288	10388	12452	10042	10242	11775	11056
17067	5	0	6	2	0	2
19042	1294	1372	1416	1383	1376	1354
17060	1615	1457	1722	1643	1676	1645
59045	1379	1153	1425	1484	1296	1246
67067	408	491	469	412	451	407
22361	0	0	0	0	0	0
71690	0	0	0	0	0	0
66897	247	266	211	206	192	215
93736	1906	1792	1835	1754	1823	1859
18655	13794	21498	17314	17145	18349	17138
66998	815	953	878	801	836	771
68524	702	645	654	658	668	604
118567814	8	6	10	8	2	2
232987	259	285	305	213	209	232
333473	0	0	0	0	0	0
67945	9906	9000	9891	9702	9551	8490
115488157	0	0	0	0	0	1
629016	239	187	145	128	157	165
69142	0	0	0	0	0	0
59016	538	540	646	561	549	535
20597	840	838	921	849	850	771
56505	469	658	495	503	541	584
99011	390	488	495	430	413	414
18972	388	575	475	510	440	360
319801	263	319	271	353	342	338
14586	1	0	5	2	3	6
68738	594	615	619	532	564	488
93840	39	31	40	27	28	32
100043133	97	130	106	98	106	116
12189	532	761	641	430	456	460
75480	19	13	18	26	25	17
20650	318	417	312	347	398	376
16004	4616	5549	5131	5785	5770	5573
52837	1385	1542	1251	1252	1393	1331
330428	0	0	0	0	0	0
76781	400	375	323	292	331	332
243961	4	0	0	3	0	0
21926	517	522	507	477	438	501
70979	0	0	0	0	0	0
56745	0	1	3	3	2	3
13524	0	0	0	0	0	0
66632	213	271	218	222	212	231
94275	1618	1918	1900	1809	1737	1763
16337	1009	822	827	747	825	821
16706	148	150	160	148	143	121
67031	486	514	486	418	401	448
71699	403	467	493	507	460	424
16549	1909	2259	2197	1832	1747	1778
73379	100	138	132	190	185	194
66256	1567	1921	1827	1690	1665	1604
67894	1024	1047	891	800	860	878
73668	217	243	210	217	224	215
97112	497	535	478	455	497	517
22722	268	308	327	337	271	272
230793	184	171	216	205	174	152
218581	162	242	199	128	138	127
16950	495	321	438	411	441	435
107071	282	379	355	372	371	330
16798	880	800	769	823	790	809
100900	245	197	258	253	249	269
56327	423	465	491	483	519	470
70835	0	1	1	0	1	0
56622	1	1	0	1	3	0
668501	5	3	1	1	2	1
78926	811	853	979	850	779	719
72881	374	423	445	454	449	409
170763	283	231	251	236	228	253
104458	1654	1918	1597	1756	1877	1888
18601	11	8	9	4	8	2
116849	0	0	0	0	0	0
22114	3	1	0	0	0	0
66569	817	580	723	579	722	825
81905	3	11	11	8	10	3
16621	0	0	2	1	2	2
66409	1352	1502	1234	1125	1358	1299
74268	94	146	124	125	139	124
14764	0	0	0	0	1	0
218203	966	807	932	3339	3467	3318
231876	187	213	203	171	189	170
18452	200	504	318	354	444	332
14012	0	0	0	0	0	0
100045778	2	3	3	1	2	5
237038	7	2	2	3	3	6
12801	0	0	1	0	0	0
320226	47	34	43	49	41	51
14809	37	27	24	32	33	23
11497	2	8	4	2	1	0
12495	3863	3212	3591	3334	3598	3518
56629	0	0	0	0	0	0
208366	76	121	74	64	82	85
73720	0	3	0	2	1	1
320587	0	0	1	0	0	0
103266	134	171	133	124	129	112
231549	1161	1360	1380	1293	1358	1279
74729	91	80	68	63	81	58
24105	945	1098	1172	1208	1067	1018
74187	320	396	403	351	354	322
258877	0	0	0	0	0	0
353170	193	181	157	145	173	158
71198	377	293	359	364	348	333
230936	406	465	423	372	424	393
219105	690	651	611	571	588	665
434782	0	2	0	0	0	0
14283	5	10	8	5	6	8
224454	1031	1013	1088	1121	1108	1096
64685	283	322	297	246	214	282
59083	0	4	0	1	1	0
102641157	0	0	0	0	0	0
246779	41	24	34	28	45	34
237211	64	136	87	62	69	60
235627	1358	1800	1715	1504	1259	1239
76800	176	221	198	207	234	218
70799	1067	1238	1077	948	959	872
30957	1112	1268	1278	1305	1230	1241
218763	0	0	0	0	0	0
76580	676	606	724	803	738	723
56258	2799	2724	2461	2416	2590	2664
13406	0	0	1	0	0	2
70225	299	304	309	297	288	322
213895	1076	1189	1061	926	1035	985
14038	2	1	1	3	0	6
382236	404	380	326	280	308	314
15985	164	60	122	93	63	88
68032	627	724	695	752	731	746
75273	620	752	812	698	608	615
22717	168	132	138	130	105	152
380709	0	0	0	0	0	0
26968	0	0	1	1	0	2
12866	1746	1785	1517	1596	1483	1223
69537	3364	3182	3436	3310	3203	3318
74032	152	183	170	153	155	164
258508	0	0	0	1	0	0
22088	1213	1286	1185	1187	1259	1218
118567631	3	0	5	4	5	4
17172	0	0	0	0	0	0
72129	594	550	525	519	620	614
21681	638	964	864	709	656	559
67073	504	510	462	408	428	463
80517	1120	1067	1101	1067	1112	1032
17216	1073	1858	1510	1357	1273	1179
330836	350	463	390	396	393	372
26431	1621	1723	1757	1486	1416	1430
20336	1540	1522	1529	1396	1424	1436
73610	112	47	78	70	76	38
269209	43	41	48	52	41	37
20648	240	259	286	265	284	291
75368	0	0	0	0	0	0
118568650	0	0	0	0	0	0
14957	3	2	7	2	5	4
381379	414	469	435	411	447	377
16924	4	12	6	10	9	9
50817	391	412	465	493	430	425
22793	1832	2205	2303	2146	1919	1903
102595	8186	6924	8261	10574	9492	9556
107650	1008	1089	1119	1002	1003	999
17534	5	1	3	4	2	6
66966	212	221	200	173	194	205
69674	665	572	660	575	590	641
16800	3303	3207	3444	3280	3153	3086
13429	4	8	9	4	1	7
22758	135	129	124	120	127	141
94221	715	762	725	680	689	680
114662	0	0	0	0	0	0
74563	0	0	0	0	0	0
67592	0	0	0	0	0	0
100041585	4	0	4	4	4	4
114714	84	111	107	80	78	66
22306	0	1	0	0	0	0
78806	1	2	1	4	2	0
628147	168	155	115	89	98	106
28081	815	842	935	868	875	770
71752	1425	1676	1524	1413	1362	1369
234967	1322	1291	1303	1318	1300	1359
384244	0	0	0	0	0	0
76573	1	0	1	1	2	1
71336	111	108	150	126	139	112
74761	17	9	20	19	12	16
73495	0	0	0	0	1	0
223780	0	1	0	0	1	0
83691	0	0	0	0	0	0
140781	1	0	0	0	0	0
545812	114	90	76	152	162	166
100683	1601	1682	1890	1776	1599	1697
234515	266	318	243	125	152	160
77480	2856	2702	2762	2684	2697	2809
72269	0	1	1	0	3	0
13063	1846	2246	1831	1923	2096	1972
118568792	315	469	348	269	244	223
11306	1216	1077	909	813	891	872
11477	407	462	427	445	455	427
78943	1300	1298	1321	1487	1543	1482
14788	500	186	428	952	827	912
102634078	56	44	42	40	60	45
27356	150	128	127	123	139	118
14299	105	184	158	141	149	136
245527	8	1	6	5	0	5
105245043	1	1	0	1	0	1
21345	7	1	3	4	7	4
380912	999	1003	1164	857	802	768
66514	228	287	202	212	203	183
24083	695	592	688	714	712	689
50768	1	1	3	5	2	3
67356	0	0	0	0	0	0
17749	494	483	367	351	417	388
17997	638	705	613	513	562	552
14466	3080	3641	3547	3371	3464	3140
11491	5104	4652	4825	3578	3759	4041
94044	822	895	840	823	852	829
24088	2250	1553	2132	1587	1660	1834
105349	0	0	1	2	2	0
100043899	0	0	0	0	0	0
18164	261	446	302	101	101	116
225929	986	1106	1056	1000	967	1017
11416	750	740	728	776	791	778
170644	1601	1507	1527	1332	1470	1406
11604	0	1	0	0	0	0
67203	1435	1717	1509	1257	1316	1214
70617	583	460	466	483	480	475
11944	0	1	2	1	0	0
107986	156	119	145	144	107	127
115489469	0	0	1	0	0	0
20931	231	209	224	234	259	254
212503	669	737	775	632	703	582
12840	0	0	0	0	0	0
76373	34	28	27	27	34	45
69109	318	306	323	292	307	325
100019	496	560	543	575	600	583
19246	2895	2796	3161	3285	3024	3093
100532	1305	1268	1200	1316	1385	1303
23965	0	4	1	3	1	2
17393	0	0	0	0	0	0
17207	140	109	140	116	129	140
19212	218	285	209	223	231	220
69147	1	0	2	0	0	0
20612	6722	5314	7126	5184	4226	4272
12475	7943	5700	7528	8488	7317	8027
78244	299	373	347	265	376	336
319974	0	2	1	0	1	1
22123	1529	1941	1908	1847	1771	1553
626870	3	3	3	5	9	10
18071	0	0	0	0	0	0
18585	1	0	0	0	0	0
56284	587	621	622	528	574	609
64209	982	882	1062	1005	936	973
106073	1185	1338	1539	1352	1326	1185
69601	131	200	167	174	183	161
228866	746	935	942	800	795	687
218214	314	307	261	292	281	323
20342	32	34	41	23	32	24
629242	523	517	510	378	356	425
329650	49	29	39	21	45	33
114143	4481	4583	5405	5597	5431	5233
640543	1	1	0	1	0	0
72605	0	0	0	0	0	0
66192	421	456	474	511	431	407
66294	477	492	502	510	557	488
333193	114	113	127	113	94	103
12876	42	30	37	35	26	21
56278	319	336	314	251	297	302
13867	126	139	137	100	115	109
330173	289	280	305	256	260	233
55978	329	381	377	368	397	354
217011	88	137	118	153	154	134
329941	0	0	0	0	0	0
75863	0	0	0	0	0	0
381836	13	11	9	14	11	11
72465	505	507	452	466	554	514
68550	110	132	127	114	145	128
30791	3173	2953	3231	3198	3054	3010
18679	208	298	211	213	228	217
170938	412	358	323	319	334	326
77583	1	0	0	2	0	0
232288	3171	3093	3284	3725	3633	3754
105428	318	368	388	361	323	337
100037258	1954	1993	1866	2094	2224	2238
67430	9	14	18	9	12	10
11448	1	0	0	0	0	1
78656	1138	1202	1126	939	891	947
73844	0	0	0	0	0	0
544817	776	1023	1002	665	687	733
28030	794	1030	835	857	958	869
74351	1562	1848	1794	1664	1627	1643
20301	17	10	17	17	9	16
16411	1765	903	1615	1906	1840	2200
20775	2392	2577	2498	2642	2793	2624
101055939	0	1	0	0	0	0
16174	115	111	95	54	38	43
108168387	2	2	1	2	0	0
73422	52	32	43	32	31	31
76892	1004	902	870	862	839	968
11702	1632	1938	1719	1690	1680	1718
14545	0	1	0	1	3	0
70603	41	82	59	53	47	41
19220	0	0	0	0	0	0
22598	0	0	0	0	0	0
17167	372	652	418	679	830	848
207798	8	12	5	6	6	8
14362	60	25	68	62	49	49
69934	138	148	129	122	135	124
237336	728	803	683	590	694	669
55982	587	741	694	600	586	565
115490335	0	0	0	1	0	0
380686	164	131	137	183	151	182
22632	2012	1968	1934	1708	1734	1752
17771	12	14	10	9	6	9
11474	0	1	1	1	1	0
16644	0	0	0	0	0	0
20500	14	8	19	27	13	18
319880	480	316	418	533	462	477
69398	9	11	6	1	6	6
434246	0	0	0	1	1	0
331623	103	108	107	129	131	137
72556	40	49	42	24	35	33
109168	2733	2599	2407	2343	2482	2563
118567495	0	0	1	0	0	0
223752	255	259	302	228	184	179
13984	0	0	0	0	0	0
226844	1504	1450	1336	1514	1609	1518
243302	38	21	13	14	26	25
71801	1191	1077	1041	1153	1114	1195
319945	346	353	384	355	346	338
619301	6	7	2	1	6	5
227697	330	330	361	367	355	351
69665	0	0	0	0	0	0
24136	6948	5986	6094	5918	6044	6280
27375	192	211	213	192	169	155
237759	9	9	8	15	12	8
235134	523	552	548	560	499	544
54391	1059	1221	1030	988	1112	1034
20544	987	1098	1213	1061	959	1016
17470	114	70	83	119	146	144
83429	963	919	987	934	920	892
73473	798	853	801	702	730	778
244650	197	217	212	218	207	193
16521	4	0	1	0	0	1
668620	1	1	0	3	2	0
56382	925	718	766	797	873	782
68865	136	167	172	133	147	139
320404	2149	1779	2022	2080	1926	1902
56452	307	484	396	252	303	302
56715	532	539	574	542	548	577
22287	1	1	0	0	0	0
320207	3410	3222	3439	3807	3126	3414
18791	1	2	3	4	1	3
238896	0	0	0	0	0	0
12044	8	1	2	6	5	3
69608	1284	1496	1425	1409	1356	1212
67939	324	272	281	290	303	284
108086	946	971	1019	940	892	914
72778	0	1	1	1	1	0
68653	1870	2131	2111	1854	1939	1706
66531	219	272	232	216	197	171
240638	6	1	0	2	2	2
66387	75	72	95	99	100	90
20185	2669	2690	2714	2621	2604	2695
15186	9	6	3	4	2	4
76856	1	1	1	1	2	1
13648	1	1	0	0	0	0
70686	258	325	268	248	301	250
213484	354	368	408	390	430	319
15223	0	1	3	1	0	1
76338	308	250	292	300	312	311
378466	117	127	81	59	73	56
244484	0	0	0	0	0	0
66164	366	485	422	395	461	442
230582	126	151	121	128	141	126
110084	0	0	3	0	0	0
26414	0	0	0	0	0	0
20649	38	50	42	58	59	49
67320	0	0	0	0	0	1
12822	2668	3196	3145	2274	2230	1996
66172	394	441	486	397	385	338
108167910	0	0	1	0	0	0
52036	1975	2075	2038	1866	1887	1907
75467	0	0	0	0	0	0
27273	3	0	0	1	1	1
14082	311	334	307	327	323	313
68897	346	365	415	374	370	349
210973	1008	932	943	877	889	932
72479	404	391	388	361	387	394
18010	2045	2208	2362	2344	2282	2172
331474	591	430	531	716	719	824
27276	0	0	0	0	0	0
67414	779	802	820	692	709	728
74626	49	18	29	49	36	35
54721	1694	1562	1844	1756	1620	1581
22330	1104	1410	1307	1148	1234	1145
70435	1723	2243	2186	1807	1717	1641
231470	0	0	0	0	0	0
109674	752	897	908	833	846	788
17339	0	0	0	0	0	0
233878	52	70	87	91	101	85
97761	151	150	199	186	203	184
19125	73	100	86	123	110	127
13393	0	0	0	0	0	0
192289	445	410	410	375	441	396
15364	662	927	696	727	875	771
12632	401	380	331	354	390	359
106369	10	12	11	7	13	7
56207	657	862	666	539	607	648
16596	3	1	0	0	2	3
12091	3382	3279	3521	3650	3467	3405
13663	1365	1397	1422	1266	1332	1354
17283	741	758	942	886	787	772
100042450	0	0	0	0	0	0
217232	1230	1419	1159	955	1009	1063
54124	760	1179	924	596	647	563
71901	1090	1101	1196	1458	1369	1328
11774	2439	2514	2519	2313	2412	2307
16500	21	34	24	11	17	11
16184	0	3	0	0	1	1
18029	1578	2031	2030	1816	1845	1656
27967	1284	1489	1534	1449	1226	1293
114671	0	0	0	1	0	0
235611	1	0	1	2	1	0
226976	918	978	1027	1001	961	952
235606	1032	921	1036	1023	944	943
16573	2805	3085	2546	2278	2555	2373
56348	3452	3856	3296	3976	4241	4287
54397	1279	1470	1506	1786	1738	1659
12417	2065	2325	1962	1540	1643	1558
672511	7686	6235	7260	6886	6085	6678
100862398	0	0	0	0	0	0
74665	6	4	4	0	6	4
76080	666	646	640	671	700	708
70110	518	600	596	558	554	515
238871	40	40	37	19	31	27
67726	728	724	699	682	726	687
22385	2626	3264	2986	2516	2509	2451
215493	3	1	1	0	3	1
55934	518	505	554	451	448	482
380863	464	445	439	474	472	520
24058	127	125	124	80	77	51
56196	336	417	327	289	292	297
67427	5868	5799	6858	6341	6388	5111
67676	175	175	192	165	171	196
67554	322	386	348	431	370	362
100042894	0	0	0	0	0	0
19746	2	2	4	5	4	3
11792	638	792	706	788	771	781
29870	385	691	511	370	403	278
238663	0	0	0	0	0	0
320554	561	574	581	622	650	597
215194	662	805	740	648	695	559
21387	0	0	0	0	0	0
72085	67	87	73	82	78	80
13586	1	0	2	1	0	0
381903	510	711	581	550	598	507
27371	0	0	1	1	1	0
381884	0	0	0	0	0	0
319188	0	2	0	0	2	1
105244829	0	0	0	41	0	22
218914	1943	1902	1740	1520	1769	1666
29864	931	852	849	870	921	952
94088	80	80	77	69	62	68
269902	1	2	2	0	3	1
381716	0	0	0	0	0	0
14710	914	820	891	1505	1559	1665
227095	317	319	289	281	311	302
12848	2514	2348	2178	1762	1952	1869
73016	0	0	1	0	0	0
13516	0	0	0	0	0	0
107513	4230	4676	4152	3671	4170	4025
80884	326	305	354	310	288	329
18378	1	4	1	0	1	0
231147	764	694	824	827	724	701
218629	351	438	420	422	445	429
66923	1361	1483	1211	1077	1123	1123
56364	636	584	654	597	600	642
68185	279	260	281	276	263	258
209462	294	282	267	192	204	189
76498	413	424	454	436	393	394
67444	576	607	599	523	493	523
72113	286	360	351	378	360	314
118568473	0	0	0	0	0	0
19076	528	643	526	434	457	436
72108	795	810	703	680	690	738
74369	0	0	0	0	0	0
545725	66	51	71	50	72	58
70238	547	659	627	469	508	449
320234	247	272	261	193	202	184
16196	5	3	6	5	2	3
233210	645	687	773	697	633	591
116891	1364	1354	1397	1299	1315	1292
15982	696	881	785	828	945	913
12960	4	1	0	2	1	1
98402	186	185	225	181	180	169
66011	0	3	2	2	1	0
19336	777	814	839	829	764	723
228359	1775	1966	1999	1913	1757	1639
105244158	1	0	0	0	0	0
15394	67	65	70	63	57	59
66139	0	0	0	0	0	0
